NETWORK DATA - Epoca 100

Pat:	Entrada1   	Entrada2   	Entrada3   	Entrada4   	Entrada5   	Entrada6   	Entrada7   	Entrada8   	Entrada9   	Entrada10  	Entrada11  	Entrada12  	Entrada13  	Entrada14  	Entrada15  	Entrada16  	Entrada17  	Entrada18  	Entrada19  	Entrada20  	Entrada21  	Entrada22  	Alvo1   	Saida1   	
1	0.022547	0.026444	0.022547	0.025514	0.025514	0.025514	0.025514	0.025514	0.025514	0.025514	0.025514	0.025514	0.025514	0.025514	0.025514	0.025514	0.025514	0.025514	0.025514	0.025514	0.025514	0.025514	1.000000	0.571804	
2	0.025119	0.030261	0.024130	0.030261	0.027097	0.026377	0.026108	0.025966	0.025879	0.025820	0.025778	0.025746	0.025721	0.025700	0.025684	0.025670	0.025658	0.025648	0.025639	0.025631	0.025625	0.025619	1.000000	0.688249	
3	0.030320	0.031151	0.030004	0.030657	0.028283	0.027155	0.026676	0.026413	0.026247	0.026132	0.026049	0.025985	0.025935	0.025895	0.025861	0.025833	0.025810	0.025789	0.025771	0.025756	0.025742	0.025729	1.000000	0.713558	
4	0.030854	0.033030	0.029470	0.030854	0.029140	0.027828	0.027199	0.026836	0.026601	0.026437	0.026316	0.026223	0.026149	0.026089	0.026040	0.025998	0.025962	0.025932	0.025905	0.025881	0.025861	0.025842	1.000000	0.651164	
5	0.030854	0.031448	0.029074	0.029648	0.029310	0.028159	0.027505	0.027104	0.026836	0.026644	0.026501	0.026390	0.026301	0.026229	0.026169	0.026118	0.026074	0.026036	0.026003	0.025974	0.025949	0.025926	1.000000	0.630936	
6	0.030854	0.032239	0.030063	0.031705	0.030108	0.028804	0.028030	0.027542	0.027210	0.026971	0.026790	0.026649	0.026536	0.026444	0.026366	0.026301	0.026245	0.026196	0.026153	0.026116	0.026082	0.026053	1.000000	0.610300	
7	0.031448	0.032239	0.030063	0.031250	0.030489	0.029248	0.028432	0.027895	0.027521	0.027247	0.027038	0.026874	0.026741	0.026632	0.026541	0.026463	0.026396	0.026338	0.026288	0.026243	0.026203	0.026167	1.000000	0.653070	
8	0.031052	0.033010	0.030854	0.032437	0.031138	0.029828	0.028933	0.028328	0.027899	0.027582	0.027338	0.027145	0.026989	0.026860	0.026751	0.026659	0.026579	0.026510	0.026449	0.026396	0.026348	0.026305	1.000000	0.641996	
9	0.032931	0.034415	0.032634	0.033030	0.031769	0.030410	0.029445	0.028776	0.028294	0.027933	0.027654	0.027432	0.027251	0.027102	0.026976	0.026868	0.026775	0.026694	0.026623	0.026559	0.026503	0.026452	1.000000	0.773731	
10	0.033821	0.034217	0.032832	0.033426	0.032321	0.030959	0.029943	0.029218	0.028689	0.028288	0.027975	0.027724	0.027520	0.027350	0.027206	0.027083	0.026976	0.026884	0.026802	0.026729	0.026664	0.026606	1.000000	0.653265	
11	0.033426	0.036392	0.033426	0.035661	0.033434	0.031813	0.030657	0.029832	0.029225	0.028763	0.028402	0.028112	0.027874	0.027676	0.027508	0.027364	0.027240	0.027131	0.027035	0.026950	0.026873	0.026805	1.000000	0.705266	
12	0.036689	0.040348	0.036630	0.037579	0.034816	0.032862	0.031523	0.030570	0.029867	0.029332	0.028912	0.028573	0.028296	0.028064	0.027868	0.027699	0.027553	0.027425	0.027312	0.027212	0.027122	0.027042	0.000000	0.631659	
13	0.037480	0.039557	0.036788	0.039260	0.036297	0.034025	0.032490	0.031397	0.030590	0.029973	0.029487	0.029095	0.028773	0.028503	0.028274	0.028078	0.027908	0.027758	0.027627	0.027509	0.027405	0.027310	0.000000	0.647771	
14	0.039755	0.041713	0.035997	0.041278	0.037957	0.035344	0.033588	0.032338	0.031412	0.030702	0.030142	0.029689	0.029316	0.029004	0.028739	0.028511	0.028313	0.028139	0.027986	0.027849	0.027727	0.027617	0.000000	0.707725	
15	0.040744	0.041139	0.039557	0.039953	0.038622	0.036182	0.034384	0.033064	0.032069	0.031299	0.030687	0.030190	0.029779	0.029433	0.029139	0.028886	0.028666	0.028472	0.028301	0.028148	0.028011	0.027888	0.000000	0.627984	
16	0.040546	0.043117	0.040348	0.042326	0.039857	0.037299	0.035377	0.033946	0.032858	0.032010	0.031333	0.030782	0.030324	0.029939	0.029610	0.029327	0.029080	0.028862	0.028670	0.028498	0.028344	0.028205	0.000000	0.696162	
17	0.042346	0.043315	0.040744	0.040941	0.040218	0.037961	0.036072	0.034612	0.033480	0.032586	0.031867	0.031277	0.030786	0.030370	0.030015	0.029707	0.029439	0.029203	0.028993	0.028806	0.028637	0.028485	0.000000	0.647652	
18	0.040744	0.040744	0.038172	0.039458	0.039965	0.038233	0.036495	0.035073	0.033940	0.033030	0.032289	0.031676	0.031163	0.030727	0.030352	0.030027	0.029743	0.029491	0.029268	0.029069	0.028889	0.028727	0.000000	0.754429	
19	0.041733	0.041733	0.037975	0.039557	0.039829	0.038474	0.036878	0.035500	0.034372	0.033451	0.032693	0.032061	0.031528	0.031073	0.030681	0.030340	0.030040	0.029775	0.029539	0.029328	0.029137	0.028965	0.000000	0.675594	
20	0.039557	0.040546	0.038746	0.039656	0.039771	0.038689	0.037225	0.035896	0.034778	0.033851	0.033079	0.032431	0.031881	0.031410	0.031001	0.030645	0.030331	0.030053	0.029805	0.029583	0.029382	0.029200	0.000000	0.779123	
21	0.039656	0.041515	0.039161	0.039775	0.039772	0.038886	0.037544	0.036266	0.035163	0.034233	0.033451	0.032789	0.032224	0.031738	0.031315	0.030944	0.030618	0.030327	0.030068	0.029834	0.029623	0.029432	0.000000	0.737998	
22	0.039755	0.040348	0.037579	0.038370	0.039305	0.038792	0.037647	0.036466	0.035409	0.034500	0.033725	0.033062	0.032492	0.031998	0.031567	0.031188	0.030852	0.030554	0.030286	0.030045	0.029827	0.029628	0.000000	0.731786	
23	0.037381	0.039458	0.037381	0.038370	0.038993	0.038716	0.037738	0.036647	0.035637	0.034750	0.033983	0.033321	0.032747	0.032248	0.031810	0.031423	0.031080	0.030774	0.030499	0.030251	0.030025	0.029821	0.000000	0.749648	
24	0.038370	0.038766	0.037381	0.037975	0.038654	0.038581	0.037767	0.036774	0.035817	0.034958	0.034205	0.033548	0.032974	0.032472	0.032030	0.031638	0.031289	0.030977	0.030696	0.030441	0.030210	0.030000	0.000000	0.699233	
25	0.039359	0.040744	0.037975	0.039181	0.038830	0.038690	0.037944	0.037003	0.036076	0.035230	0.034481	0.033822	0.033244	0.032735	0.032285	0.031885	0.031528	0.031208	0.030919	0.030657	0.030419	0.030202	0.000000	0.720493	
26	0.039062	0.039755	0.036788	0.038983	0.038881	0.038743	0.038074	0.037192	0.036299	0.035473	0.034731	0.034074	0.033494	0.032980	0.032525	0.032118	0.031754	0.031427	0.031131	0.030863	0.030618	0.030395	0.000000	0.699101	
27	0.040546	0.042326	0.039755	0.042148	0.039970	0.039362	0.038583	0.037664	0.036749	0.035903	0.035143	0.034468	0.033870	0.033340	0.032868	0.032447	0.032069	0.031729	0.031421	0.031141	0.030886	0.030653	0.000000	0.533204	
28	0.042148	0.043216	0.041337	0.042741	0.040894	0.039977	0.039103	0.038147	0.037210	0.036344	0.035565	0.034872	0.034256	0.033709	0.033221	0.032785	0.032393	0.032039	0.031719	0.031428	0.031162	0.030919	0.000000	0.756505	
29	0.042722	0.044106	0.041733	0.042168	0.041318	0.040375	0.039486	0.038530	0.037592	0.036720	0.035932	0.035228	0.034600	0.034040	0.033540	0.033092	0.032689	0.032324	0.031994	0.031693	0.031418	0.031166	0.000000	0.654067	
30	0.042227	0.044699	0.041733	0.044699	0.042445	0.041161	0.040138	0.039118	0.038138	0.037235	0.036419	0.035690	0.035039	0.034458	0.033939	0.033473	0.033053	0.032673	0.032328	0.032014	0.031727	0.031463	0.000000	0.687995	
31	0.043908	0.047271	0.043513	0.047093	0.043994	0.042240	0.041007	0.039877	0.038827	0.037871	0.037012	0.036246	0.035563	0.034954	0.034409	0.033919	0.033478	0.033079	0.032717	0.032386	0.032084	0.031807	0.000000	0.644425	
32	0.044699	0.048240	0.044699	0.046499	0.044829	0.043014	0.041694	0.040508	0.039417	0.038428	0.037539	0.036746	0.036039	0.035407	0.034840	0.034332	0.033873	0.033457	0.033079	0.032735	0.032419	0.032130	0.000000	0.707085	
33	0.046282	0.046875	0.041772	0.043532	0.044397	0.043108	0.041923	0.040796	0.039734	0.038757	0.037872	0.037077	0.036364	0.035725	0.035151	0.034633	0.034166	0.033741	0.033355	0.033001	0.032678	0.032380	0.000000	0.507030	
34	0.043513	0.043908	0.041377	0.041535	0.043443	0.042822	0.041875	0.040866	0.039872	0.038936	0.038076	0.037295	0.036589	0.035953	0.035379	0.034860	0.034389	0.033961	0.033570	0.033212	0.032884	0.032581	0.000000	0.679245	
35	0.042128	0.043315	0.041752	0.043117	0.043334	0.042876	0.042030	0.041081	0.040122	0.039206	0.038356	0.037579	0.036873	0.036234	0.035655	0.035130	0.034653	0.034218	0.033821	0.033457	0.033122	0.032813	0.000000	0.718313	
36	0.044284	0.044502	0.040744	0.042425	0.043031	0.042794	0.042079	0.041209	0.040299	0.039414	0.038582	0.037815	0.037114	0.036477	0.035897	0.035370	0.034889	0.034450	0.034047	0.033678	0.033338	0.033024	0.000000	0.587222	
37	0.042722	0.043117	0.041139	0.042722	0.042928	0.042781	0.042160	0.041353	0.040485	0.039627	0.038812	0.038054	0.037358	0.036722	0.036141	0.035611	0.035126	0.034683	0.034276	0.033901	0.033556	0.033237	0.000000	0.692559	
38	0.042623	0.042919	0.040744	0.042128	0.042661	0.042662	0.042156	0.041427	0.040612	0.039788	0.038996	0.038253	0.037566	0.036934	0.036355	0.035824	0.035338	0.034892	0.034482	0.034105	0.033756	0.033433	0.000000	0.666960	
39	0.046677	0.046677	0.040348	0.040566	0.041963	0.042281	0.041957	0.041345	0.040608	0.039838	0.039083	0.038366	0.037696	0.037076	0.036505	0.035980	0.035497	0.035052	0.034642	0.034264	0.033914	0.033590	0.000000	0.741019	
40	0.040645	0.043117	0.039597	0.042524	0.042150	0.042325	0.042028	0.041457	0.040756	0.040012	0.039274	0.038569	0.037906	0.037290	0.036720	0.036194	0.035710	0.035263	0.034850	0.034468	0.034114	0.033786	0.000000	0.638482	
41	0.042029	0.044699	0.041337	0.043710	0.042670	0.042577	0.042238	0.041672	0.040983	0.040250	0.039521	0.038819	0.038158	0.037542	0.036970	0.036441	0.035952	0.035501	0.035083	0.034696	0.034337	0.034004	0.000000	0.556510	
42	0.043908	0.045392	0.043117	0.044502	0.043281	0.042927	0.042521	0.041941	0.041254	0.040525	0.039798	0.039097	0.038434	0.037814	0.037239	0.036705	0.036211	0.035754	0.035331	0.034938	0.034574	0.034235	0.000000	0.694448	
43	0.044502	0.045886	0.042741	0.044600	0.043721	0.043231	0.042781	0.042194	0.041511	0.040788	0.040064	0.039365	0.038702	0.038081	0.037502	0.036964	0.036465	0.036003	0.035575	0.035177	0.034807	0.034463	0.000000	0.738158	
44	0.045688	0.045886	0.043710	0.045293	0.044245	0.043606	0.043095	0.042489	0.041802	0.041078	0.040355	0.039654	0.038989	0.038363	0.037780	0.037237	0.036733	0.036265	0.035831	0.035427	0.035051	0.034701	0.000000	0.728222	
45	0.045293	0.046282	0.043710	0.045293	0.044594	0.043913	0.043370	0.042756	0.042070	0.041350	0.040629	0.039929	0.039263	0.038635	0.038048	0.037501	0.036992	0.036519	0.036080	0.035670	0.035289	0.034933	0.000000	0.623677	
46	0.045055	0.045293	0.043691	0.044897	0.044695	0.044092	0.043561	0.042960	0.042288	0.041579	0.040866	0.040172	0.039508	0.038881	0.038293	0.037744	0.037232	0.036755	0.036312	0.035898	0.035512	0.035152	0.000000	0.626801	
47	0.039794	0.044897	0.039794	0.039794	0.043061	0.043310	0.043090	0.042659	0.042096	0.041464	0.040807	0.040153	0.039520	0.038917	0.038346	0.037811	0.037310	0.036841	0.036403	0.035994	0.035612	0.035254	0.000000	0.662454	
48	0.040744	0.041535	0.039755	0.040744	0.042289	0.042844	0.042797	0.042476	0.041992	0.041417	0.040803	0.040182	0.039573	0.038988	0.038432	0.037907	0.037414	0.036951	0.036517	0.036112	0.035731	0.035375	0.000000	0.737897	
49	0.040744	0.041535	0.039755	0.040744	0.041774	0.042462	0.042540	0.042311	0.041896	0.041374	0.040800	0.040209	0.039624	0.039057	0.038515	0.038000	0.037514	0.037058	0.036629	0.036226	0.035848	0.035493	0.000000	0.731300	
50	0.031547	0.039755	0.030459	0.031547	0.038365	0.040477	0.041166	0.041286	0.041100	0.040740	0.040286	0.039787	0.039273	0.038763	0.038266	0.037788	0.037334	0.036902	0.036495	0.036110	0.035748	0.035406	0.000000	0.725788	
51	0.030795	0.035206	0.029272	0.032971	0.036567	0.039112	0.040141	0.040494	0.040475	0.040239	0.039879	0.039454	0.038999	0.038535	0.038077	0.037630	0.037201	0.036792	0.036402	0.036033	0.035683	0.035353	0.000000	0.688059	
52	0.034217	0.034395	0.030854	0.033010	0.035381	0.038003	0.039250	0.039781	0.039900	0.039772	0.039498	0.039140	0.038739	0.038319	0.037896	0.037479	0.037074	0.036685	0.036313	0.035958	0.035621	0.035301	0.000000	0.728337	
53	0.033426	0.033821	0.030063	0.030657	0.033806	0.036667	0.038176	0.038912	0.039189	0.039184	0.039007	0.038726	0.038387	0.038018	0.037637	0.037255	0.036880	0.036515	0.036164	0.035827	0.035506	0.035199	0.000000	0.788189	
54	0.030261	0.033821	0.029668	0.032635	0.033416	0.035934	0.037483	0.038315	0.038685	0.038762	0.038653	0.038429	0.038137	0.037807	0.037458	0.037104	0.036751	0.036406	0.036071	0.035749	0.035439	0.035143	0.000000	0.612273	
55	0.026701	0.030874	0.024525	0.026701	0.031177	0.034255	0.036135	0.037208	0.037763	0.037984	0.037989	0.037857	0.037640	0.037372	0.037074	0.036763	0.036447	0.036133	0.035825	0.035525	0.035236	0.034957	1.000000	0.707875	
56	0.027868	0.028877	0.022963	0.027868	0.030074	0.033094	0.035102	0.036319	0.037002	0.037331	0.037426	0.037370	0.037215	0.036999	0.036745	0.036471	0.036187	0.035900	0.035615	0.035336	0.035064	0.034801	1.000000	0.667247	
57	0.025910	0.026899	0.024525	0.025910	0.028686	0.031788	0.033953	0.035328	0.036149	0.036594	0.036787	0.036811	0.036724	0.036564	0.036358	0.036125	0.035875	0.035618	0.035360	0.035103	0.034852	0.034606	1.000000	0.702978	
58	0.028066	0.028837	0.024921	0.028066	0.028479	0.031111	0.033217	0.034636	0.035527	0.036044	0.036302	0.036384	0.036347	0.036231	0.036062	0.035861	0.035639	0.035406	0.035168	0.034930	0.034694	0.034462	1.000000	0.609184	
59	0.027294	0.029846	0.027097	0.027512	0.028157	0.030457	0.032504	0.033957	0.034911	0.035493	0.035814	0.035951	0.035963	0.035889	0.035757	0.035587	0.035392	0.035183	0.034966	0.034746	0.034527	0.034310	1.000000	0.639959	
60	0.024921	0.028679	0.023932	0.024921	0.027078	0.029450	0.031556	0.033097	0.034142	0.034811	0.035209	0.035413	0.035483	0.035459	0.035370	0.035237	0.035075	0.034894	0.034702	0.034504	0.034303	0.034103	1.000000	0.695005	
61	0.024862	0.025138	0.022152	0.024862	0.026339	0.028616	0.030719	0.032313	0.033428	0.034169	0.034634	0.034899	0.035021	0.035043	0.034995	0.034897	0.034766	0.034612	0.034443	0.034266	0.034084	0.033900	1.000000	0.444761	
62	0.020866	0.025297	0.020174	0.020866	0.024515	0.027207	0.029488	0.031222	0.032462	0.033311	0.033869	0.034214	0.034406	0.034487	0.034490	0.034437	0.034344	0.034224	0.034086	0.033935	0.033776	0.033614	1.000000	0.611453	
63	0.020866	0.021361	0.020174	0.020866	0.023299	0.026054	0.028410	0.030236	0.031570	0.032508	0.033147	0.033563	0.033817	0.033953	0.034003	0.033992	0.033936	0.033848	0.033738	0.033612	0.033476	0.033333	1.000000	0.662129	
64	0.023536	0.024328	0.021361	0.023536	0.023378	0.025596	0.027801	0.029598	0.030952	0.031929	0.032613	0.033074	0.033370	0.033545	0.033630	0.033649	0.033621	0.033558	0.033469	0.033363	0.033245	0.033118	1.000000	0.655644	
65	0.028877	0.028877	0.025712	0.028877	0.025211	0.026193	0.027935	0.029529	0.030792	0.031732	0.032405	0.032869	0.033175	0.033361	0.033460	0.033493	0.033477	0.033426	0.033349	0.033253	0.033143	0.033025	1.000000	0.671210	
66	0.032437	0.032437	0.028283	0.032437	0.027619	0.027328	0.028498	0.029806	0.030919	0.031778	0.032407	0.032848	0.033143	0.033325	0.033423	0.033458	0.033446	0.033398	0.033325	0.033232	0.033127	0.033012	1.000000	0.684746	
67	0.033070	0.034810	0.032239	0.033070	0.029436	0.028372	0.029069	0.030117	0.031084	0.031861	0.032444	0.032859	0.033139	0.033315	0.033411	0.033445	0.033434	0.033389	0.033318	0.033228	0.033126	0.033013	1.000000	0.771639	
68	0.033722	0.035206	0.032635	0.033722	0.030865	0.029345	0.029651	0.030460	0.031287	0.031981	0.032515	0.032901	0.033165	0.033331	0.033422	0.033454	0.033443	0.033398	0.033329	0.033241	0.033139	0.033029	1.000000	0.740908	
69	0.032140	0.035403	0.030854	0.032140	0.031290	0.029853	0.029962	0.030620	0.031353	0.031992	0.032494	0.032864	0.033120	0.033284	0.033376	0.033411	0.033403	0.033363	0.033297	0.033213	0.033116	0.033009	1.000000	0.720114	
70	0.029866	0.030459	0.027492	0.029866	0.030815	0.029855	0.029950	0.030548	0.031238	0.031854	0.032348	0.032718	0.032979	0.033150	0.033251	0.033295	0.033296	0.033264	0.033207	0.033131	0.033041	0.032940	1.000000	0.473055	
71	0.028066	0.030854	0.026919	0.028066	0.029899	0.029530	0.029715	0.030312	0.030994	0.031610	0.032110	0.032491	0.032765	0.032951	0.033066	0.033124	0.033138	0.033118	0.033072	0.033006	0.032925	0.032833	1.000000	0.621564	
72	0.029569	0.029866	0.027591	0.029569	0.029789	0.029537	0.029696	0.030241	0.030885	0.031478	0.031969	0.032348	0.032626	0.032818	0.032941	0.033007	0.033030	0.033018	0.032979	0.032921	0.032847	0.032761	1.000000	0.635548	
73	0.034415	0.034415	0.029866	0.034415	0.031331	0.030424	0.030286	0.030639	0.031156	0.031668	0.032105	0.032449	0.032704	0.032881	0.032993	0.033053	0.033072	0.033057	0.033017	0.032958	0.032883	0.032798	1.000000	0.496259	
74	0.030854	0.033821	0.030854	0.030854	0.031172	0.030502	0.030357	0.030659	0.031133	0.031615	0.032035	0.032371	0.032623	0.032801	0.032917	0.032981	0.033004	0.032995	0.032960	0.032906	0.032836	0.032755	1.000000	0.639738	
75	0.027492	0.029074	0.025910	0.027492	0.029945	0.029955	0.029999	0.030358	0.030853	0.031349	0.031783	0.032133	0.032400	0.032593	0.032723	0.032801	0.032837	0.032840	0.032816	0.032772	0.032712	0.032639	1.000000	0.727450	
76	0.028877	0.032239	0.025910	0.031824	0.030571	0.030295	0.030227	0.030497	0.030928	0.031380	0.031785	0.032118	0.032375	0.032563	0.032691	0.032769	0.032807	0.032811	0.032790	0.032749	0.032691	0.032621	1.000000	0.647720	
77	0.032615	0.035008	0.031448	0.034454	0.031866	0.031051	0.030755	0.030874	0.031199	0.031578	0.031933	0.032232	0.032466	0.032637	0.032754	0.032824	0.032857	0.032858	0.032834	0.032791	0.032732	0.032662	1.000000	0.764675	
78	0.033604	0.037777	0.032832	0.036788	0.033506	0.032094	0.031510	0.031437	0.031629	0.031914	0.032203	0.032454	0.032654	0.032800	0.032898	0.032954	0.032976	0.032968	0.032938	0.032890	0.032827	0.032752	1.000000	0.736659	
79	0.037777	0.039953	0.036788	0.038370	0.035128	0.033235	0.032367	0.032098	0.032147	0.032331	0.032546	0.032743	0.032902	0.033018	0.033093	0.033132	0.033139	0.033121	0.033081	0.033025	0.032955	0.032876	1.000000	0.627999	
80	0.039755	0.039755	0.037579	0.037777	0.036011	0.034061	0.033043	0.032638	0.032580	0.032682	0.032836	0.032988	0.033114	0.033205	0.033261	0.033284	0.033280	0.033252	0.033205	0.033142	0.033068	0.032984	1.000000	0.736325	
81	0.037619	0.038766	0.035997	0.037579	0.036534	0.034701	0.033610	0.033109	0.032965	0.032998	0.033100	0.033212	0.033308	0.033377	0.033415	0.033425	0.033410	0.033374	0.033320	0.033252	0.033173	0.033085	1.000000	0.563469	
82	0.038766	0.042128	0.037777	0.042128	0.038398	0.036051	0.034675	0.033968	0.033670	0.033587	0.033601	0.033647	0.033692	0.033720	0.033726	0.033710	0.033674	0.033620	0.033552	0.033471	0.033381	0.033283	1.000000	0.729319	
83	0.041713	0.043315	0.040724	0.041733	0.039510	0.037084	0.035557	0.034707	0.034290	0.034113	0.034053	0.034042	0.034041	0.034034	0.034012	0.033973	0.033918	0.033849	0.033767	0.033675	0.033575	0.033469	1.000000	0.673983	
84	0.041139	0.042722	0.038370	0.038370	0.039130	0.037318	0.035909	0.035056	0.034604	0.034387	0.034293	0.034253	0.034230	0.034204	0.034168	0.034118	0.034053	0.033976	0.033888	0.033791	0.033687	0.033577	1.000000	0.769813	
85	0.038370	0.039557	0.036788	0.038766	0.039009	0.037581	0.036266	0.035410	0.034924	0.034670	0.034541	0.034473	0.034427	0.034383	0.034332	0.034270	0.034196	0.034111	0.034016	0.033914	0.033805	0.033691	1.000000	0.725026	
86	0.041930	0.045668	0.041930	0.045293	0.041103	0.038983	0.037394	0.036351	0.035722	0.035355	0.035139	0.035001	0.034899	0.034811	0.034723	0.034631	0.034532	0.034426	0.034313	0.034195	0.034072	0.033946	1.000000	0.671028	
87	0.045491	0.045491	0.041733	0.043710	0.041972	0.039843	0.038184	0.037052	0.036336	0.035894	0.035615	0.035426	0.035282	0.035160	0.035044	0.034929	0.034810	0.034688	0.034560	0.034430	0.034296	0.034160	1.000000	0.675441	
88	0.044699	0.044699	0.040744	0.042524	0.042156	0.040330	0.038726	0.037573	0.036812	0.036322	0.035999	0.035772	0.035597	0.035449	0.035312	0.035178	0.035044	0.034908	0.034770	0.034629	0.034487	0.034344	1.000000	0.628393	
89	0.042702	0.043710	0.041733	0.041930	0.042081	0.040621	0.039127	0.037988	0.037206	0.036684	0.036328	0.036072	0.035872	0.035703	0.035548	0.035399	0.035253	0.035106	0.034958	0.034810	0.034660	0.034511	1.000000	0.652049	
90	0.041930	0.044106	0.041139	0.043710	0.042624	0.041183	0.039700	0.038533	0.037706	0.037137	0.036738	0.036445	0.036213	0.036017	0.035839	0.035672	0.035509	0.035348	0.035189	0.035030	0.034871	0.034713	1.000000	0.726307	
91	0.043710	0.046875	0.043710	0.044482	0.043243	0.041783	0.040298	0.039099	0.038227	0.037611	0.037169	0.036837	0.036573	0.036349	0.036148	0.035961	0.035781	0.035606	0.035433	0.035263	0.035094	0.034928	0.000000	0.741638	
92	0.044699	0.047369	0.044699	0.046657	0.044381	0.042669	0.041093	0.039819	0.038876	0.038195	0.037696	0.037316	0.037011	0.036753	0.036523	0.036311	0.036111	0.035917	0.035729	0.035544	0.035363	0.035186	0.000000	0.794111	
93	0.046479	0.048655	0.045688	0.048081	0.045615	0.043653	0.041966	0.040606	0.039584	0.038832	0.038273	0.037841	0.037493	0.037197	0.036936	0.036697	0.036473	0.036260	0.036054	0.035854	0.035659	0.035469	0.000000	0.573432	
94	0.048418	0.050633	0.047468	0.049644	0.046958	0.044742	0.042926	0.041467	0.040358	0.039530	0.038904	0.038417	0.038021	0.037685	0.037390	0.037122	0.036872	0.036637	0.036411	0.036194	0.035984	0.035781	0.000000	0.682499	
95	0.048853	0.051622	0.048062	0.050040	0.047985	0.045705	0.043815	0.042283	0.041103	0.040208	0.039523	0.038984	0.038543	0.038170	0.037842	0.037545	0.037271	0.037014	0.036770	0.036536	0.036311	0.036094	0.000000	0.773873	
96	0.050237	0.051622	0.046282	0.048655	0.048208	0.046242	0.044420	0.042890	0.041684	0.040753	0.040030	0.039456	0.038983	0.038581	0.038228	0.037910	0.037616	0.037342	0.037083	0.036835	0.036598	0.036370	0.000000	0.684461	
97	0.048655	0.049051	0.045135	0.046479	0.047632	0.046285	0.044678	0.043232	0.042052	0.041122	0.040389	0.039798	0.039309	0.038891	0.038523	0.038191	0.037885	0.037600	0.037330	0.037074	0.036828	0.036592	0.000000	0.608777	
98	0.046737	0.047449	0.043513	0.045886	0.047050	0.046212	0.044829	0.043485	0.042347	0.041430	0.040694	0.040095	0.039595	0.039165	0.038786	0.038443	0.038127	0.037833	0.037555	0.037291	0.037039	0.036796	0.000000	0.654020	
99	0.045095	0.047468	0.045095	0.046084	0.046728	0.046189	0.044985	0.043732	0.042635	0.041730	0.040994	0.040387	0.039877	0.039436	0.039046	0.038693	0.038369	0.038065	0.037780	0.037508	0.037249	0.037001	0.000000	0.634194	
100	0.047666	0.050435	0.046697	0.050237	0.047898	0.046925	0.045642	0.044352	0.043220	0.042279	0.041507	0.040868	0.040328	0.039860	0.039446	0.039072	0.038728	0.038408	0.038107	0.037823	0.037551	0.037291	0.000000	0.691118	
101	0.050237	0.051226	0.048655	0.051127	0.048974	0.047689	0.046328	0.044997	0.043828	0.042850	0.042042	0.041368	0.040797	0.040302	0.039863	0.039467	0.039104	0.038767	0.038450	0.038151	0.037867	0.037596	0.000000	0.674829	
102	0.051424	0.056329	0.051424	0.055380	0.051109	0.049087	0.047459	0.045986	0.044716	0.043658	0.042783	0.042052	0.041431	0.040893	0.040417	0.039989	0.039597	0.039235	0.038896	0.038576	0.038274	0.037986	0.000000	0.675024	
103	0.055558	0.055558	0.051622	0.052611	0.051610	0.049728	0.048103	0.046617	0.045324	0.044236	0.043329	0.042567	0.041917	0.041353	0.040853	0.040403	0.039992	0.039611	0.039257	0.038923	0.038607	0.038308	0.000000	0.690463	
104	0.052611	0.053995	0.048260	0.049624	0.050948	0.049709	0.048293	0.046903	0.045655	0.044583	0.043678	0.042911	0.042252	0.041677	0.041166	0.040705	0.040283	0.039893	0.039529	0.039187	0.038864	0.038557	0.000000	0.634501	
105	0.048695	0.051028	0.047666	0.047666	0.049854	0.049338	0.048215	0.046976	0.045809	0.044782	0.043900	0.043143	0.042488	0.041912	0.041398	0.040933	0.040507	0.040112	0.039744	0.039397	0.039068	0.038757	0.000000	0.745591	
106	0.047864	0.049644	0.045095	0.046282	0.048663	0.048782	0.047973	0.046910	0.045846	0.044879	0.044032	0.043296	0.042653	0.042083	0.041573	0.041109	0.040682	0.040286	0.039916	0.039567	0.039236	0.038922	0.000000	0.571246	
107	0.045886	0.048240	0.045886	0.047864	0.048397	0.048615	0.047960	0.047001	0.046001	0.045072	0.044245	0.043519	0.042879	0.042310	0.041797	0.041330	0.040900	0.040500	0.040125	0.039771	0.039437	0.039119	0.000000	0.645881	
108	0.046697	0.048635	0.044422	0.046084	0.047626	0.048155	0.047725	0.046913	0.046007	0.045137	0.044347	0.043644	0.043019	0.042458	0.041950	0.041486	0.041057	0.040657	0.040282	0.039927	0.039591	0.039272	0.000000	0.759384	
109	0.046084	0.050930	0.045214	0.047093	0.047448	0.047962	0.047646	0.046930	0.046091	0.045263	0.044500	0.043812	0.043196	0.042640	0.042134	0.041670	0.041240	0.040838	0.040461	0.040104	0.039766	0.039444	0.000000	0.667782	
110	0.047666	0.048220	0.043117	0.044126	0.046341	0.047264	0.047206	0.046663	0.045940	0.045190	0.044479	0.043828	0.043236	0.042698	0.042205	0.041750	0.041327	0.040931	0.040557	0.040204	0.039867	0.039547	0.000000	0.763878	
111	0.044304	0.044304	0.041139	0.043513	0.045398	0.046582	0.046744	0.046363	0.045753	0.045081	0.044425	0.043812	0.043248	0.042730	0.042252	0.041808	0.041393	0.041004	0.040635	0.040285	0.039952	0.039634	0.000000	0.679160	
112	0.043493	0.045491	0.043493	0.044897	0.045231	0.046276	0.046513	0.046224	0.045687	0.045070	0.044452	0.043865	0.043320	0.042815	0.042346	0.041909	0.041500	0.041113	0.040747	0.040399	0.040067	0.039749	0.000000	0.570750	
113	0.045491	0.048062	0.045491	0.046875	0.045779	0.046385	0.046559	0.046286	0.045778	0.045186	0.044586	0.044012	0.043474	0.042974	0.042508	0.042072	0.041663	0.041276	0.040908	0.040559	0.040225	0.039906	0.000000	0.660504	
114	0.045688	0.048655	0.045688	0.048042	0.046533	0.046686	0.046744	0.046453	0.045953	0.045370	0.044778	0.044209	0.043673	0.043173	0.042706	0.042268	0.041856	0.041466	0.041096	0.040744	0.040407	0.040085	0.000000	0.687368	
115	0.047666	0.049446	0.044304	0.045095	0.046054	0.046397	0.046538	0.046324	0.045887	0.045353	0.044796	0.044252	0.043735	0.043248	0.042791	0.042361	0.041954	0.041568	0.041201	0.040851	0.040516	0.040195	0.000000	0.539242	
116	0.046677	0.047646	0.041733	0.042524	0.044877	0.045693	0.046036	0.045962	0.045628	0.045170	0.044670	0.044168	0.043682	0.043220	0.042782	0.042366	0.041971	0.041595	0.041236	0.040892	0.040563	0.040246	0.000000	0.671167	
117	0.041752	0.043315	0.040941	0.041535	0.043763	0.044937	0.045473	0.045540	0.045313	0.044936	0.044495	0.044039	0.043589	0.043154	0.042737	0.042339	0.041958	0.041594	0.041244	0.040908	0.040585	0.040274	0.000000	0.686485	
118	0.042128	0.043315	0.037777	0.037994	0.041840	0.043674	0.044539	0.044821	0.044750	0.044488	0.044134	0.043744	0.043346	0.042951	0.042568	0.042196	0.041838	0.041492	0.041159	0.040836	0.040525	0.040224	0.000000	0.665493	
119	0.038370	0.038766	0.034612	0.036610	0.040097	0.042390	0.043548	0.044039	0.044124	0.043979	0.043716	0.043396	0.043053	0.042703	0.042355	0.042013	0.041679	0.041355	0.041039	0.040732	0.040434	0.040145	1.000000	0.671787	
120	0.036788	0.039755	0.035206	0.038766	0.039653	0.041731	0.042950	0.043537	0.043712	0.043643	0.043441	0.043170	0.042866	0.042548	0.042227	0.041907	0.041591	0.041282	0.040979	0.040683	0.040395	0.040115	1.000000	0.654185	
121	0.038568	0.038766	0.035799	0.036788	0.038698	0.040832	0.042180	0.042894	0.043179	0.043201	0.043072	0.042859	0.042602	0.042322	0.042032	0.041739	0.041446	0.041155	0.040869	0.040587	0.040311	0.040041	1.000000	0.567766	
122	0.033841	0.036788	0.032832	0.034316	0.037237	0.039647	0.041197	0.042077	0.042497	0.042628	0.042585	0.042442	0.042242	0.042008	0.041757	0.041495	0.041230	0.040962	0.040696	0.040432	0.040172	0.039916	1.000000	0.634768	
123	0.035206	0.036590	0.032832	0.034909	0.036461	0.038786	0.040411	0.041395	0.041914	0.042130	0.042159	0.042075	0.041923	0.041730	0.041512	0.041280	0.041038	0.040792	0.040544	0.040296	0.040050	0.039806	1.000000	0.662859	
124	0.034810	0.036788	0.034118	0.035206	0.036043	0.038135	0.039760	0.040805	0.041398	0.041683	0.041772	0.041740	0.041631	0.041474	0.041287	0.041080	0.040861	0.040635	0.040404	0.040170	0.039937	0.039704	1.000000	0.615974	
125	0.036392	0.038568	0.036195	0.037896	0.036660	0.038091	0.039527	0.040528	0.041128	0.041439	0.041557	0.041552	0.041468	0.041334	0.041166	0.040976	0.040771	0.040557	0.040338	0.040114	0.039889	0.039665	1.000000	0.731437	
126	0.036788	0.039794	0.036590	0.039775	0.037698	0.038397	0.039558	0.040456	0.041024	0.041331	0.041458	0.041465	0.041395	0.041273	0.041116	0.040937	0.040741	0.040535	0.040323	0.040106	0.039887	0.039667	0.000000	0.646009	
127	0.039755	0.040348	0.038172	0.039260	0.038219	0.038554	0.039521	0.040342	0.040888	0.041198	0.041336	0.041358	0.041302	0.041194	0.041050	0.040882	0.040696	0.040499	0.040295	0.040085	0.039872	0.039658	0.000000	0.656969	
128	0.038568	0.039735	0.036788	0.038370	0.038269	0.038521	0.039377	0.040155	0.040695	0.041015	0.041171	0.041212	0.041175	0.041083	0.040954	0.040799	0.040626	0.040439	0.040244	0.040043	0.039837	0.039630	0.000000	0.711649	
129	0.038766	0.039557	0.034810	0.035047	0.037195	0.037889	0.038836	0.039668	0.040260	0.040630	0.040831	0.040911	0.040908	0.040846	0.040743	0.040611	0.040457	0.040288	0.040107	0.039919	0.039726	0.039529	1.000000	0.737843	
130	0.035601	0.036788	0.032832	0.034810	0.036400	0.037329	0.038333	0.039206	0.039841	0.040255	0.040496	0.040614	0.040643	0.040610	0.040531	0.040421	0.040286	0.040133	0.039968	0.039793	0.039612	0.039425	1.000000	0.669818	
131	0.035799	0.035799	0.030854	0.031665	0.034822	0.036300	0.037499	0.038487	0.039212	0.039701	0.040006	0.040177	0.040253	0.040259	0.040215	0.040133	0.040024	0.039895	0.039749	0.039592	0.039427	0.039255	1.000000	0.761487	
132	0.034810	0.035799	0.030854	0.032536	0.034060	0.035615	0.036879	0.037921	0.038699	0.039238	0.039591	0.039805	0.039917	0.039956	0.039940	0.039884	0.039798	0.039687	0.039560	0.039418	0.039267	0.039107	1.000000	0.654434	
133	0.033228	0.036788	0.031250	0.036788	0.034969	0.035828	0.036867	0.037813	0.038552	0.039080	0.039435	0.039657	0.039781	0.039832	0.039828	0.039783	0.039706	0.039606	0.039487	0.039353	0.039209	0.039056	1.000000	0.730703	
134	0.037381	0.039755	0.036808	0.038865	0.036268	0.036381	0.037117	0.037913	0.038576	0.039066	0.039403	0.039619	0.039741	0.039794	0.039793	0.039753	0.039681	0.039585	0.039470	0.039341	0.039201	0.039052	0.000000	0.743162	
135	0.038766	0.039755	0.036986	0.037777	0.036771	0.036634	0.037200	0.037900	0.038514	0.038983	0.039313	0.039529	0.039656	0.039715	0.039721	0.039688	0.039623	0.039534	0.039426	0.039303	0.039168	0.039024	0.000000	0.682454	
136	0.037777	0.039359	0.037777	0.038964	0.037502	0.037058	0.037420	0.038001	0.038549	0.038982	0.039294	0.039501	0.039626	0.039685	0.039694	0.039664	0.039603	0.039518	0.039414	0.039294	0.039163	0.039023	0.000000	0.738495	
137	0.039953	0.040328	0.037540	0.037540	0.037514	0.037145	0.037435	0.037957	0.038471	0.038889	0.039196	0.039406	0.039535	0.039601	0.039617	0.039595	0.039541	0.039462	0.039364	0.039251	0.039125	0.038990	0.000000	0.623581	
138	0.038667	0.039161	0.036986	0.037777	0.037602	0.037260	0.037478	0.037940	0.038418	0.038817	0.039117	0.039326	0.039459	0.039530	0.039552	0.039535	0.039487	0.039415	0.039322	0.039214	0.039094	0.038963	0.000000	0.748843	
139	0.038766	0.039735	0.038074	0.038370	0.037858	0.037462	0.037589	0.037981	0.038414	0.038788	0.039076	0.039280	0.039411	0.039484	0.039510	0.039497	0.039453	0.039385	0.039297	0.039194	0.039077	0.038950	0.000000	0.712143	
140	0.038766	0.039260	0.037777	0.039161	0.038292	0.037771	0.037786	0.038093	0.038472	0.038812	0.039081	0.039274	0.039400	0.039472	0.039497	0.039486	0.039444	0.039379	0.039294	0.039193	0.039079	0.038955	0.000000	0.737482	
141	0.039161	0.039161	0.036986	0.037322	0.037969	0.037689	0.037728	0.038020	0.038383	0.038716	0.038983	0.039179	0.039310	0.039387	0.039419	0.039415	0.039380	0.039321	0.039242	0.039147	0.039038	0.038919	0.000000	0.701078	
142	0.038370	0.038370	0.033623	0.034593	0.036844	0.037126	0.037336	0.037694	0.038092	0.038450	0.038739	0.038955	0.039105	0.039199	0.039247	0.039257	0.039235	0.039188	0.039120	0.039034	0.038935	0.038824	1.000000	0.636965	
143	0.035799	0.036748	0.034909	0.036630	0.036772	0.037036	0.037248	0.037592	0.037979	0.038333	0.038622	0.038841	0.038997	0.039098	0.039154	0.039171	0.039156	0.039116	0.039054	0.038975	0.038881	0.038776	1.000000	0.666642	
144	0.037381	0.038746	0.036808	0.037777	0.037107	0.037171	0.037314	0.037610	0.037964	0.038297	0.038575	0.038790	0.038944	0.039047	0.039104	0.039125	0.039114	0.039078	0.039020	0.038945	0.038856	0.038754	1.000000	0.749148	
145	0.037777	0.037777	0.036392	0.036768	0.036994	0.037098	0.037246	0.037530	0.037872	0.038198	0.038474	0.038691	0.038850	0.038957	0.039021	0.039048	0.039043	0.039013	0.038961	0.038891	0.038807	0.038710	1.000000	0.662909	
146	0.036590	0.037975	0.036195	0.036590	0.036860	0.037005	0.037164	0.037440	0.037773	0.038094	0.038370	0.038588	0.038751	0.038864	0.038934	0.038967	0.038969	0.038945	0.038899	0.038835	0.038755	0.038664	1.000000	0.728728	
147	0.036056	0.037184	0.035799	0.036788	0.036836	0.036966	0.037117	0.037378	0.037697	0.038010	0.038282	0.038501	0.038666	0.038783	0.038857	0.038896	0.038903	0.038884	0.038843	0.038784	0.038710	0.038622	1.000000	0.737847	
148	0.036986	0.037757	0.036590	0.037559	0.037077	0.037074	0.037172	0.037395	0.037687	0.037981	0.038242	0.038455	0.038618	0.038735	0.038811	0.038852	0.038862	0.038847	0.038809	0.038754	0.038683	0.038599	1.000000	0.642347	
149	0.037164	0.037777	0.036788	0.036986	0.037047	0.037058	0.037149	0.037356	0.037633	0.037917	0.038172	0.038383	0.038547	0.038666	0.038746	0.038791	0.038805	0.038794	0.038761	0.038710	0.038643	0.038564	1.000000	0.681258	
150	0.035502	0.038766	0.035502	0.038370	0.037488	0.037296	0.037301	0.037453	0.037689	0.037946	0.038183	0.038382	0.038539	0.038655	0.038733	0.038777	0.038792	0.038782	0.038751	0.038702	0.038637	0.038559	1.000000	0.731277	
151	0.038766	0.040150	0.037836	0.039379	0.038118	0.037675	0.037561	0.037636	0.037819	0.038039	0.038249	0.038431	0.038576	0.038683	0.038756	0.038797	0.038810	0.038799	0.038768	0.038719	0.038654	0.038577	0.000000	0.728137	
152	0.038568	0.040150	0.038370	0.039339	0.038525	0.037978	0.037783	0.037799	0.037936	0.038122	0.038310	0.038475	0.038609	0.038709	0.038776	0.038814	0.038826	0.038814	0.038783	0.038734	0.038670	0.038594	0.000000	0.669919	
153	0.037381	0.039537	0.035265	0.035997	0.037682	0.037617	0.037560	0.037627	0.037787	0.037985	0.038182	0.038354	0.038495	0.038603	0.038677	0.038722	0.038740	0.038735	0.038709	0.038666	0.038608	0.038537	1.000000	0.710844	
154	0.034395	0.036491	0.033821	0.035305	0.036890	0.037197	0.037278	0.037406	0.037596	0.037812	0.038022	0.038206	0.038357	0.038473	0.038557	0.038610	0.038636	0.038638	0.038620	0.038583	0.038531	0.038466	1.000000	0.691657	
155	0.035601	0.036788	0.034632	0.035245	0.036342	0.036842	0.037024	0.037200	0.037415	0.037647	0.037867	0.038061	0.038221	0.038347	0.038438	0.038500	0.038533	0.038543	0.038531	0.038501	0.038455	0.038395	1.000000	0.660798	
156	0.036986	0.037381	0.036392	0.037282	0.036655	0.036922	0.037056	0.037208	0.037405	0.037623	0.037835	0.038023	0.038181	0.038305	0.038397	0.038460	0.038495	0.038507	0.038498	0.038471	0.038428	0.038371	1.000000	0.635854	
157	0.035898	0.037579	0.035700	0.036808	0.036706	0.036901	0.037025	0.037170	0.037359	0.037571	0.037778	0.037964	0.038121	0.038246	0.038340	0.038406	0.038444	0.038459	0.038454	0.038430	0.038390	0.038336	1.000000	0.710647	
158	0.036392	0.042445	0.036392	0.042445	0.038619	0.037909	0.037703	0.037672	0.037750	0.037885	0.038037	0.038183	0.038309	0.038411	0.038487	0.038538	0.038565	0.038572	0.038559	0.038529	0.038484	0.038427	0.000000	0.663228	
159	0.042227	0.043908	0.040941	0.042820	0.040019	0.038802	0.038342	0.038162	0.038140	0.038204	0.038303	0.038409	0.038505	0.038584	0.038642	0.038678	0.038694	0.038691	0.038671	0.038635	0.038585	0.038523	0.000000	0.780813	
160	0.042128	0.043275	0.041733	0.042722	0.040920	0.039515	0.038890	0.038597	0.038493	0.038495	0.038548	0.038619	0.038688	0.038746	0.038787	0.038811	0.038816	0.038805	0.038777	0.038736	0.038681	0.038616	0.000000	0.628417	
161	0.043117	0.044699	0.042128	0.042524	0.041455	0.040062	0.039344	0.038971	0.038803	0.038755	0.038769	0.038810	0.038855	0.038894	0.038921	0.038933	0.038929	0.038910	0.038876	0.038829	0.038771	0.038701	0.000000	0.724502	
162	0.042919	0.043117	0.041139	0.041930	0.041613	0.040402	0.039667	0.039253	0.039043	0.038960	0.038945	0.038962	0.038989	0.039013	0.039028	0.039031	0.039020	0.038995	0.038956	0.038906	0.038844	0.038772	0.000000	0.590972	
163	0.041733	0.041733	0.039359	0.040744	0.041323	0.040464	0.039802	0.039395	0.039174	0.039075	0.039045	0.039049	0.039065	0.039081	0.039090	0.039087	0.039072	0.039044	0.039003	0.038951	0.038888	0.038816	0.000000	0.716126	
164	0.040150	0.040546	0.038964	0.040348	0.040998	0.040443	0.039870	0.039485	0.039265	0.039157	0.039117	0.039112	0.039121	0.039131	0.039135	0.039128	0.039111	0.039081	0.039039	0.038986	0.038922	0.038849	0.000000	0.663202	
165	0.041337	0.044304	0.040051	0.044106	0.042034	0.041109	0.040400	0.039925	0.039637	0.039476	0.039394	0.039356	0.039338	0.039326	0.039312	0.039292	0.039262	0.039222	0.039172	0.039112	0.039043	0.038965	0.000000	0.731275	
166	0.044502	0.047369	0.041733	0.046677	0.043582	0.042121	0.041184	0.040568	0.040178	0.039941	0.039799	0.039713	0.039657	0.039614	0.039575	0.039534	0.039487	0.039432	0.039370	0.039299	0.039220	0.039134	0.000000	0.766038	
167	0.044699	0.046282	0.041851	0.042346	0.043170	0.042162	0.041330	0.040738	0.040345	0.040096	0.039940	0.039841	0.039774	0.039721	0.039674	0.039626	0.039573	0.039514	0.039448	0.039374	0.039293	0.039205	0.000000	0.700999	
168	0.041337	0.042326	0.040348	0.040546	0.042295	0.041868	0.041232	0.040719	0.040361	0.040125	0.039974	0.039876	0.039807	0.039754	0.039705	0.039656	0.039603	0.039543	0.039477	0.039403	0.039322	0.039234	0.000000	0.715260	
169	0.039755	0.048655	0.034810	0.038766	0.041119	0.041304	0.040923	0.040533	0.040238	0.040037	0.039907	0.039822	0.039762	0.039715	0.039672	0.039627	0.039577	0.039522	0.039458	0.039387	0.039309	0.039224	0.000000	0.617226	
170	0.041337	0.042702	0.038766	0.041337	0.041192	0.041310	0.040975	0.040610	0.040323	0.040121	0.039986	0.039895	0.039830	0.039779	0.039731	0.039683	0.039631	0.039573	0.039508	0.039435	0.039356	0.039271	0.000000	0.786960	
171	0.040744	0.041337	0.033228	0.034810	0.039064	0.040128	0.040204	0.040058	0.039898	0.039779	0.039699	0.039647	0.039612	0.039584	0.039555	0.039523	0.039485	0.039438	0.039384	0.039321	0.039251	0.039173	0.000000	0.734526	
172	0.032832	0.034415	0.026899	0.032832	0.036987	0.038802	0.039283	0.039369	0.039355	0.039330	0.039317	0.039315	0.039317	0.039319	0.039315	0.039304	0.039283	0.039252	0.039212	0.039161	0.039101	0.039033	1.000000	0.722464	
173	0.034810	0.041337	0.032634	0.041337	0.038437	0.039263	0.039540	0.039557	0.039507	0.039460	0.039430	0.039414	0.039405	0.039398	0.039388	0.039371	0.039345	0.039311	0.039268	0.039215	0.039153	0.039084	0.000000	0.686004	
174	0.038172	0.044502	0.037777	0.043710	0.040195	0.040071	0.040061	0.039952	0.039831	0.039734	0.039667	0.039623	0.039592	0.039567	0.039542	0.039513	0.039478	0.039435	0.039384	0.039326	0.039259	0.039186	0.000000	0.670044	
175	0.042939	0.044304	0.040546	0.042919	0.041103	0.040589	0.040418	0.040235	0.040068	0.039940	0.039848	0.039784	0.039737	0.039699	0.039663	0.039625	0.039582	0.039533	0.039477	0.039415	0.039344	0.039268	0.000000	0.703065	
176	0.040546	0.041930	0.036788	0.038370	0.040192	0.040186	0.040162	0.040057	0.039938	0.039838	0.039766	0.039715	0.039678	0.039647	0.039616	0.039583	0.039545	0.039500	0.039448	0.039389	0.039322	0.039248	0.000000	0.529308	
177	0.031843	0.037757	0.030854	0.037006	0.039130	0.039608	0.039768	0.039767	0.039712	0.039656	0.039613	0.039583	0.039561	0.039543	0.039523	0.039499	0.039468	0.039430	0.039384	0.039330	0.039268	0.039199	1.000000	0.758567	
178	0.032931	0.033030	0.027512	0.029272	0.035844	0.037728	0.038456	0.038767	0.038909	0.038986	0.039038	0.039080	0.039114	0.039140	0.039157	0.039164	0.039159	0.039144	0.039118	0.039082	0.039035	0.038980	1.000000	0.692886	
179	0.030063	0.030459	0.027571	0.028481	0.033390	0.036047	0.037209	0.037788	0.038107	0.038308	0.038452	0.038563	0.038652	0.038722	0.038776	0.038813	0.038836	0.038844	0.038838	0.038820	0.038790	0.038750	1.000000	0.591988	
180	0.030063	0.030459	0.027571	0.028481	0.031753	0.034671	0.036118	0.036901	0.037366	0.037674	0.037898	0.038071	0.038210	0.038321	0.038408	0.038475	0.038522	0.038552	0.038565	0.038565	0.038550	0.038524	1.000000	0.694008	
181	0.033030	0.034415	0.032239	0.033426	0.032311	0.034445	0.035781	0.036570	0.037063	0.037400	0.037649	0.037844	0.038002	0.038129	0.038230	0.038309	0.038368	0.038407	0.038430	0.038438	0.038431	0.038412	1.000000	0.626742	
182	0.032417	0.033208	0.029470	0.029767	0.031463	0.033594	0.035030	0.035922	0.036502	0.036907	0.037211	0.037450	0.037644	0.037801	0.037928	0.038029	0.038107	0.038164	0.038202	0.038224	0.038230	0.038222	1.000000	0.632184	
183	0.028877	0.030063	0.028184	0.029272	0.030733	0.032808	0.034310	0.035289	0.035946	0.036415	0.036770	0.037051	0.037280	0.037466	0.037619	0.037742	0.037839	0.037913	0.037967	0.038003	0.038021	0.038025	1.000000	0.754288	
184	0.028481	0.029826	0.027017	0.029668	0.030378	0.032237	0.033730	0.034754	0.035463	0.035980	0.036376	0.036691	0.036949	0.037160	0.037335	0.037477	0.037592	0.037681	0.037749	0.037797	0.037827	0.037842	1.000000	0.802536	
185	0.031646	0.032239	0.030063	0.031250	0.030668	0.032058	0.033420	0.034420	0.035139	0.035674	0.036091	0.036426	0.036701	0.036929	0.037117	0.037273	0.037399	0.037500	0.037578	0.037635	0.037674	0.037697	1.000000	0.705442	
186	0.031843	0.032041	0.030459	0.031349	0.030895	0.031929	0.033161	0.034127	0.034847	0.035395	0.035827	0.036178	0.036468	0.036710	0.036911	0.037079	0.037216	0.037327	0.037414	0.037480	0.037527	0.037557	1.000000	0.698963	
187	0.029866	0.032041	0.029767	0.031072	0.030954	0.031773	0.032900	0.033836	0.034557	0.035116	0.035563	0.035929	0.036234	0.036489	0.036703	0.036882	0.037030	0.037151	0.037247	0.037322	0.037377	0.037415	1.000000	0.688146	
188	0.031843	0.033129	0.030874	0.032615	0.031508	0.031926	0.032864	0.033720	0.034408	0.034955	0.035399	0.035767	0.036076	0.036337	0.036557	0.036742	0.036896	0.037023	0.037125	0.037205	0.037266	0.037309	1.000000	0.759634	
189	0.032634	0.035997	0.032615	0.035799	0.032938	0.032630	0.033231	0.033918	0.034515	0.035009	0.035422	0.035769	0.036064	0.036316	0.036530	0.036711	0.036863	0.036988	0.037090	0.037171	0.037232	0.037276	1.000000	0.653594	
190	0.036392	0.037777	0.035819	0.037777	0.034551	0.033566	0.033799	0.034286	0.034766	0.035188	0.035553	0.035867	0.036139	0.036373	0.036574	0.036746	0.036891	0.037011	0.037108	0.037186	0.037245	0.037287	0.000000	0.673967	
191	0.041139	0.041337	0.038370	0.040763	0.036622	0.034875	0.034670	0.034903	0.035227	0.035548	0.035842	0.036106	0.036340	0.036545	0.036724	0.036878	0.037008	0.037116	0.037204	0.037274	0.037326	0.037363	0.000000	0.696401	
192	0.040348	0.041139	0.038845	0.038845	0.037363	0.035597	0.035192	0.035278	0.035505	0.035760	0.036009	0.036239	0.036449	0.036635	0.036800	0.036942	0.037064	0.037165	0.037248	0.037313	0.037362	0.037396	0.000000	0.722302	
193	0.040744	0.040843	0.038271	0.038449	0.037725	0.036115	0.035599	0.035580	0.035732	0.035934	0.036144	0.036347	0.036536	0.036707	0.036859	0.036992	0.037106	0.037201	0.037279	0.037341	0.037387	0.037419	0.000000	0.592583	
194	0.037381	0.037777	0.034415	0.035443	0.036964	0.035993	0.035579	0.035567	0.035709	0.035902	0.036105	0.036303	0.036488	0.036657	0.036808	0.036941	0.037055	0.037152	0.037231	0.037294	0.037342	0.037376	0.000000	0.639095	
195	0.034810	0.035799	0.033228	0.035008	0.036312	0.035814	0.035508	0.035514	0.035656	0.035845	0.036044	0.036240	0.036424	0.036592	0.036744	0.036877	0.036993	0.037091	0.037172	0.037238	0.037288	0.037324	0.000000	0.669763	
196	0.035601	0.037777	0.034019	0.037579	0.036735	0.036135	0.035767	0.035710	0.035803	0.035956	0.036130	0.036305	0.036474	0.036631	0.036774	0.036900	0.037011	0.037105	0.037183	0.037246	0.037294	0.037329	0.000000	0.715234	
197	0.037975	0.038746	0.037184	0.037975	0.037148	0.036469	0.036043	0.035926	0.035970	0.036087	0.036232	0.036387	0.036539	0.036684	0.036817	0.036936	0.037040	0.037129	0.037204	0.037264	0.037310	0.037343	0.000000	0.662400	
198	0.036986	0.038172	0.035997	0.036748	0.037015	0.036520	0.036131	0.036004	0.036030	0.036129	0.036261	0.036404	0.036548	0.036686	0.036814	0.036930	0.037031	0.037119	0.037192	0.037251	0.037297	0.037330	0.000000	0.787111	
199	0.035403	0.037184	0.034217	0.035601	0.036544	0.036353	0.036065	0.035966	0.035997	0.036095	0.036224	0.036365	0.036507	0.036644	0.036771	0.036886	0.036988	0.037076	0.037150	0.037211	0.037258	0.037292	0.000000	0.634010	
200	0.035601	0.038172	0.035225	0.036195	0.036427	0.036324	0.036081	0.035988	0.036013	0.036102	0.036223	0.036357	0.036494	0.036626	0.036750	0.036863	0.036964	0.037051	0.037125	0.037185	0.037233	0.037268	0.000000	0.739483	
201	0.035008	0.037876	0.033841	0.034217	0.035690	0.035941	0.035848	0.035819	0.035874	0.035980	0.036111	0.036252	0.036395	0.036532	0.036660	0.036777	0.036881	0.036971	0.037048	0.037112	0.037163	0.037201	0.000000	0.770395	
202	0.034217	0.034593	0.032239	0.032832	0.034738	0.035376	0.035471	0.035535	0.035640	0.035777	0.035929	0.036086	0.036240	0.036387	0.036523	0.036647	0.036758	0.036855	0.036937	0.037006	0.037062	0.037105	1.000000	0.649816	
203	0.034810	0.035779	0.032041	0.034612	0.034696	0.035237	0.035364	0.035447	0.035561	0.035702	0.035856	0.036014	0.036169	0.036317	0.036455	0.036580	0.036693	0.036792	0.036876	0.036947	0.037005	0.037050	1.000000	0.745620	
204	0.033030	0.034612	0.031448	0.032635	0.034009	0.034764	0.035023	0.035179	0.035336	0.035504	0.035677	0.035849	0.036015	0.036173	0.036318	0.036451	0.036570	0.036674	0.036765	0.036841	0.036904	0.036953	1.000000	0.623925	
205	0.035008	0.035799	0.032041	0.032239	0.033419	0.034305	0.034675	0.034899	0.035098	0.035293	0.035486	0.035673	0.035851	0.036018	0.036173	0.036313	0.036439	0.036550	0.036646	0.036727	0.036795	0.036850	1.000000	0.678609	
206	0.034217	0.034217	0.029767	0.029767	0.032201	0.033480	0.034061	0.034410	0.034688	0.034937	0.035168	0.035385	0.035587	0.035773	0.035944	0.036098	0.036237	0.036358	0.036465	0.036555	0.036632	0.036694	1.000000	0.738063	
207	0.029866	0.031448	0.029470	0.030854	0.031752	0.033002	0.033660	0.034072	0.034393	0.034673	0.034929	0.035164	0.035381	0.035580	0.035762	0.035926	0.036073	0.036203	0.036317	0.036415	0.036497	0.036566	1.000000	0.731617	
208	0.032140	0.036195	0.031843	0.034118	0.032541	0.033205	0.033717	0.034076	0.034372	0.034638	0.034883	0.035113	0.035326	0.035523	0.035703	0.035867	0.036014	0.036145	0.036259	0.036358	0.036442	0.036512	1.000000	0.603294	
209	0.035779	0.039557	0.034810	0.038944	0.034675	0.034249	0.034371	0.034540	0.034723	0.034915	0.035109	0.035300	0.035483	0.035657	0.035819	0.035968	0.036103	0.036224	0.036330	0.036422	0.036500	0.036565	0.000000	0.729354	
210	0.037184	0.038370	0.033623	0.034039	0.034463	0.034210	0.034329	0.034492	0.034671	0.034859	0.035050	0.035238	0.035420	0.035594	0.035756	0.035905	0.036040	0.036162	0.036269	0.036363	0.036443	0.036510	0.000000	0.653035	
211	0.036788	0.036788	0.032437	0.034217	0.034381	0.034212	0.034315	0.034466	0.034636	0.034817	0.035003	0.035188	0.035368	0.035540	0.035701	0.035849	0.035985	0.036107	0.036215	0.036310	0.036391	0.036459	0.000000	0.669911	
212	0.031052	0.032536	0.029569	0.029688	0.032816	0.033389	0.033737	0.034011	0.034255	0.034486	0.034708	0.034920	0.035121	0.035310	0.035486	0.035647	0.035794	0.035926	0.036044	0.036146	0.036235	0.036311	1.000000	0.778020	
213	0.024921	0.025910	0.022290	0.022547	0.029393	0.031418	0.032338	0.032919	0.033355	0.033716	0.034032	0.034316	0.034574	0.034810	0.035024	0.035218	0.035393	0.035549	0.035688	0.035811	0.035917	0.036008	1.000000	0.732088	
214	0.024130	0.026305	0.022943	0.025297	0.028028	0.030305	0.031458	0.032193	0.032735	0.033173	0.033547	0.033876	0.034171	0.034437	0.034676	0.034893	0.035087	0.035261	0.035415	0.035551	0.035670	0.035773	1.000000	0.677636	
215	0.026701	0.027571	0.024921	0.026899	0.027652	0.029686	0.030888	0.031689	0.032286	0.032768	0.033178	0.033536	0.033855	0.034141	0.034399	0.034631	0.034839	0.035025	0.035191	0.035337	0.035466	0.035578	1.000000	0.718653	
216	0.027275	0.028857	0.027116	0.028758	0.028020	0.029517	0.030622	0.031410	0.032014	0.032509	0.032932	0.033303	0.033633	0.033930	0.034197	0.034438	0.034655	0.034849	0.035022	0.035175	0.035310	0.035428	1.000000	0.597382	
217	0.030380	0.032635	0.030281	0.032635	0.029558	0.030084	0.030873	0.031526	0.032062	0.032518	0.032916	0.033270	0.033590	0.033879	0.034141	0.034379	0.034593	0.034786	0.034959	0.035112	0.035248	0.035366	1.000000	0.735975	
218	0.029470	0.031250	0.028896	0.030795	0.029971	0.030213	0.030864	0.031457	0.031965	0.032406	0.032798	0.033150	0.033468	0.033758	0.034022	0.034261	0.034478	0.034674	0.034849	0.035006	0.035144	0.035266	1.000000	0.682767	
219	0.029668	0.030756	0.028916	0.029312	0.029751	0.030049	0.030670	0.031252	0.031761	0.032207	0.032604	0.032962	0.033288	0.033584	0.033854	0.034099	0.034322	0.034523	0.034703	0.034865	0.035008	0.035135	1.000000	0.717422	
220	0.030657	0.030993	0.028481	0.029668	0.029723	0.029980	0.030544	0.031101	0.031600	0.032043	0.032441	0.032802	0.033130	0.033430	0.033704	0.033954	0.034181	0.034386	0.034571	0.034737	0.034884	0.035015	1.000000	0.719063	
221	0.028283	0.029074	0.027097	0.027690	0.029045	0.029563	0.030188	0.030777	0.031299	0.031762	0.032177	0.032552	0.032894	0.033205	0.033489	0.033748	0.033984	0.034197	0.034390	0.034563	0.034717	0.034854	1.000000	0.629825	
222	0.029272	0.029272	0.026938	0.027492	0.028528	0.029187	0.029851	0.030464	0.031006	0.031487	0.031917	0.032305	0.032659	0.032981	0.033275	0.033543	0.033787	0.034008	0.034208	0.034388	0.034549	0.034692	1.000000	0.707053	
223	0.027294	0.030558	0.027116	0.029866	0.028974	0.029310	0.029852	0.030407	0.030918	0.031382	0.031803	0.032186	0.032537	0.032859	0.033153	0.033423	0.033668	0.033892	0.034094	0.034276	0.034440	0.034586	1.000000	0.637212	
224	0.028877	0.033623	0.028263	0.033604	0.030517	0.030091	0.030321	0.030711	0.031125	0.031525	0.031903	0.032256	0.032584	0.032888	0.033169	0.033429	0.033666	0.033884	0.034081	0.034260	0.034421	0.034564	1.000000	0.705879	
225	0.033426	0.034612	0.031250	0.032239	0.031091	0.030481	0.030561	0.030857	0.031211	0.031571	0.031922	0.032255	0.032569	0.032863	0.033136	0.033390	0.033623	0.033837	0.034033	0.034210	0.034370	0.034513	1.000000	0.777036	
226	0.034513	0.035008	0.033129	0.034632	0.032271	0.031236	0.031070	0.031216	0.031474	0.031769	0.032072	0.032371	0.032658	0.032932	0.033190	0.033430	0.033654	0.033860	0.034048	0.034220	0.034376	0.034516	1.000000	0.623880	
227	0.033841	0.034810	0.031824	0.032437	0.032326	0.031454	0.031241	0.031333	0.031548	0.031812	0.032092	0.032374	0.032649	0.032913	0.033163	0.033398	0.033617	0.033820	0.034006	0.034176	0.034331	0.034470	1.000000	0.720708	
228	0.031052	0.032536	0.029470	0.030617	0.031757	0.031302	0.031163	0.031264	0.031476	0.031735	0.032010	0.032288	0.032560	0.032823	0.033072	0.033307	0.033526	0.033729	0.033917	0.034088	0.034244	0.034386	1.000000	0.566252	
229	0.028184	0.029391	0.027907	0.029074	0.030863	0.030897	0.030902	0.031056	0.031292	0.031563	0.031847	0.032131	0.032409	0.032676	0.032929	0.033168	0.033391	0.033598	0.033789	0.033965	0.034124	0.034269	1.000000	0.711156	
230	0.030261	0.030261	0.027888	0.028085	0.029937	0.030386	0.030550	0.030773	0.031045	0.031339	0.031638	0.031934	0.032221	0.032496	0.032756	0.033001	0.033230	0.033443	0.033639	0.033819	0.033984	0.034133	1.000000	0.598849	
231	0.027690	0.028877	0.026998	0.027789	0.029221	0.029914	0.030205	0.030489	0.030794	0.031110	0.031424	0.031732	0.032028	0.032311	0.032579	0.032830	0.033065	0.033284	0.033485	0.033671	0.033840	0.033993	1.000000	0.619509	
232	0.026859	0.027888	0.025593	0.025593	0.028012	0.029128	0.029628	0.030022	0.030394	0.030754	0.031101	0.031432	0.031748	0.032048	0.032329	0.032593	0.032839	0.033067	0.033278	0.033471	0.033648	0.033809	1.000000	0.667357	
233	0.025514	0.026305	0.024921	0.025316	0.027113	0.028435	0.029089	0.029574	0.030004	0.030403	0.030779	0.031134	0.031469	0.031784	0.032079	0.032354	0.032611	0.032849	0.033068	0.033270	0.033454	0.033622	1.000000	0.635823	
234	0.026681	0.027294	0.024881	0.025119	0.026448	0.027832	0.028593	0.029150	0.029628	0.030062	0.030465	0.030841	0.031193	0.031522	0.031830	0.032117	0.032384	0.032631	0.032859	0.033069	0.033260	0.033435	1.000000	0.591495	
235	0.026108	0.028283	0.025712	0.027195	0.026697	0.027716	0.028418	0.028964	0.029441	0.029877	0.030283	0.030663	0.031019	0.031353	0.031665	0.031956	0.032227	0.032478	0.032710	0.032923	0.033119	0.033298	1.000000	0.723384	
236	0.027294	0.029846	0.025712	0.029055	0.027483	0.027960	0.028498	0.028972	0.029411	0.029824	0.030215	0.030584	0.030933	0.031262	0.031571	0.031861	0.032131	0.032381	0.032614	0.032828	0.033025	0.033205	1.000000	0.741561	
237	0.028382	0.028481	0.025752	0.026108	0.027025	0.027623	0.028199	0.028700	0.029157	0.029584	0.029987	0.030366	0.030724	0.031060	0.031376	0.031672	0.031948	0.032205	0.032443	0.032662	0.032864	0.033049	1.000000	0.663657	
238	0.027690	0.028283	0.026503	0.027433	0.027161	0.027588	0.028103	0.028579	0.029024	0.029446	0.029845	0.030223	0.030581	0.030918	0.031235	0.031533	0.031811	0.032070	0.032311	0.032533	0.032738	0.032926	1.000000	0.696638	
239	0.028679	0.029668	0.027433	0.029668	0.027996	0.027966	0.028299	0.028683	0.029074	0.029460	0.029835	0.030196	0.030541	0.030869	0.031179	0.031472	0.031746	0.032003	0.032241	0.032462	0.032666	0.032854	1.000000	0.691398	
240	0.030854	0.032635	0.030854	0.032239	0.029411	0.028743	0.028791	0.029021	0.029317	0.029639	0.029968	0.030296	0.030615	0.030923	0.031217	0.031497	0.031761	0.032009	0.032241	0.032457	0.032656	0.032840	1.000000	0.776483	
241	0.032931	0.033821	0.032041	0.033129	0.030650	0.029541	0.029334	0.029413	0.029611	0.029864	0.030144	0.030434	0.030724	0.031009	0.031286	0.031551	0.031803	0.032041	0.032264	0.032473	0.032667	0.032847	1.000000	0.729659	
242	0.034019	0.034652	0.033129	0.033327	0.031542	0.030229	0.029833	0.029785	0.029896	0.030088	0.030321	0.030575	0.030837	0.031100	0.031358	0.031609	0.031849	0.032077	0.032292	0.032494	0.032683	0.032857	1.000000	0.678303	
243	0.034593	0.034810	0.033623	0.034019	0.032368	0.030918	0.030356	0.030189	0.030214	0.030341	0.030526	0.030743	0.030976	0.031215	0.031453	0.031688	0.031915	0.032132	0.032338	0.032532	0.032714	0.032883	1.000000	0.735997	
244	0.032832	0.034019	0.032041	0.033386	0.032707	0.031367	0.030735	0.030493	0.030458	0.030538	0.030685	0.030872	0.031080	0.031300	0.031523	0.031744	0.031959	0.032167	0.032365	0.032553	0.032729	0.032894	1.000000	0.671724	
245	0.032832	0.036392	0.032832	0.035601	0.033672	0.032137	0.031343	0.030980	0.030853	0.030864	0.030958	0.031103	0.031277	0.031468	0.031668	0.031870	0.032070	0.032264	0.032451	0.032628	0.032796	0.032953	1.000000	0.660458	
246	0.033089	0.035601	0.033089	0.034316	0.033887	0.032533	0.031715	0.031297	0.031120	0.031087	0.031145	0.031259	0.031409	0.031580	0.031763	0.031950	0.032138	0.032322	0.032500	0.032670	0.032831	0.032983	1.000000	0.706087	
247	0.033426	0.034810	0.032437	0.033228	0.033667	0.032659	0.031904	0.031481	0.031282	0.031225	0.031261	0.031355	0.031488	0.031645	0.031815	0.031992	0.032171	0.032347	0.032519	0.032684	0.032841	0.032989	1.000000	0.654034	
248	0.032832	0.033327	0.031843	0.032437	0.033257	0.032619	0.031970	0.031572	0.031371	0.031303	0.031326	0.031408	0.031529	0.031676	0.031837	0.032007	0.032179	0.032350	0.032517	0.032678	0.032831	0.032977	1.000000	0.610506	
249	0.033426	0.033821	0.030854	0.031250	0.032588	0.032370	0.031880	0.031541	0.031361	0.031300	0.031322	0.031400	0.031517	0.031659	0.031816	0.031982	0.032151	0.032319	0.032483	0.032642	0.032795	0.032939	1.000000	0.660569	
250	0.029747	0.031586	0.026879	0.027690	0.030955	0.031519	0.031357	0.031175	0.031079	0.031067	0.031120	0.031219	0.031351	0.031503	0.031669	0.031841	0.032015	0.032188	0.032357	0.032520	0.032676	0.032823	1.000000	0.633845	
251	0.028085	0.029470	0.026602	0.027453	0.029788	0.030780	0.030869	0.030820	0.030800	0.030834	0.030916	0.031036	0.031181	0.031345	0.031518	0.031697	0.031877	0.032055	0.032228	0.032395	0.032554	0.032705	1.000000	0.724441	
252	0.025910	0.027888	0.025910	0.027017	0.028864	0.030096	0.030387	0.030458	0.030509	0.030588	0.030700	0.030840	0.031000	0.031175	0.031358	0.031544	0.031730	0.031913	0.032091	0.032262	0.032426	0.032580	1.000000	0.733951	
253	0.027907	0.029074	0.027294	0.028778	0.028835	0.029856	0.030186	0.030298	0.030376	0.030471	0.030593	0.030739	0.030904	0.031081	0.031265	0.031453	0.031640	0.031825	0.032004	0.032176	0.032341	0.032497	1.000000	0.724047	
254	0.028877	0.029074	0.027888	0.028738	0.028803	0.029653	0.030005	0.030149	0.030250	0.030359	0.030490	0.030641	0.030809	0.030989	0.031175	0.031364	0.031552	0.031738	0.031918	0.032091	0.032257	0.032414	1.000000	0.659397	
255	0.028085	0.028382	0.027097	0.027888	0.028498	0.029332	0.029740	0.029934	0.030068	0.030200	0.030345	0.030507	0.030682	0.030867	0.031058	0.031250	0.031441	0.031629	0.031812	0.031988	0.032155	0.032315	1.000000	0.647968	
256	0.029173	0.029173	0.026721	0.027097	0.028031	0.028925	0.029410	0.029664	0.029840	0.029999	0.030165	0.030341	0.030527	0.030719	0.030916	0.031114	0.031310	0.031502	0.031688	0.031867	0.032038	0.032200	1.000000	0.616241	
257	0.026701	0.027888	0.026305	0.026305	0.027456	0.028449	0.029022	0.029344	0.029568	0.029761	0.029950	0.030144	0.030343	0.030546	0.030752	0.030956	0.031158	0.031355	0.031546	0.031729	0.031904	0.032070	1.000000	0.752704	
258	0.026899	0.027888	0.023536	0.024862	0.026591	0.027797	0.028502	0.028917	0.029206	0.029445	0.029668	0.029886	0.030105	0.030323	0.030541	0.030756	0.030967	0.031172	0.031370	0.031560	0.031741	0.031912	1.000000	0.694284	
259	0.025910	0.028382	0.025910	0.028283	0.027155	0.027885	0.028474	0.028857	0.029135	0.029370	0.029591	0.029808	0.030025	0.030243	0.030461	0.030675	0.030886	0.031091	0.031289	0.031479	0.031660	0.031832	1.000000	0.716093	
260	0.027294	0.028778	0.025613	0.026642	0.026984	0.027659	0.028245	0.028646	0.028943	0.029194	0.029427	0.029654	0.029878	0.030102	0.030324	0.030543	0.030757	0.030966	0.031167	0.031359	0.031543	0.031718	1.000000	0.750217	
261	0.025989	0.026899	0.025316	0.026424	0.026797	0.027435	0.028018	0.028434	0.028749	0.029015	0.029260	0.029496	0.029728	0.029958	0.030185	0.030408	0.030626	0.030838	0.031042	0.031238	0.031424	0.031602	1.000000	0.618065	
262	0.026701	0.028877	0.025514	0.028877	0.027490	0.027697	0.028125	0.028476	0.028759	0.029006	0.029239	0.029466	0.029691	0.029916	0.030138	0.030358	0.030573	0.030782	0.030985	0.031179	0.031365	0.031542	1.000000	0.605501	
263	0.027097	0.028283	0.026602	0.027294	0.027425	0.027624	0.028021	0.028364	0.028646	0.028896	0.029131	0.029360	0.029587	0.029813	0.030037	0.030257	0.030474	0.030684	0.030888	0.031083	0.031271	0.031448	1.000000	0.574014	
264	0.026325	0.027294	0.025910	0.025969	0.026940	0.027323	0.027765	0.028136	0.028440	0.028707	0.028955	0.029194	0.029430	0.029662	0.029891	0.030117	0.030337	0.030551	0.030758	0.030957	0.031147	0.031328	1.000000	0.536667	
265	0.026483	0.026899	0.025613	0.026305	0.026728	0.027138	0.027582	0.027961	0.028276	0.028552	0.028808	0.029054	0.029294	0.029530	0.029763	0.029992	0.030215	0.030432	0.030641	0.030842	0.031035	0.031218	1.000000	0.590422	
266	0.026305	0.028283	0.026305	0.028263	0.027240	0.027342	0.027667	0.027990	0.028275	0.028534	0.028778	0.029015	0.029249	0.029481	0.029710	0.029935	0.030156	0.030371	0.030579	0.030779	0.030970	0.031153	1.000000	0.652203	
267	0.027888	0.028283	0.027097	0.027492	0.027324	0.027370	0.027646	0.027943	0.028215	0.028466	0.028706	0.028941	0.029173	0.029403	0.029631	0.029855	0.030075	0.030290	0.030497	0.030697	0.030889	0.031072	1.000000	0.712471	
268	0.026899	0.028877	0.026009	0.026028	0.026892	0.027126	0.027443	0.027760	0.028047	0.028309	0.028557	0.028799	0.029036	0.029270	0.029502	0.029730	0.029953	0.030170	0.030380	0.030582	0.030776	0.030961	1.000000	0.561876	
269	0.027294	0.030241	0.027294	0.030241	0.028009	0.027692	0.027793	0.027997	0.028216	0.028434	0.028651	0.028869	0.029088	0.029308	0.029528	0.029746	0.029961	0.030172	0.030376	0.030574	0.030764	0.030946	1.000000	0.674506	
270	0.029668	0.031052	0.029272	0.030558	0.028858	0.028213	0.028139	0.028241	0.028396	0.028571	0.028757	0.028951	0.029152	0.029357	0.029565	0.029773	0.029979	0.030182	0.030381	0.030573	0.030759	0.030937	1.000000	0.721111	
271	0.031270	0.031804	0.030558	0.031804	0.029840	0.028866	0.028597	0.028580	0.028658	0.028779	0.028926	0.029091	0.029268	0.029453	0.029645	0.029840	0.030035	0.030228	0.030418	0.030604	0.030783	0.030956	1.000000	0.776093	
272	0.030063	0.031250	0.029470	0.030063	0.029915	0.029084	0.028780	0.028721	0.028766	0.028862	0.028989	0.029138	0.029302	0.029477	0.029660	0.029847	0.030036	0.030223	0.030409	0.030590	0.030767	0.030936	1.000000	0.644445	
273	0.030162	0.031883	0.029569	0.031052	0.030294	0.029442	0.029064	0.028943	0.028942	0.029003	0.029104	0.029231	0.029378	0.029539	0.029710	0.029886	0.030066	0.030247	0.030426	0.030602	0.030773	0.030939	1.000000	0.579515	
274	0.030439	0.031843	0.029668	0.031843	0.030810	0.029878	0.029412	0.029219	0.029165	0.029187	0.029256	0.029359	0.029485	0.029629	0.029786	0.029951	0.030120	0.030292	0.030463	0.030632	0.030798	0.030959	1.000000	0.645931	
275	0.031883	0.033426	0.031685	0.032437	0.031352	0.030343	0.029790	0.029526	0.029417	0.029396	0.029433	0.029509	0.029614	0.029740	0.029881	0.030032	0.030190	0.030352	0.030515	0.030677	0.030836	0.030991	1.000000	0.746788	
276	0.032437	0.035206	0.032239	0.034612	0.032439	0.031120	0.030393	0.030010	0.029816	0.029733	0.029721	0.029758	0.029831	0.029931	0.030050	0.030182	0.030324	0.030472	0.030623	0.030774	0.030924	0.031071	1.000000	0.696340	
277	0.036096	0.037184	0.035008	0.036412	0.033763	0.032082	0.031145	0.030620	0.030324	0.030164	0.030092	0.030082	0.030117	0.030185	0.030277	0.030387	0.030509	0.030640	0.030775	0.030913	0.031052	0.031188	1.000000	0.725417	
278	0.036986	0.038964	0.036590	0.038370	0.035299	0.033225	0.032048	0.031358	0.030943	0.030693	0.030552	0.030487	0.030476	0.030506	0.030566	0.030648	0.030747	0.030857	0.030975	0.031098	0.031222	0.031346	1.000000	0.671159	
279	0.039755	0.041515	0.038588	0.041139	0.037246	0.034664	0.033185	0.032290	0.031727	0.031367	0.031140	0.031006	0.030940	0.030923	0.030943	0.030992	0.031062	0.031147	0.031243	0.031345	0.031452	0.031561	1.000000	0.677781	
280	0.043513	0.046677	0.043513	0.046657	0.040383	0.036845	0.034869	0.033658	0.032876	0.032354	0.032002	0.031770	0.031623	0.031540	0.031505	0.031506	0.031535	0.031584	0.031648	0.031724	0.031806	0.031893	0.000000	0.750805	
281	0.044699	0.047468	0.044304	0.046677	0.042481	0.038632	0.036345	0.034898	0.033937	0.033278	0.032818	0.032497	0.032278	0.032133	0.032047	0.032003	0.031993	0.032009	0.032044	0.032093	0.032152	0.032218	0.000000	0.718470	
282	0.046479	0.048062	0.044502	0.044680	0.043214	0.039732	0.037387	0.035830	0.034764	0.034013	0.033477	0.033091	0.032817	0.032625	0.032498	0.032419	0.032378	0.032366	0.032376	0.032404	0.032443	0.032492	0.000000	0.740132	
283	0.041733	0.044502	0.041139	0.042484	0.042971	0.040232	0.038024	0.036463	0.035357	0.034560	0.033977	0.033550	0.033237	0.033012	0.032854	0.032749	0.032684	0.032651	0.032642	0.032652	0.032677	0.032712	0.000000	0.753311	
284	0.043710	0.045491	0.042722	0.043710	0.043217	0.040865	0.038735	0.037153	0.036000	0.035150	0.034518	0.034045	0.033692	0.033432	0.033242	0.033108	0.033018	0.032962	0.032934	0.032925	0.032933	0.032953	0.000000	0.672542	
285	0.044304	0.044304	0.042326	0.043513	0.043316	0.041346	0.039332	0.037759	0.036578	0.035690	0.035018	0.034507	0.034119	0.033827	0.033609	0.033449	0.033336	0.033260	0.033212	0.033187	0.033179	0.033185	0.000000	0.638646	
286	0.045095	0.045313	0.043513	0.044917	0.043849	0.041995	0.040030	0.038441	0.037219	0.036285	0.035568	0.035015	0.034589	0.034262	0.034013	0.033825	0.033687	0.033588	0.033520	0.033477	0.033452	0.033443	0.000000	0.629648	
287	0.047468	0.047468	0.044699	0.046677	0.044792	0.042847	0.040861	0.039225	0.037947	0.036956	0.036185	0.035584	0.035114	0.034749	0.034465	0.034247	0.034081	0.033957	0.033866	0.033802	0.033760	0.033734	0.000000	0.581516	
288	0.046361	0.047271	0.045293	0.046677	0.045420	0.043543	0.041588	0.039935	0.038618	0.037583	0.036768	0.036125	0.035617	0.035217	0.034901	0.034654	0.034463	0.034315	0.034203	0.034120	0.034060	0.034019	0.000000	0.701460	
289	0.047468	0.048240	0.046479	0.047864	0.046235	0.044329	0.042372	0.040690	0.039330	0.038246	0.037384	0.036697	0.036150	0.035713	0.035364	0.035087	0.034869	0.034697	0.034563	0.034460	0.034381	0.034323	0.000000	0.730060	
290	0.048952	0.051424	0.048161	0.050633	0.047701	0.045475	0.043405	0.041637	0.040199	0.039045	0.038120	0.037377	0.036779	0.036298	0.035909	0.035597	0.035346	0.035146	0.034986	0.034859	0.034759	0.034681	0.000000	0.703688	
291	0.051820	0.052195	0.050633	0.051029	0.048810	0.046485	0.044358	0.042531	0.041032	0.039818	0.038837	0.038043	0.037399	0.036875	0.036449	0.036103	0.035822	0.035593	0.035408	0.035258	0.035138	0.035041	0.000000	0.741774	
292	0.051622	0.051721	0.050336	0.051127	0.049583	0.047329	0.045204	0.043350	0.041809	0.040548	0.039520	0.038681	0.037996	0.037434	0.036974	0.036596	0.036285	0.036031	0.035822	0.035650	0.035509	0.035394	0.000000	0.724765	
293	0.051028	0.051602	0.050040	0.050040	0.049735	0.047822	0.045809	0.043987	0.042442	0.041160	0.040105	0.039235	0.038519	0.037929	0.037440	0.037036	0.036702	0.036425	0.036196	0.036005	0.035847	0.035716	0.000000	0.626988	
294	0.049644	0.050237	0.047864	0.048259	0.049243	0.047901	0.046115	0.044394	0.042889	0.041618	0.040558	0.039676	0.038943	0.038334	0.037827	0.037404	0.037052	0.036759	0.036513	0.036308	0.036136	0.035992	0.000000	0.800034	
295	0.048101	0.049051	0.046677	0.046776	0.048421	0.047697	0.046198	0.044621	0.043188	0.041951	0.040903	0.040022	0.039283	0.038665	0.038146	0.037712	0.037347	0.037041	0.036783	0.036566	0.036384	0.036229	0.000000	0.646856	
296	0.042326	0.044482	0.041812	0.044106	0.046983	0.047044	0.045936	0.044572	0.043259	0.042090	0.041081	0.040221	0.039493	0.038878	0.038359	0.037921	0.037552	0.037240	0.036976	0.036753	0.036563	0.036402	0.000000	0.494915	
297	0.045491	0.046084	0.044106	0.045510	0.046492	0.046765	0.045883	0.044661	0.043432	0.042311	0.041327	0.040479	0.039755	0.039138	0.038615	0.038170	0.037793	0.037473	0.037201	0.036969	0.036771	0.036602	0.000000	0.739002	
298	0.046084	0.048260	0.045491	0.046875	0.046620	0.046785	0.046007	0.044872	0.043697	0.042605	0.041635	0.040791	0.040064	0.039442	0.038910	0.038456	0.038068	0.037738	0.037455	0.037213	0.037006	0.036828	0.000000	0.659457	
299	0.046677	0.047864	0.045688	0.046183	0.046474	0.046676	0.046029	0.044997	0.043888	0.042836	0.041888	0.041054	0.040330	0.039706	0.039169	0.038709	0.038314	0.037976	0.037685	0.037435	0.037220	0.037033	0.000000	0.672070	
300	0.048853	0.049644	0.046875	0.048457	0.047135	0.046999	0.046332	0.045326	0.044240	0.043199	0.042253	0.041415	0.040684	0.040049	0.039501	0.039029	0.038622	0.038271	0.037968	0.037707	0.037481	0.037285	0.000000	0.769062	
301	0.048833	0.049644	0.046717	0.046875	0.047048	0.046977	0.046400	0.045474	0.044442	0.043436	0.042510	0.041682	0.040953	0.040317	0.039764	0.039286	0.038872	0.038513	0.038203	0.037933	0.037699	0.037495	0.000000	0.704008	
302	0.044304	0.046875	0.043710	0.045233	0.046443	0.046660	0.046254	0.045451	0.044503	0.043552	0.042661	0.041855	0.041139	0.040510	0.039960	0.039481	0.039064	0.038702	0.038388	0.038114	0.037875	0.037665	0.000000	0.759058	
303	0.046875	0.048062	0.045669	0.046499	0.046462	0.046631	0.046285	0.045551	0.044657	0.043742	0.042874	0.042081	0.041372	0.040745	0.040193	0.039711	0.039290	0.038922	0.038601	0.038321	0.038075	0.037860	0.000000	0.782813	
304	0.045886	0.046499	0.044304	0.044541	0.045822	0.046251	0.046067	0.045455	0.044648	0.043794	0.042967	0.042201	0.041510	0.040893	0.040349	0.039869	0.039449	0.039080	0.038758	0.038474	0.038226	0.038006	0.000000	0.758823	
305	0.046381	0.047271	0.045688	0.045688	0.045777	0.046148	0.046020	0.045477	0.044728	0.043916	0.043118	0.042372	0.041692	0.041081	0.040539	0.040060	0.039638	0.039267	0.038940	0.038652	0.038399	0.038175	0.000000	0.657297	
306	0.043315	0.045688	0.041752	0.042326	0.044627	0.045453	0.045558	0.045177	0.044543	0.043813	0.043074	0.042369	0.041719	0.041130	0.040603	0.040134	0.039719	0.039353	0.039029	0.038743	0.038490	0.038266	0.000000	0.642028	
307	0.042326	0.043117	0.040763	0.042544	0.043932	0.044924	0.045181	0.044926	0.044389	0.043731	0.043045	0.042378	0.041755	0.041186	0.040672	0.040213	0.039805	0.039443	0.039122	0.038837	0.038585	0.038360	0.000000	0.679677	
308	0.042919	0.043908	0.041456	0.042128	0.043331	0.044416	0.044800	0.044660	0.044215	0.043628	0.042994	0.042366	0.041771	0.041223	0.040724	0.040276	0.039875	0.039518	0.039201	0.038918	0.038667	0.038443	0.000000	0.735402	
309	0.042326	0.042326	0.040190	0.041199	0.042620	0.043831	0.044349	0.044330	0.043983	0.043471	0.042894	0.042309	0.041746	0.041222	0.040741	0.040306	0.039915	0.039566	0.039253	0.038975	0.038726	0.038504	0.000000	0.778455	
310	0.042919	0.043513	0.041831	0.042326	0.042522	0.043557	0.044096	0.044139	0.043856	0.043397	0.042862	0.042310	0.041771	0.041265	0.040798	0.040373	0.039988	0.039643	0.039334	0.039057	0.038810	0.038588	0.000000	0.661100	
311	0.043335	0.043335	0.041733	0.042919	0.042655	0.043441	0.043949	0.044023	0.043784	0.043366	0.042866	0.042339	0.041821	0.041330	0.040874	0.040456	0.040077	0.039736	0.039428	0.039153	0.038905	0.038683	0.000000	0.709017	
312	0.043710	0.044897	0.042959	0.044106	0.043138	0.043562	0.043969	0.044031	0.043809	0.043414	0.042934	0.042425	0.041921	0.041439	0.040989	0.040576	0.040199	0.039859	0.039552	0.039275	0.039026	0.038802	0.000000	0.599143	
313	0.043710	0.044106	0.042722	0.043513	0.043263	0.043553	0.043912	0.043982	0.043786	0.043421	0.042967	0.042479	0.041990	0.041520	0.041079	0.040672	0.040300	0.039962	0.039656	0.039380	0.039131	0.038906	0.000000	0.663964	
314	0.043117	0.043908	0.042346	0.042563	0.043030	0.043373	0.043743	0.043846	0.043692	0.043365	0.042944	0.042483	0.042015	0.041561	0.041132	0.040734	0.040368	0.040035	0.039732	0.039458	0.039210	0.038986	0.000000	0.731418	
315	0.041377	0.042722	0.040744	0.042128	0.042729	0.043147	0.043541	0.043683	0.043571	0.043285	0.042899	0.042465	0.042020	0.041583	0.041168	0.040780	0.040422	0.040094	0.039795	0.039524	0.039278	0.039055	0.000000	0.701734	
316	0.043315	0.043671	0.040744	0.042405	0.042621	0.043012	0.043399	0.043561	0.043482	0.043229	0.042871	0.042462	0.042037	0.041615	0.041212	0.040833	0.040482	0.040159	0.039864	0.039595	0.039351	0.039129	0.000000	0.728237	
317	0.043315	0.043710	0.041930	0.043612	0.042951	0.043121	0.043426	0.043566	0.043492	0.043253	0.042913	0.042518	0.042105	0.041694	0.041298	0.040924	0.040577	0.040256	0.039963	0.039694	0.039450	0.039227	0.000000	0.582427	
318	0.041337	0.042741	0.040150	0.041357	0.042420	0.042800	0.043167	0.043356	0.043328	0.043131	0.042826	0.042462	0.042072	0.041681	0.041300	0.040938	0.040600	0.040287	0.039999	0.039735	0.039494	0.039274	0.000000	0.649819	
319	0.041752	0.041772	0.037975	0.038964	0.041268	0.042103	0.042642	0.042937	0.042992	0.042862	0.042612	0.042291	0.041937	0.041574	0.041216	0.040874	0.040551	0.040250	0.039972	0.039716	0.039482	0.039267	0.000000	0.665835	
320	0.039161	0.041139	0.038766	0.040744	0.041093	0.041856	0.042405	0.042728	0.042819	0.042725	0.042508	0.042216	0.041885	0.041541	0.041199	0.040869	0.040557	0.040264	0.039992	0.039742	0.039511	0.039300	0.000000	0.622915	
321	0.040150	0.041337	0.040051	0.040585	0.040924	0.041625	0.042177	0.042524	0.042647	0.042587	0.042401	0.042136	0.041829	0.041504	0.041178	0.040860	0.040557	0.040273	0.040008	0.039763	0.039536	0.039328	0.000000	0.661108	
322	0.040843	0.040843	0.036531	0.036788	0.039545	0.040745	0.041504	0.041978	0.042196	0.042213	0.042089	0.041875	0.041610	0.041319	0.041021	0.040727	0.040443	0.040175	0.039923	0.039689	0.039472	0.039272	0.000000	0.712410	
323	0.037381	0.039537	0.035997	0.039537	0.039543	0.040526	0.041258	0.041745	0.041992	0.042041	0.041947	0.041761	0.041520	0.041249	0.040968	0.040688	0.040416	0.040157	0.039913	0.039685	0.039474	0.039278	0.000000	0.625139	
324	0.037085	0.038370	0.036195	0.036986	0.038690	0.039882	0.040724	0.041292	0.041607	0.041714	0.041672	0.041528	0.041322	0.041082	0.040826	0.040566	0.040312	0.040067	0.039836	0.039619	0.039416	0.039228	0.000000	0.749471	
325	0.036788	0.039359	0.036195	0.036788	0.038056	0.039319	0.040232	0.040863	0.041236	0.041397	0.041400	0.041297	0.041125	0.040914	0.040681	0.040442	0.040205	0.039975	0.039756	0.039549	0.039355	0.039174	0.000000	0.661069	
326	0.037579	0.040051	0.036788	0.038766	0.038293	0.039219	0.040049	0.040663	0.041046	0.041227	0.041254	0.041174	0.041023	0.040829	0.040613	0.040387	0.040161	0.039941	0.039730	0.039530	0.039341	0.039165	0.000000	0.672261	
327	0.039359	0.039359	0.037104	0.037579	0.038055	0.038921	0.039740	0.040370	0.040779	0.040992	0.041050	0.040998	0.040873	0.040702	0.040505	0.040295	0.040083	0.039875	0.039673	0.039481	0.039300	0.039130	0.000000	0.735419	
328	0.037381	0.038331	0.034691	0.034810	0.036973	0.038173	0.039124	0.039840	0.040320	0.040593	0.040703	0.040696	0.040609	0.040471	0.040301	0.040115	0.039923	0.039732	0.039545	0.039366	0.039196	0.039035	0.000000	0.654238	
329	0.033228	0.034850	0.033010	0.034177	0.036041	0.037447	0.038505	0.039301	0.039848	0.040179	0.040341	0.040378	0.040330	0.040224	0.040083	0.039921	0.039749	0.039575	0.039404	0.039238	0.039079	0.038928	0.000000	0.723375	
330	0.035997	0.036590	0.034237	0.034415	0.035499	0.036895	0.037994	0.038836	0.039430	0.039807	0.040011	0.040087	0.040073	0.039996	0.039880	0.039740	0.039588	0.039430	0.039273	0.039119	0.038971	0.038829	0.000000	0.695929	
331	0.035206	0.035799	0.034217	0.034810	0.035269	0.036516	0.037596	0.038452	0.039074	0.039485	0.039722	0.039830	0.039844	0.039793	0.039699	0.039579	0.039443	0.039300	0.039155	0.039012	0.038874	0.038741	0.000000	0.681037	
332	0.036195	0.038766	0.035641	0.038766	0.036435	0.036925	0.037742	0.038482	0.039051	0.039438	0.039669	0.039778	0.039797	0.039753	0.039666	0.039552	0.039422	0.039285	0.039145	0.039006	0.038871	0.038741	0.000000	0.660042	
333	0.038172	0.039102	0.037579	0.038944	0.037271	0.037292	0.037892	0.038526	0.039042	0.039406	0.039629	0.039737	0.039760	0.039721	0.039640	0.039532	0.039408	0.039275	0.039140	0.039005	0.038873	0.038746	0.000000	0.704560	
334	0.040249	0.040843	0.038766	0.040744	0.038429	0.037920	0.038249	0.038737	0.039173	0.039493	0.039691	0.039786	0.039803	0.039761	0.039679	0.039572	0.039448	0.039317	0.039182	0.039048	0.038917	0.038790	0.000000	0.654482	
335	0.041337	0.041733	0.040744	0.041733	0.039530	0.038613	0.038684	0.039022	0.039370	0.039637	0.039804	0.039881	0.039887	0.039838	0.039753	0.039643	0.039517	0.039385	0.039249	0.039114	0.038982	0.038854	0.000000	0.688789	
336	0.041139	0.042524	0.040941	0.040941	0.040000	0.039036	0.038966	0.039205	0.039491	0.039721	0.039868	0.039933	0.039932	0.039882	0.039795	0.039685	0.039561	0.039428	0.039294	0.039159	0.039028	0.038900	0.000000	0.664754	
337	0.041535	0.043315	0.040744	0.043315	0.041105	0.039814	0.039510	0.039597	0.039785	0.039953	0.040059	0.040098	0.040079	0.040016	0.039921	0.039804	0.039674	0.039538	0.039399	0.039262	0.039127	0.038997	0.000000	0.673935	
338	0.043117	0.044106	0.041139	0.041139	0.041117	0.040055	0.039714	0.039744	0.039889	0.040030	0.040119	0.040149	0.040126	0.040060	0.039964	0.039848	0.039719	0.039583	0.039445	0.039308	0.039174	0.039044	0.000000	0.683092	
339	0.040941	0.042524	0.040941	0.042524	0.041586	0.040504	0.040065	0.040008	0.040092	0.040191	0.040253	0.040265	0.040230	0.040157	0.040056	0.039936	0.039804	0.039666	0.039526	0.039388	0.039252	0.039121	0.000000	0.753224	
340	0.042524	0.043315	0.041733	0.042326	0.041832	0.040835	0.040348	0.040229	0.040264	0.040328	0.040368	0.040365	0.040321	0.040242	0.040137	0.040014	0.039880	0.039741	0.039600	0.039460	0.039323	0.039191	0.000000	0.602825	
341	0.041733	0.041930	0.041119	0.041377	0.041680	0.040934	0.040476	0.040338	0.040349	0.040396	0.040424	0.040415	0.040367	0.040286	0.040181	0.040059	0.039926	0.039787	0.039647	0.039507	0.039371	0.039239	0.000000	0.662278	
342	0.041139	0.041535	0.039794	0.039794	0.041052	0.040727	0.040391	0.040287	0.040307	0.040357	0.040389	0.040384	0.040342	0.040267	0.040167	0.040050	0.039922	0.039787	0.039650	0.039514	0.039381	0.039252	0.000000	0.747233	
343	0.040348	0.040783	0.039379	0.039755	0.040619	0.040550	0.040311	0.040236	0.040264	0.040318	0.040354	0.040354	0.040316	0.040247	0.040153	0.040040	0.039917	0.039786	0.039653	0.039520	0.039390	0.039263	0.000000	0.778600	
344	0.039755	0.041752	0.039161	0.041752	0.040997	0.040768	0.040492	0.040380	0.040379	0.040411	0.040431	0.040422	0.040379	0.040306	0.040210	0.040096	0.039972	0.039842	0.039708	0.039576	0.039445	0.039317	0.000000	0.761542	
345	0.041535	0.042128	0.040744	0.040843	0.040946	0.040782	0.040535	0.040424	0.040414	0.040439	0.040454	0.040442	0.040399	0.040327	0.040232	0.040121	0.039999	0.039870	0.039738	0.039607	0.039477	0.039351	0.000000	0.639547	
346	0.040941	0.041159	0.038469	0.038687	0.040193	0.040401	0.040304	0.040259	0.040282	0.040326	0.040356	0.040357	0.040325	0.040263	0.040177	0.040074	0.039959	0.039836	0.039711	0.039584	0.039459	0.039336	0.000000	0.655068	
347	0.038568	0.038865	0.036788	0.037777	0.039387	0.039924	0.039988	0.040022	0.040089	0.040161	0.040213	0.040231	0.040214	0.040165	0.040091	0.039999	0.039893	0.039778	0.039660	0.039539	0.039420	0.039302	0.000000	0.700791	
348	0.038172	0.038766	0.037203	0.038370	0.039048	0.039641	0.039786	0.039865	0.039957	0.040046	0.040110	0.040140	0.040134	0.040095	0.040030	0.039945	0.039847	0.039739	0.039626	0.039511	0.039395	0.039282	0.000000	0.669810	
349	0.036135	0.038766	0.035206	0.036294	0.038130	0.039033	0.039350	0.039525	0.039675	0.039804	0.039898	0.039953	0.039967	0.039946	0.039896	0.039825	0.039739	0.039642	0.039538	0.039431	0.039323	0.039216	0.000000	0.680647	
350	0.036788	0.036808	0.035008	0.035028	0.037096	0.038305	0.038809	0.039097	0.039317	0.039495	0.039628	0.039712	0.039752	0.039753	0.039723	0.039668	0.039596	0.039512	0.039419	0.039322	0.039223	0.039124	0.000000	0.718107	
351	0.035403	0.037184	0.032951	0.033544	0.035912	0.037439	0.038151	0.038568	0.038873	0.039112	0.039290	0.039411	0.039482	0.039509	0.039502	0.039467	0.039413	0.039344	0.039265	0.039180	0.039091	0.039001	0.000000	0.664507	
352	0.030261	0.035423	0.028085	0.029767	0.033864	0.036044	0.037103	0.037730	0.038173	0.038509	0.038761	0.038941	0.039060	0.039127	0.039154	0.039149	0.039120	0.039074	0.039015	0.038947	0.038874	0.038798	0.000000	0.751949	
353	0.030261	0.031250	0.029767	0.030439	0.032722	0.035025	0.036270	0.037035	0.037578	0.037988	0.038298	0.038526	0.038685	0.038787	0.038843	0.038864	0.038857	0.038831	0.038789	0.038737	0.038678	0.038615	0.000000	0.679325	
354	0.030459	0.030657	0.028679	0.029371	0.031605	0.033997	0.035408	0.036305	0.036947	0.037432	0.037802	0.038080	0.038280	0.038417	0.038505	0.038553	0.038570	0.038564	0.038541	0.038506	0.038462	0.038411	0.000000	0.639729	
355	0.028481	0.029430	0.027294	0.028877	0.030696	0.033066	0.034591	0.035598	0.036326	0.036880	0.037307	0.037631	0.037871	0.038043	0.038161	0.038235	0.038276	0.038291	0.038287	0.038268	0.038239	0.038202	0.000000	0.769155	
356	0.028283	0.028580	0.021361	0.023042	0.028144	0.031243	0.033148	0.034402	0.035304	0.035987	0.036514	0.036919	0.037226	0.037455	0.037621	0.037737	0.037815	0.037862	0.037886	0.037892	0.037885	0.037869	0.000000	0.736172	
357	0.023339	0.023912	0.012658	0.017089	0.024459	0.028670	0.031140	0.032753	0.033903	0.034768	0.035435	0.035952	0.036351	0.036656	0.036888	0.037060	0.037186	0.037277	0.037339	0.037379	0.037402	0.037412	1.000000	0.658042	
358	0.017405	0.019976	0.014419	0.018691	0.022536	0.026855	0.029584	0.031414	0.032733	0.033731	0.034505	0.035110	0.035583	0.035952	0.036238	0.036458	0.036626	0.036753	0.036848	0.036917	0.036967	0.037000	1.000000	0.686692	
359	0.020372	0.023339	0.019185	0.022943	0.022672	0.026144	0.028754	0.030607	0.031980	0.033035	0.033862	0.034516	0.035033	0.035442	0.035763	0.036015	0.036211	0.036364	0.036482	0.036572	0.036641	0.036692	1.000000	0.663626	
360	0.024328	0.028600	0.021954	0.027591	0.024312	0.026407	0.028609	0.030320	0.031642	0.032684	0.033514	0.034178	0.034710	0.035134	0.035471	0.035739	0.035950	0.036117	0.036248	0.036350	0.036430	0.036491	0.000000	0.728357	
361	0.029767	0.030261	0.027888	0.029866	0.026163	0.027036	0.028766	0.030277	0.031505	0.032502	0.033311	0.033968	0.034499	0.034927	0.035271	0.035546	0.035766	0.035941	0.036080	0.036190	0.036277	0.036346	0.000000	0.613418	
362	0.029866	0.030518	0.027927	0.028580	0.026969	0.027317	0.028742	0.030115	0.031280	0.032249	0.033048	0.033705	0.034242	0.034678	0.035032	0.035318	0.035548	0.035733	0.035883	0.036002	0.036098	0.036175	0.000000	0.637003	
363	0.029866	0.029866	0.026384	0.026899	0.026945	0.027241	0.028512	0.029809	0.030943	0.031904	0.032707	0.033373	0.033923	0.034373	0.034741	0.035042	0.035286	0.035485	0.035646	0.035778	0.035884	0.035971	0.000000	0.641740	
364	0.026108	0.026899	0.024090	0.025653	0.026514	0.026952	0.028155	0.029413	0.030536	0.031500	0.032315	0.032997	0.033563	0.034031	0.034417	0.034734	0.034994	0.035208	0.035383	0.035528	0.035646	0.035745	0.000000	0.767045	
365	0.024723	0.027888	0.023339	0.024921	0.025983	0.026583	0.027750	0.028985	0.030104	0.031076	0.031904	0.032603	0.033187	0.033674	0.034078	0.034412	0.034689	0.034918	0.035108	0.035266	0.035397	0.035507	0.000000	0.678962	
366	0.025099	0.025099	0.023141	0.023141	0.025036	0.025957	0.027174	0.028428	0.029569	0.030564	0.031417	0.032141	0.032750	0.033261	0.033687	0.034042	0.034339	0.034586	0.034793	0.034966	0.035112	0.035235	0.000000	0.704089	
367	0.024328	0.024328	0.022350	0.023794	0.024622	0.025564	0.026752	0.027987	0.029124	0.030127	0.030994	0.031734	0.032361	0.032890	0.033334	0.033706	0.034019	0.034282	0.034503	0.034690	0.034849	0.034983	0.000000	0.677305	
368	0.023497	0.024110	0.021954	0.022607	0.023950	0.025026	0.026234	0.027475	0.028623	0.029642	0.030528	0.031289	0.031937	0.032486	0.032951	0.033343	0.033673	0.033953	0.034190	0.034392	0.034564	0.034711	0.000000	0.673275	
369	0.023358	0.024525	0.020174	0.020174	0.022691	0.024144	0.025476	0.026779	0.027973	0.029031	0.029953	0.030746	0.031425	0.032004	0.032494	0.032911	0.033264	0.033565	0.033822	0.034041	0.034229	0.034392	0.000000	0.743872	
370	0.020570	0.021954	0.019383	0.021954	0.022446	0.023746	0.025036	0.026320	0.027510	0.028575	0.029508	0.030318	0.031014	0.031609	0.032118	0.032552	0.032922	0.033238	0.033509	0.033743	0.033944	0.034119	0.000000	0.683943	
371	0.021954	0.023141	0.019976	0.021954	0.022282	0.023420	0.024651	0.025904	0.027083	0.028147	0.029089	0.029910	0.030620	0.031231	0.031755	0.032204	0.032589	0.032920	0.033205	0.033451	0.033665	0.033851	0.000000	0.655250	
372	0.019778	0.021954	0.018888	0.020174	0.021579	0.022830	0.024091	0.025358	0.026551	0.027633	0.028593	0.029435	0.030166	0.030797	0.031341	0.031810	0.032213	0.032561	0.032862	0.033124	0.033351	0.033551	0.000000	0.675579	
373	0.020372	0.020965	0.019007	0.020392	0.021183	0.022386	0.023629	0.024885	0.026078	0.027166	0.028138	0.028994	0.029741	0.030389	0.030950	0.031435	0.031855	0.032218	0.032534	0.032809	0.033050	0.033261	0.000000	0.608592	
374	0.022152	0.023141	0.021657	0.022350	0.021572	0.022380	0.023469	0.024644	0.025791	0.026855	0.027816	0.028669	0.029419	0.030074	0.030643	0.031137	0.031567	0.031940	0.032266	0.032551	0.032801	0.033022	0.000000	0.572835	
375	0.023339	0.023734	0.020273	0.020273	0.021139	0.021997	0.023069	0.024228	0.025366	0.026430	0.027397	0.028260	0.029022	0.029689	0.030273	0.030781	0.031225	0.031612	0.031950	0.032248	0.032510	0.032741	0.000000	0.637392	
376	0.019976	0.020570	0.018394	0.020570	0.020949	0.021737	0.022757	0.023879	0.024997	0.026052	0.027018	0.027885	0.028654	0.029332	0.029926	0.030446	0.030902	0.031301	0.031651	0.031960	0.032232	0.032474	0.000000	0.606683	
377	0.016396	0.016614	0.013054	0.013845	0.018581	0.020302	0.021643	0.022924	0.024139	0.025265	0.026286	0.027200	0.028010	0.028725	0.029352	0.029902	0.030385	0.030809	0.031182	0.031512	0.031805	0.032064	1.000000	0.653479	
378	0.014043	0.015407	0.010878	0.011669	0.016277	0.018733	0.020396	0.021852	0.023180	0.024388	0.025474	0.026442	0.027300	0.028056	0.028720	0.029304	0.029818	0.030270	0.030669	0.031022	0.031336	0.031616	1.000000	0.642551	
379	0.009098	0.016021	0.008703	0.015032	0.015862	0.018060	0.019726	0.021202	0.022553	0.023784	0.024894	0.025886	0.026766	0.027545	0.028231	0.028836	0.029370	0.029841	0.030257	0.030627	0.030957	0.031252	1.000000	0.665176	
380	0.012658	0.013647	0.011056	0.012362	0.014695	0.017024	0.018805	0.020360	0.021769	0.023047	0.024198	0.025226	0.026140	0.026950	0.027665	0.028296	0.028854	0.029348	0.029786	0.030176	0.030525	0.030837	1.000000	0.648063	
381	0.013054	0.014438	0.008900	0.009691	0.013027	0.015691	0.017666	0.019344	0.020840	0.022185	0.023392	0.024468	0.025425	0.026273	0.027023	0.027686	0.028274	0.028794	0.029258	0.029671	0.030040	0.030372	1.000000	0.781453	
382	0.009711	0.011570	0.008109	0.008505	0.011520	0.014384	0.016521	0.018312	0.019891	0.021303	0.022565	0.023689	0.024689	0.025576	0.026361	0.027057	0.027674	0.028223	0.028711	0.029148	0.029539	0.029891	1.000000	0.576215	
383	0.010087	0.010878	0.007100	0.009691	0.010910	0.013531	0.015667	0.017491	0.019107	0.020554	0.021849	0.023007	0.024037	0.024953	0.025766	0.026488	0.027130	0.027701	0.028211	0.028668	0.029078	0.029447	1.000000	0.617279	
384	0.012045	0.014438	0.010878	0.013726	0.011849	0.013566	0.015424	0.017132	0.018693	0.020113	0.021398	0.022554	0.023589	0.024513	0.025336	0.026069	0.026723	0.027307	0.027830	0.028299	0.028721	0.029102	1.000000	0.668553	
385	0.013252	0.015229	0.010621	0.015032	0.012910	0.013833	0.015375	0.016932	0.018411	0.019785	0.021044	0.022187	0.023217	0.024141	0.024968	0.025708	0.026369	0.026961	0.027493	0.027971	0.028402	0.028793	1.000000	0.703422	
386	0.017009	0.018295	0.015427	0.017207	0.014342	0.014446	0.015604	0.016958	0.018319	0.019619	0.020831	0.021944	0.022956	0.023869	0.024691	0.025429	0.026091	0.026687	0.027222	0.027705	0.028142	0.028538	1.000000	0.729559	
387	0.015427	0.017524	0.012856	0.014043	0.014242	0.014373	0.015409	0.016681	0.017990	0.019259	0.020454	0.021559	0.022568	0.023484	0.024311	0.025056	0.025726	0.026331	0.026875	0.027368	0.027814	0.028219	1.000000	0.564656	
388	0.013271	0.014241	0.012460	0.013845	0.014110	0.014277	0.015214	0.016411	0.017671	0.018910	0.020087	0.021182	0.022189	0.023106	0.023937	0.024688	0.025366	0.025979	0.026533	0.027034	0.027489	0.027903	1.000000	0.724022	
389	0.014419	0.015467	0.012856	0.015467	0.014562	0.014493	0.015245	0.016321	0.017501	0.018688	0.019830	0.020904	0.021897	0.022806	0.023634	0.024386	0.025066	0.025683	0.026241	0.026748	0.027210	0.027630	1.000000	0.641769	
390	0.017603	0.020174	0.016614	0.019581	0.016235	0.015418	0.015787	0.016631	0.017661	0.018745	0.019816	0.020839	0.021796	0.022680	0.023490	0.024228	0.024900	0.025511	0.026066	0.026571	0.027032	0.027453	1.000000	0.663776	
391	0.018493	0.023339	0.017998	0.020965	0.017812	0.016427	0.016434	0.017044	0.017915	0.018889	0.019880	0.020845	0.021760	0.022612	0.023399	0.024121	0.024781	0.025383	0.025932	0.026433	0.026891	0.027311	0.000000	0.643850	
392	0.019976	0.020945	0.016614	0.017405	0.017676	0.016605	0.016556	0.017078	0.017876	0.018793	0.019743	0.020677	0.021570	0.022408	0.023185	0.023901	0.024557	0.025158	0.025707	0.026210	0.026671	0.027093	1.000000	0.763770	
393	0.015091	0.016812	0.012065	0.012856	0.016069	0.015923	0.016093	0.016676	0.017490	0.018410	0.019360	0.020296	0.021192	0.022034	0.022816	0.023539	0.024203	0.024812	0.025369	0.025880	0.026349	0.026780	1.000000	0.591988	
394	0.013647	0.014241	0.010285	0.011867	0.014669	0.015186	0.015565	0.016218	0.017058	0.017988	0.018944	0.019885	0.020786	0.021635	0.022425	0.023156	0.023829	0.024447	0.025014	0.025534	0.026012	0.026452	1.000000	0.744521	
395	0.011274	0.013449	0.011096	0.013054	0.014130	0.014798	0.015251	0.015917	0.016750	0.017669	0.018617	0.019551	0.020450	0.021298	0.022091	0.022825	0.023502	0.024126	0.024699	0.025226	0.025711	0.026158	1.000000	0.636584	
396	0.011274	0.014043	0.009909	0.012381	0.013547	0.014359	0.014892	0.015580	0.016414	0.017328	0.018270	0.019202	0.020099	0.020949	0.021744	0.022483	0.023165	0.023795	0.024375	0.024909	0.025401	0.025855	1.000000	0.614490	
397	0.012065	0.013449	0.010384	0.010878	0.012658	0.013726	0.014391	0.015132	0.015988	0.016912	0.017860	0.018796	0.019698	0.020554	0.021356	0.022102	0.022793	0.023431	0.024020	0.024563	0.025063	0.025526	1.000000	0.671968	
398	0.010878	0.012065	0.009513	0.009889	0.011735	0.013028	0.013828	0.014633	0.015519	0.016459	0.017417	0.018361	0.019272	0.020136	0.020946	0.021702	0.022402	0.023050	0.023648	0.024200	0.024711	0.025182	1.000000	0.764548	
399	0.011076	0.012263	0.010483	0.011472	0.011647	0.012745	0.013533	0.014332	0.015207	0.016137	0.017086	0.018025	0.018933	0.019796	0.020608	0.021366	0.022071	0.022724	0.023328	0.023886	0.024403	0.024881	1.000000	0.778038	
400	0.010483	0.013845	0.010285	0.013647	0.012314	0.012909	0.013548	0.014267	0.015087	0.015977	0.016895	0.017812	0.018703	0.019555	0.020359	0.021113	0.021816	0.022468	0.023073	0.023633	0.024152	0.024634	1.000000	0.717595	
401	0.013647	0.014695	0.012698	0.013509	0.012712	0.013018	0.013543	0.014195	0.014966	0.015817	0.016707	0.017602	0.018477	0.019318	0.020115	0.020864	0.021564	0.022216	0.022821	0.023383	0.023905	0.024389	1.000000	0.770904	
402	0.014893	0.016713	0.014043	0.016377	0.013934	0.013629	0.013897	0.014402	0.015074	0.015853	0.016689	0.017542	0.018386	0.019202	0.019981	0.020717	0.021407	0.022051	0.022652	0.023210	0.023730	0.024213	1.000000	0.640343	
403	0.018948	0.019185	0.017029	0.018394	0.015420	0.014495	0.014459	0.014782	0.015330	0.016017	0.016784	0.017583	0.018386	0.019171	0.019924	0.020641	0.021315	0.021948	0.022540	0.023091	0.023606	0.024085	1.000000	0.695923	
404	0.018987	0.019462	0.017543	0.018236	0.016359	0.015175	0.014931	0.015111	0.015553	0.016161	0.016864	0.017615	0.018379	0.019134	0.019864	0.020562	0.021222	0.021844	0.022426	0.022971	0.023481	0.023957	1.000000	0.646922	
405	0.017900	0.018592	0.016119	0.018196	0.016971	0.015725	0.015339	0.015405	0.015757	0.016292	0.016938	0.017644	0.018371	0.019097	0.019805	0.020484	0.021130	0.021741	0.022315	0.022854	0.023358	0.023830	1.000000	0.673691	
406	0.018394	0.019779	0.018196	0.018987	0.017643	0.016318	0.015795	0.015746	0.016005	0.016466	0.017052	0.017709	0.018398	0.019093	0.019775	0.020435	0.021065	0.021663	0.022227	0.022758	0.023256	0.023724	1.000000	0.736503	
407	0.018987	0.019383	0.018394	0.019185	0.018157	0.016839	0.016219	0.016074	0.016250	0.016641	0.017171	0.017781	0.018432	0.019096	0.019754	0.020394	0.021008	0.021593	0.022147	0.022670	0.023162	0.023624	1.000000	0.715552	
408	0.018928	0.021361	0.017603	0.019600	0.018638	0.017341	0.016642	0.016410	0.016507	0.016832	0.017306	0.017870	0.018483	0.019116	0.019749	0.020368	0.020966	0.021537	0.022080	0.022594	0.023079	0.023536	0.000000	0.563322	
409	0.019581	0.022152	0.018987	0.021559	0.019612	0.018108	0.017256	0.016900	0.016896	0.017137	0.017542	0.018050	0.018617	0.019212	0.019813	0.020407	0.020984	0.021538	0.022067	0.022568	0.023044	0.023492	0.000000	0.695564	
410	0.021539	0.022844	0.019779	0.020965	0.020063	0.018627	0.017720	0.017287	0.017209	0.017384	0.017732	0.018192	0.018719	0.019281	0.019855	0.020425	0.020983	0.021522	0.022038	0.022529	0.022995	0.023437	0.000000	0.707260	
411	0.022547	0.023734	0.021361	0.021816	0.020647	0.019207	0.018232	0.017719	0.017563	0.017670	0.017959	0.018369	0.018854	0.019380	0.019925	0.020471	0.021008	0.021530	0.022032	0.022511	0.022968	0.023401	0.000000	0.773536	
412	0.021559	0.023121	0.021005	0.022449	0.021248	0.019797	0.018759	0.018169	0.017939	0.017978	0.018208	0.018568	0.019010	0.019500	0.020015	0.020536	0.021052	0.021556	0.022043	0.022510	0.022956	0.023380	0.000000	0.688173	
413	0.022350	0.025218	0.022350	0.024130	0.022208	0.020584	0.019430	0.018737	0.018415	0.018375	0.018537	0.018839	0.019233	0.019682	0.020162	0.020654	0.021145	0.021628	0.022098	0.022550	0.022983	0.023397	0.000000	0.739979	
414	0.026108	0.026404	0.024229	0.025910	0.023442	0.021553	0.020240	0.019420	0.018992	0.018861	0.018947	0.019184	0.019523	0.019926	0.020367	0.020826	0.021290	0.021749	0.022198	0.022633	0.023051	0.023452	0.000000	0.477079	
415	0.025910	0.026305	0.024960	0.025712	0.024199	0.022309	0.020924	0.020019	0.019509	0.019303	0.019323	0.019503	0.019792	0.020153	0.020558	0.020986	0.021424	0.021861	0.022290	0.022709	0.023113	0.023501	0.000000	0.751193	
416	0.026305	0.027670	0.024624	0.026918	0.025105	0.023147	0.021674	0.020676	0.020079	0.019795	0.019745	0.019864	0.020102	0.020418	0.020785	0.021181	0.021590	0.022003	0.022412	0.022813	0.023201	0.023577	0.000000	0.675605	
417	0.027492	0.027690	0.024743	0.025316	0.025176	0.023541	0.022129	0.021118	0.020482	0.020151	0.020054	0.020130	0.020329	0.020611	0.020947	0.021316	0.021703	0.022096	0.022489	0.022875	0.023251	0.023615	0.000000	0.697397	
418	0.024525	0.024525	0.020372	0.021341	0.023897	0.023141	0.022030	0.021139	0.020548	0.020228	0.020126	0.020189	0.020373	0.020639	0.020961	0.021317	0.021692	0.022075	0.022458	0.022837	0.023206	0.023565	0.000000	0.639072	
419	0.018987	0.020767	0.018196	0.019047	0.022281	0.022397	0.021657	0.020940	0.020432	0.020151	0.020066	0.020134	0.020315	0.020577	0.020893	0.021243	0.021612	0.021990	0.022369	0.022743	0.023109	0.023466	0.000000	0.716761	
420	0.018394	0.021954	0.015922	0.016416	0.020326	0.021309	0.021002	0.020509	0.020123	0.019910	0.019863	0.019952	0.020145	0.020414	0.020733	0.021084	0.021455	0.021833	0.022212	0.022587	0.022954	0.023311	0.000000	0.610133	
421	0.016614	0.019383	0.014834	0.018987	0.019880	0.020887	0.020750	0.020364	0.020036	0.019851	0.019814	0.019905	0.020095	0.020358	0.020670	0.021016	0.021380	0.021753	0.022127	0.022498	0.022862	0.023216	0.000000	0.704963	
422	0.016218	0.016812	0.014438	0.015427	0.018395	0.019895	0.020085	0.019894	0.019681	0.019565	0.019571	0.019687	0.019892	0.020164	0.020483	0.020832	0.021199	0.021575	0.021951	0.022323	0.022689	0.023044	0.000000	0.736001	
423	0.014241	0.015131	0.011867	0.014043	0.016945	0.018831	0.019330	0.019337	0.019248	0.019209	0.019264	0.019411	0.019638	0.019924	0.020253	0.020610	0.020983	0.021362	0.021743	0.022119	0.022488	0.022847	0.000000	0.744668	
424	0.014735	0.015328	0.010087	0.011412	0.015100	0.017482	0.018340	0.018582	0.018645	0.018706	0.018827	0.019021	0.019280	0.019590	0.019937	0.020308	0.020692	0.021082	0.021471	0.021855	0.022230	0.022595	0.000000	0.587193	
425	0.012460	0.013449	0.009494	0.011056	0.013752	0.016313	0.017430	0.017865	0.018061	0.018213	0.018396	0.018633	0.018923	0.019256	0.019620	0.020005	0.020400	0.020800	0.021197	0.021588	0.021970	0.022342	0.000000	0.672045	
426	0.010285	0.011036	0.003145	0.004549	0.010685	0.014174	0.015819	0.016597	0.017022	0.017331	0.017626	0.017946	0.018298	0.018679	0.019082	0.019498	0.019920	0.020342	0.020759	0.021167	0.021565	0.021951	1.000000	0.711266	
427	0.009494	0.009494	0.000000	0.005044	0.008804	0.012514	0.014472	0.015497	0.016100	0.016538	0.016927	0.017316	0.017721	0.018144	0.018581	0.019024	0.019469	0.019911	0.020345	0.020769	0.021181	0.021579	1.000000	0.750782	
428	0.005835	0.012263	0.005360	0.010483	0.009364	0.012145	0.013974	0.015019	0.015668	0.016148	0.016569	0.016983	0.017407	0.017844	0.018291	0.018744	0.019197	0.019645	0.020086	0.020515	0.020932	0.021335	1.000000	0.722352	
429	0.011472	0.012856	0.009138	0.010384	0.009704	0.011825	0.013525	0.014578	0.015262	0.015776	0.016226	0.016661	0.017101	0.017551	0.018009	0.018470	0.018930	0.019384	0.019830	0.020265	0.020687	0.021094	0.000000	0.626383	
430	0.010483	0.013845	0.009494	0.012658	0.010689	0.011976	0.013417	0.014395	0.015062	0.015575	0.016027	0.016466	0.016908	0.017359	0.017818	0.018280	0.018740	0.019195	0.019642	0.020077	0.020500	0.020909	0.000000	0.754127	
431	0.013153	0.013746	0.012203	0.012757	0.011378	0.012118	0.013334	0.014239	0.014884	0.015393	0.015846	0.016285	0.016728	0.017179	0.017637	0.018098	0.018559	0.019014	0.019460	0.019896	0.020320	0.020730	0.000000	0.687077	
432	0.011373	0.013845	0.008900	0.009256	0.010671	0.011598	0.012824	0.013764	0.014451	0.014997	0.015480	0.015942	0.016403	0.016868	0.017338	0.017809	0.018277	0.018739	0.019192	0.019634	0.020063	0.020478	0.000000	0.619673	
433	0.007516	0.010087	0.006171	0.010067	0.010470	0.011320	0.012480	0.013412	0.014114	0.014679	0.015179	0.015655	0.016127	0.016602	0.017078	0.017555	0.018028	0.018495	0.018952	0.019397	0.019830	0.020249	1.000000	0.691136	
434	0.007615	0.009494	0.007160	0.008979	0.009973	0.010894	0.012042	0.012990	0.013719	0.014311	0.014835	0.015330	0.015817	0.016303	0.016789	0.017274	0.017754	0.018226	0.018689	0.019140	0.019578	0.020001	1.000000	0.646062	
435	0.010483	0.010878	0.007140	0.007911	0.009286	0.010352	0.011526	0.012506	0.013272	0.013898	0.014450	0.014968	0.015473	0.015974	0.016472	0.016967	0.017455	0.017936	0.018406	0.018863	0.019307	0.019736	1.000000	0.653742	
436	0.007832	0.009494	0.005241	0.005241	0.007938	0.009423	0.010740	0.011815	0.012655	0.013340	0.013938	0.014493	0.015028	0.015553	0.016071	0.016582	0.017085	0.017578	0.018059	0.018527	0.018979	0.019417	1.000000	0.628457	
437	0.002967	0.003975	0.001483	0.002571	0.006149	0.008177	0.009719	0.010934	0.011879	0.012645	0.013307	0.013912	0.014486	0.015044	0.015589	0.016123	0.016646	0.017156	0.017652	0.018133	0.018598	0.019047	1.000000	0.661222	
438	0.003461	0.004114	0.001503	0.002769	0.005022	0.007194	0.008850	0.010157	0.011178	0.012008	0.012721	0.013368	0.013977	0.014562	0.015131	0.015685	0.016225	0.016750	0.017260	0.017753	0.018230	0.018689	1.000000	0.718505	
439	0.001582	0.002354	0.000593	0.001187	0.003744	0.006101	0.007892	0.009302	0.010410	0.011310	0.012081	0.012774	0.013421	0.014038	0.014633	0.015210	0.015769	0.016312	0.016837	0.017344	0.017833	0.018304	1.000000	0.720575	
440	0.005202	0.007793	0.002868	0.007793	0.005093	0.006409	0.007880	0.009159	0.010208	0.011083	0.011842	0.012531	0.013176	0.013793	0.014388	0.014966	0.015528	0.016072	0.016599	0.017108	0.017600	0.018073	1.000000	0.699022	
441	0.007120	0.009889	0.006527	0.008900	0.006362	0.006862	0.008008	0.009134	0.010108	0.010942	0.011679	0.012354	0.012990	0.013601	0.014192	0.014768	0.015327	0.015870	0.016396	0.016906	0.017398	0.017872	1.000000	0.676777	
442	0.009494	0.009790	0.006824	0.009316	0.007347	0.007308	0.008171	0.009151	0.010047	0.010837	0.011548	0.012206	0.012831	0.013433	0.014018	0.014589	0.015145	0.015685	0.016210	0.016718	0.017210	0.017684	1.000000	0.680202	
443	0.008505	0.010878	0.007338	0.010680	0.008458	0.007921	0.008485	0.009297	0.010096	0.010827	0.011499	0.012131	0.012737	0.013325	0.013899	0.014461	0.015009	0.015544	0.016065	0.016569	0.017058	0.017530	1.000000	0.747959	
444	0.010878	0.016021	0.009098	0.015526	0.010814	0.009304	0.009365	0.009890	0.010513	0.011130	0.011723	0.012297	0.012858	0.013411	0.013957	0.014496	0.015025	0.015544	0.016050	0.016544	0.017022	0.017486	1.000000	0.751282	
445	0.020174	0.020570	0.014122	0.016238	0.012622	0.010565	0.010224	0.010495	0.010954	0.011460	0.011974	0.012489	0.013005	0.013522	0.014039	0.014553	0.015062	0.015563	0.016055	0.016536	0.017004	0.017458	1.000000	0.635007	
446	0.017702	0.019759	0.015229	0.017840	0.014361	0.011888	0.011176	0.011194	0.011483	0.011871	0.012300	0.012750	0.013215	0.013691	0.014174	0.014661	0.015146	0.015627	0.016102	0.016568	0.017023	0.017467	1.000000	0.677108	
447	0.017010	0.018592	0.016238	0.017049	0.015257	0.012826	0.011910	0.011752	0.011911	0.012205	0.012564	0.012960	0.013382	0.013823	0.014277	0.014739	0.015204	0.015668	0.016127	0.016580	0.017024	0.017457	1.000000	0.772837	
448	0.015724	0.015823	0.013449	0.013885	0.014800	0.013018	0.012157	0.011955	0.012063	0.012314	0.012637	0.013005	0.013404	0.013826	0.014263	0.014711	0.015164	0.015617	0.016068	0.016513	0.016951	0.017379	1.000000	0.720081	
449	0.015447	0.018196	0.015032	0.018196	0.015932	0.013960	0.012912	0.012549	0.012535	0.012693	0.012946	0.013258	0.013612	0.013997	0.014404	0.014825	0.015256	0.015690	0.016124	0.016555	0.016980	0.017397	1.000000	0.598396	
450	0.017998	0.019956	0.017207	0.019561	0.017142	0.014978	0.013743	0.013217	0.013075	0.013136	0.013313	0.013566	0.013871	0.014215	0.014588	0.014980	0.015386	0.015799	0.016215	0.016629	0.017040	0.017444	1.000000	0.765392	
451	0.020372	0.021934	0.018097	0.019363	0.017882	0.015775	0.014446	0.013802	0.013559	0.013538	0.013650	0.013849	0.014110	0.014417	0.014758	0.015124	0.015507	0.015899	0.016298	0.016697	0.017094	0.017487	1.000000	0.739115	
452	0.020965	0.021954	0.016614	0.017010	0.017591	0.016000	0.014766	0.014108	0.013825	0.013762	0.013836	0.014003	0.014236	0.014519	0.014839	0.015186	0.015552	0.015931	0.016316	0.016704	0.017092	0.017476	1.000000	0.726472	
453	0.015625	0.017998	0.015229	0.015427	0.016870	0.015896	0.014849	0.014234	0.013948	0.013869	0.013925	0.014072	0.014288	0.014554	0.014860	0.015194	0.015548	0.015916	0.016293	0.016673	0.017053	0.017431	1.000000	0.654401	
454	0.014636	0.015981	0.012263	0.014241	0.015993	0.015595	0.014773	0.014234	0.013970	0.013893	0.013942	0.014080	0.014286	0.014542	0.014838	0.015163	0.015509	0.015869	0.016239	0.016613	0.016988	0.017361	1.000000	0.755255	
455	0.014834	0.018394	0.012856	0.018394	0.016794	0.016104	0.015225	0.014630	0.014311	0.014184	0.014189	0.014291	0.014464	0.014693	0.014965	0.015268	0.015596	0.015940	0.016296	0.016657	0.017021	0.017384	1.000000	0.586331	
456	0.019185	0.019383	0.017306	0.017524	0.017037	0.016362	0.015513	0.014906	0.014558	0.014399	0.014375	0.014449	0.014597	0.014804	0.015056	0.015342	0.015655	0.015985	0.016328	0.016678	0.017032	0.017387	1.000000	0.729439	
457	0.018948	0.019383	0.018216	0.018948	0.017674	0.016832	0.015942	0.015291	0.014895	0.014693	0.014629	0.014668	0.014786	0.014967	0.015195	0.015461	0.015754	0.016068	0.016397	0.016734	0.017077	0.017421	1.000000	0.723092	
458	0.016832	0.018790	0.016535	0.017504	0.017617	0.016954	0.016137	0.015502	0.015096	0.014874	0.014789	0.014806	0.014905	0.015066	0.015277	0.015528	0.015807	0.016109	0.016426	0.016753	0.017087	0.017423	1.000000	0.627672	
459	0.014438	0.016377	0.014241	0.015645	0.016960	0.016716	0.016076	0.015515	0.015138	0.014924	0.014836	0.014847	0.014937	0.015089	0.015291	0.015531	0.015802	0.016096	0.016405	0.016726	0.017053	0.017384	1.000000	0.723910	
460	0.015605	0.017900	0.015328	0.017900	0.017273	0.016931	0.016304	0.015742	0.015351	0.015116	0.015006	0.014996	0.015066	0.015199	0.015384	0.015609	0.015866	0.016147	0.016445	0.016755	0.017073	0.017395	1.000000	0.686103	
461	0.019957	0.019976	0.017900	0.018790	0.017779	0.017269	0.016614	0.016033	0.015615	0.015353	0.015216	0.015181	0.015227	0.015340	0.015505	0.015713	0.015955	0.016221	0.016506	0.016805	0.017113	0.017426	1.000000	0.756512	
462	0.018691	0.020570	0.018196	0.018414	0.017990	0.017477	0.016839	0.016259	0.015831	0.015550	0.015394	0.015339	0.015366	0.015460	0.015609	0.015802	0.016029	0.016283	0.016557	0.016845	0.017143	0.017448	1.000000	0.592766	
463	0.018394	0.020748	0.017603	0.020214	0.018731	0.017975	0.017261	0.016636	0.016168	0.015851	0.015662	0.015577	0.015577	0.015647	0.015774	0.015947	0.016156	0.016394	0.016653	0.016928	0.017214	0.017508	1.000000	0.719193	
464	0.020570	0.022745	0.018987	0.022369	0.019944	0.018774	0.017900	0.017182	0.016645	0.016272	0.016034	0.015908	0.015872	0.015910	0.016009	0.016157	0.016344	0.016562	0.016803	0.017062	0.017334	0.017615	1.000000	0.706513	
465	0.021262	0.022152	0.020570	0.021361	0.020416	0.019244	0.018332	0.017580	0.017008	0.016600	0.016330	0.016174	0.016111	0.016124	0.016200	0.016328	0.016496	0.016697	0.016923	0.017169	0.017428	0.017697	1.000000	0.632787	
466	0.021460	0.023339	0.018809	0.019185	0.020006	0.019233	0.018439	0.017733	0.017175	0.016767	0.016489	0.016321	0.016244	0.016244	0.016307	0.016421	0.016578	0.016767	0.016983	0.017218	0.017469	0.017730	1.000000	0.574268	
467	0.019383	0.020174	0.017089	0.017761	0.019258	0.018966	0.018354	0.017736	0.017220	0.016831	0.016560	0.016391	0.016310	0.016304	0.016359	0.016465	0.016614	0.016795	0.017003	0.017232	0.017476	0.017731	1.000000	0.615838	
468	0.017801	0.019185	0.016614	0.017306	0.018607	0.018664	0.018223	0.017695	0.017227	0.016862	0.016601	0.016436	0.016354	0.016343	0.016393	0.016493	0.016635	0.016810	0.017011	0.017234	0.017472	0.017722	1.000000	0.655715	
469	0.017405	0.017405	0.016416	0.017405	0.018206	0.018435	0.018121	0.017667	0.017240	0.016897	0.016646	0.016483	0.016399	0.016385	0.016429	0.016523	0.016658	0.016826	0.017022	0.017238	0.017470	0.017715	1.000000	0.622521	
470	0.017801	0.019877	0.017227	0.019185	0.018533	0.018571	0.018254	0.017812	0.017390	0.017044	0.016787	0.016615	0.016520	0.016494	0.016527	0.016610	0.016734	0.016893	0.017079	0.017286	0.017510	0.017747	1.000000	0.752789	
471	0.020965	0.021361	0.019482	0.020372	0.019146	0.018899	0.018519	0.018055	0.017619	0.017259	0.016986	0.016798	0.016688	0.016647	0.016665	0.016733	0.016845	0.016991	0.017165	0.017362	0.017577	0.017805	1.000000	0.725475	
472	0.019680	0.021361	0.019205	0.021163	0.019818	0.019310	0.018849	0.018351	0.017892	0.017511	0.017218	0.017011	0.016882	0.016824	0.016825	0.016879	0.016976	0.017108	0.017270	0.017456	0.017660	0.017878	1.000000	0.763996	
473	0.020669	0.020965	0.019699	0.020767	0.020135	0.019575	0.019089	0.018582	0.018113	0.017721	0.017415	0.017194	0.017051	0.016978	0.016966	0.017006	0.017090	0.017211	0.017362	0.017538	0.017732	0.017942	1.000000	0.637902	
474	0.019007	0.020965	0.018987	0.019778	0.020016	0.019612	0.019175	0.018696	0.018241	0.017854	0.017547	0.017320	0.017170	0.017088	0.017067	0.017097	0.017172	0.017284	0.017426	0.017593	0.017780	0.017982	1.000000	0.619620	
475	0.019976	0.020669	0.019383	0.019957	0.019996	0.019675	0.019273	0.018816	0.018373	0.017989	0.017680	0.017449	0.017291	0.017201	0.017170	0.017191	0.017256	0.017359	0.017493	0.017651	0.017830	0.018026	1.000000	0.685393	
476	0.018394	0.019581	0.018176	0.018750	0.019581	0.019507	0.019207	0.018809	0.018402	0.018038	0.017740	0.017512	0.017355	0.017261	0.017226	0.017242	0.017302	0.017398	0.017526	0.017679	0.017852	0.018042	1.000000	0.693321	
477	0.019185	0.019976	0.017405	0.018987	0.019383	0.019412	0.019180	0.018826	0.018447	0.018100	0.017809	0.017584	0.017426	0.017329	0.017289	0.017299	0.017353	0.017443	0.017564	0.017711	0.017878	0.018062	1.000000	0.584454	
478	0.020372	0.020728	0.018394	0.019976	0.019581	0.019515	0.019280	0.018936	0.018565	0.018221	0.017930	0.017701	0.017536	0.017433	0.017385	0.017387	0.017432	0.017514	0.017628	0.017767	0.017927	0.018104	1.000000	0.767927	
479	0.020570	0.022053	0.019581	0.021361	0.020174	0.019850	0.019540	0.019167	0.018780	0.018423	0.018120	0.017880	0.017703	0.017587	0.017527	0.017517	0.017551	0.017623	0.017726	0.017856	0.018007	0.018176	1.000000	0.701594	
480	0.020965	0.021559	0.019996	0.020965	0.020438	0.020053	0.019718	0.019338	0.018948	0.018587	0.018278	0.018030	0.017845	0.017719	0.017650	0.017630	0.017655	0.017717	0.017811	0.017932	0.018076	0.018237	1.000000	0.764365	
481	0.021954	0.021954	0.020669	0.020767	0.020548	0.020183	0.019849	0.019474	0.019088	0.018728	0.018417	0.018164	0.017972	0.017839	0.017761	0.017733	0.017749	0.017803	0.017889	0.018002	0.018138	0.018293	1.000000	0.682164	
482	0.021756	0.022844	0.021084	0.021361	0.020819	0.020397	0.020038	0.019654	0.019263	0.018898	0.018580	0.018320	0.018119	0.017977	0.017890	0.017852	0.017858	0.017903	0.017980	0.018085	0.018213	0.018360	1.000000	0.595510	
483	0.021361	0.021954	0.019976	0.021183	0.020940	0.020540	0.020181	0.019799	0.019410	0.019045	0.018725	0.018459	0.018252	0.018103	0.018007	0.017961	0.017959	0.017995	0.018065	0.018162	0.018282	0.018422	1.000000	0.602426	
484	0.022053	0.025910	0.019976	0.025910	0.022597	0.021516	0.020897	0.020381	0.019910	0.019488	0.019124	0.018823	0.018585	0.018409	0.018290	0.018222	0.018200	0.018218	0.018271	0.018353	0.018460	0.018587	1.000000	0.759411	
485	0.026543	0.030459	0.026523	0.028283	0.024492	0.022747	0.021820	0.021134	0.020554	0.020056	0.019633	0.019284	0.019007	0.018796	0.018646	0.018552	0.018506	0.018502	0.018534	0.018598	0.018688	0.018800	0.000000	0.627260	
486	0.029668	0.031052	0.027097	0.028402	0.025795	0.023775	0.022643	0.021826	0.021158	0.020594	0.020120	0.019729	0.019415	0.019173	0.018995	0.018875	0.018806	0.018781	0.018794	0.018840	0.018914	0.019011	0.000000	0.710480	
487	0.026998	0.028283	0.026305	0.026701	0.026097	0.024307	0.023150	0.022290	0.021585	0.020988	0.020486	0.020069	0.019732	0.019468	0.019270	0.019131	0.019045	0.019004	0.019002	0.019034	0.019095	0.019180	1.000000	0.694730	
488	0.025020	0.026701	0.024229	0.024229	0.025474	0.024293	0.023285	0.022475	0.021788	0.021197	0.020693	0.020272	0.019928	0.019655	0.019447	0.019298	0.019202	0.019151	0.019140	0.019163	0.019215	0.019291	1.000000	0.753246	
489	0.024328	0.025811	0.023734	0.023734	0.024894	0.024191	0.023341	0.022595	0.021938	0.021361	0.020862	0.020441	0.020093	0.019815	0.019600	0.019444	0.019339	0.019280	0.019261	0.019275	0.019320	0.019389	1.000000	0.708695	
490	0.024051	0.026503	0.024031	0.025119	0.024969	0.024360	0.023563	0.022835	0.022182	0.021603	0.021099	0.020669	0.020312	0.020023	0.019797	0.019630	0.019514	0.019445	0.019415	0.019420	0.019454	0.019515	1.000000	0.712846	
491	0.025633	0.026701	0.024506	0.024723	0.024887	0.024426	0.023708	0.023015	0.022378	0.021804	0.021300	0.020867	0.020503	0.020207	0.019973	0.019797	0.019672	0.019593	0.019555	0.019551	0.019577	0.019629	1.000000	0.688525	
492	0.026503	0.029668	0.025514	0.029074	0.026283	0.025271	0.024379	0.023592	0.022893	0.022274	0.021732	0.021267	0.020876	0.020555	0.020298	0.020101	0.019957	0.019860	0.019805	0.019786	0.019798	0.019837	0.000000	0.775462	
493	0.027888	0.028461	0.025910	0.026859	0.026475	0.025560	0.024689	0.023903	0.023198	0.022569	0.022017	0.021540	0.021136	0.020802	0.020533	0.020323	0.020166	0.020057	0.019991	0.019961	0.019962	0.019991	1.000000	0.725445	
494	0.027492	0.027987	0.026503	0.027294	0.026748	0.025875	0.025015	0.024226	0.023513	0.022874	0.022310	0.021821	0.021404	0.021057	0.020774	0.020551	0.020382	0.020261	0.020183	0.020142	0.020133	0.020152	1.000000	0.622422	
495	0.028085	0.031448	0.027492	0.031230	0.028242	0.026849	0.025792	0.024893	0.024107	0.023413	0.022806	0.022280	0.021831	0.021456	0.021148	0.020901	0.020711	0.020570	0.020474	0.020415	0.020391	0.020395	0.000000	0.702471	
496	0.033228	0.035898	0.032318	0.035819	0.030768	0.028480	0.027045	0.025934	0.025008	0.024214	0.023529	0.022940	0.022439	0.022019	0.021672	0.021390	0.021169	0.021000	0.020877	0.020796	0.020750	0.020734	0.000000	0.702320	
497	0.036788	0.036986	0.034494	0.035601	0.032379	0.029775	0.028115	0.026855	0.025823	0.024948	0.024199	0.023558	0.023012	0.022551	0.022169	0.021856	0.021606	0.021411	0.021265	0.021161	0.021095	0.021061	0.000000	0.631452	
498	0.034256	0.036570	0.033821	0.035898	0.033552	0.030888	0.029088	0.027716	0.026598	0.025655	0.024849	0.024160	0.023572	0.023075	0.022659	0.022317	0.022039	0.021819	0.021650	0.021525	0.021439	0.021387	0.000000	0.662811	
499	0.034217	0.035403	0.033426	0.035127	0.034077	0.031659	0.029842	0.028422	0.027254	0.026266	0.025420	0.024695	0.024074	0.023547	0.023105	0.022737	0.022436	0.022194	0.022005	0.021861	0.021757	0.021689	0.000000	0.712745	
500	0.035641	0.037085	0.035206	0.035799	0.034651	0.032411	0.030587	0.029124	0.027911	0.026881	0.025997	0.025236	0.024584	0.024028	0.023558	0.023165	0.022841	0.022577	0.022368	0.022205	0.022084	0.021999	0.000000	0.659001	
501	0.032041	0.035206	0.031942	0.032041	0.033781	0.032344	0.030769	0.029402	0.028229	0.027214	0.026333	0.025568	0.024908	0.024342	0.023861	0.023456	0.023120	0.022844	0.022622	0.022448	0.022316	0.022220	0.000000	0.699999	
502	0.032239	0.032239	0.030261	0.031250	0.032937	0.032145	0.030829	0.029578	0.028461	0.027474	0.026606	0.025845	0.025184	0.024613	0.024125	0.023712	0.023366	0.023081	0.022849	0.022665	0.022523	0.022418	0.000000	0.719786	
503	0.030854	0.031646	0.029866	0.030479	0.032118	0.031842	0.030785	0.029664	0.028616	0.027668	0.026821	0.026071	0.025414	0.024843	0.024352	0.023933	0.023581	0.023289	0.023050	0.022858	0.022708	0.022595	0.000000	0.626101	
504	0.028995	0.029866	0.025218	0.025218	0.029818	0.030638	0.030089	0.029240	0.028355	0.027510	0.026732	0.026030	0.025406	0.024858	0.024383	0.023976	0.023631	0.023343	0.023107	0.022917	0.022767	0.022653	0.000000	0.644746	
505	0.025910	0.026187	0.024130	0.025752	0.028462	0.029749	0.029547	0.028908	0.028155	0.027397	0.026677	0.026016	0.025421	0.024893	0.024432	0.024034	0.023695	0.023411	0.023177	0.022987	0.022836	0.022721	0.000000	0.570986	
506	0.025514	0.025712	0.021183	0.021183	0.026036	0.028192	0.028501	0.028172	0.027618	0.026996	0.026372	0.025780	0.025236	0.024747	0.024316	0.023940	0.023619	0.023348	0.023124	0.022942	0.022798	0.022687	1.000000	0.658144	
507	0.021064	0.021954	0.019185	0.021460	0.024510	0.026968	0.027621	0.027533	0.027145	0.026638	0.026099	0.025570	0.025072	0.024618	0.024214	0.023859	0.023554	0.023295	0.023080	0.022905	0.022767	0.022660	1.000000	0.649864	
508	0.021756	0.021855	0.019205	0.020273	0.023098	0.025750	0.026703	0.026842	0.026616	0.026228	0.025776	0.025311	0.024864	0.024448	0.024073	0.023741	0.023454	0.023210	0.023006	0.022840	0.022709	0.022608	1.000000	0.768275	
509	0.020767	0.024921	0.020016	0.024921	0.023706	0.025600	0.026480	0.026659	0.026486	0.026143	0.025728	0.025292	0.024866	0.024467	0.024103	0.023780	0.023499	0.023258	0.023057	0.022892	0.022760	0.022659	1.000000	0.766032	
510	0.024921	0.026108	0.023952	0.025672	0.024361	0.025613	0.026379	0.026565	0.026423	0.026113	0.025725	0.025311	0.024901	0.024514	0.024159	0.023842	0.023565	0.023326	0.023126	0.022960	0.022828	0.022725	0.000000	0.694193	
511	0.024723	0.027195	0.024624	0.025930	0.024884	0.025670	0.026323	0.026504	0.026385	0.026101	0.025736	0.025341	0.024946	0.024569	0.024222	0.023911	0.023636	0.023400	0.023199	0.023034	0.022900	0.022795	0.000000	0.671247	
512	0.026108	0.027492	0.025732	0.026800	0.025523	0.025876	0.026382	0.026532	0.026417	0.026146	0.025795	0.025412	0.025026	0.024657	0.024314	0.024005	0.023732	0.023495	0.023294	0.023127	0.022991	0.022883	0.000000	0.667570	
513	0.025613	0.026305	0.024347	0.024723	0.025256	0.025666	0.026175	0.026360	0.026287	0.026054	0.025736	0.025379	0.025013	0.024659	0.024329	0.024029	0.023762	0.023530	0.023332	0.023166	0.023031	0.022924	0.000000	0.611640	
514	0.025198	0.025910	0.023358	0.024624	0.025045	0.025477	0.025981	0.026195	0.026159	0.025962	0.025674	0.025342	0.024996	0.024658	0.024340	0.024048	0.023788	0.023561	0.023366	0.023202	0.023068	0.022961	0.000000	0.720535	
515	0.021460	0.024525	0.021163	0.021855	0.023982	0.024818	0.025465	0.025781	0.025828	0.025697	0.025462	0.025172	0.024860	0.024548	0.024251	0.023976	0.023730	0.023513	0.023326	0.023169	0.023040	0.022937	1.000000	0.644730	
516	0.024031	0.024684	0.019521	0.020965	0.022976	0.024118	0.024903	0.025323	0.025454	0.025392	0.025212	0.024966	0.024690	0.024408	0.024134	0.023878	0.023646	0.023441	0.023264	0.023114	0.022991	0.022893	1.000000	0.743351	
517	0.022745	0.025218	0.020570	0.024921	0.023625	0.024264	0.024905	0.025285	0.025413	0.025362	0.025196	0.024964	0.024700	0.024428	0.024162	0.023912	0.023685	0.023483	0.023308	0.023159	0.023036	0.022938	1.000000	0.559683	
518	0.025316	0.026701	0.023734	0.023734	0.023661	0.024167	0.024759	0.025137	0.025284	0.025257	0.025115	0.024904	0.024658	0.024401	0.024146	0.023906	0.023686	0.023490	0.023319	0.023173	0.023053	0.022955	0.000000	0.665625	
519	0.024031	0.025119	0.022745	0.024624	0.023982	0.024251	0.024742	0.025088	0.025233	0.025216	0.025087	0.024891	0.024657	0.024409	0.024163	0.023930	0.023715	0.023522	0.023353	0.023209	0.023089	0.022992	1.000000	0.575759	
520	0.024525	0.024525	0.022646	0.023339	0.023768	0.024085	0.024567	0.024921	0.025087	0.025095	0.024990	0.024815	0.024600	0.024367	0.024134	0.023910	0.023703	0.023517	0.023353	0.023212	0.023095	0.023000	1.000000	0.792677	
521	0.023536	0.023932	0.022073	0.022686	0.023407	0.023830	0.024331	0.024709	0.024902	0.024939	0.024862	0.024711	0.024516	0.024301	0.024082	0.023870	0.023672	0.023493	0.023335	0.023199	0.023085	0.022993	1.000000	0.621568	
522	0.023457	0.024328	0.022983	0.023339	0.023384	0.023741	0.024207	0.024578	0.024782	0.024836	0.024778	0.024644	0.024465	0.024264	0.024056	0.023853	0.023662	0.023489	0.023335	0.023203	0.023091	0.023000	1.000000	0.643436	
523	0.020174	0.023438	0.019996	0.022785	0.023184	0.023567	0.024030	0.024407	0.024629	0.024704	0.024667	0.024553	0.024392	0.024206	0.024010	0.023818	0.023636	0.023469	0.023321	0.023192	0.023084	0.022996	1.000000	0.692168	
524	0.021756	0.022547	0.020767	0.021855	0.022741	0.023256	0.023758	0.024164	0.024415	0.024520	0.024511	0.024422	0.024282	0.024113	0.023933	0.023753	0.023582	0.023424	0.023282	0.023159	0.023056	0.022971	1.000000	0.718990	
525	0.019877	0.021559	0.019561	0.019976	0.021820	0.022660	0.023285	0.023765	0.024074	0.024227	0.024259	0.024205	0.024095	0.023951	0.023792	0.023630	0.023472	0.023326	0.023195	0.023081	0.022984	0.022905	1.000000	0.670126	
526	0.019976	0.021341	0.019581	0.021163	0.021601	0.022387	0.023020	0.023518	0.023850	0.024029	0.024087	0.024057	0.023967	0.023842	0.023698	0.023549	0.023402	0.023266	0.023142	0.023033	0.022942	0.022867	1.000000	0.703533	
527	0.021657	0.021657	0.018097	0.018196	0.020466	0.021625	0.022417	0.023011	0.023415	0.023653	0.023760	0.023771	0.023716	0.023620	0.023502	0.023373	0.023245	0.023123	0.023012	0.022914	0.022831	0.022764	1.000000	0.699257	
528	0.016614	0.017405	0.015744	0.016238	0.019057	0.020646	0.021645	0.022366	0.022863	0.023174	0.023342	0.023403	0.023391	0.023331	0.023242	0.023139	0.023032	0.022929	0.022833	0.022749	0.022678	0.022621	1.000000	0.674375	
529	0.017207	0.017781	0.014043	0.014339	0.017484	0.019499	0.020731	0.021601	0.022207	0.022604	0.022842	0.022961	0.022998	0.022978	0.022924	0.022851	0.022769	0.022687	0.022610	0.022542	0.022484	0.022439	1.000000	0.624588	
530	0.015032	0.015328	0.012876	0.014834	0.016601	0.018651	0.019994	0.020957	0.021640	0.022103	0.022397	0.022565	0.022643	0.022659	0.022635	0.022588	0.022528	0.022466	0.022405	0.022351	0.022306	0.022271	1.000000	0.649234	
531	0.015823	0.016416	0.015032	0.016396	0.016533	0.018241	0.019544	0.020522	0.021237	0.021735	0.022063	0.022264	0.022371	0.022413	0.022412	0.022385	0.022343	0.022295	0.022247	0.022204	0.022169	0.022142	1.000000	0.628709	
532	0.014913	0.015427	0.014241	0.014260	0.015775	0.017517	0.018884	0.019926	0.020700	0.021253	0.021630	0.021873	0.022018	0.022094	0.022121	0.022118	0.022098	0.022068	0.022037	0.022008	0.021985	0.021969	1.000000	0.736301	
533	0.015190	0.016990	0.014537	0.016990	0.016180	0.017421	0.018647	0.019646	0.020415	0.020978	0.021372	0.021635	0.021800	0.021894	0.021938	0.021950	0.021943	0.021925	0.021904	0.021884	0.021869	0.021860	1.000000	0.727131	
534	0.017702	0.019561	0.015684	0.019185	0.017182	0.017742	0.018714	0.019602	0.020320	0.020862	0.021251	0.021516	0.021686	0.021787	0.021840	0.021860	0.021859	0.021848	0.021833	0.021817	0.021806	0.021801	1.000000	0.636137	
535	0.017900	0.018473	0.017010	0.017405	0.017256	0.017681	0.018551	0.019393	0.020096	0.020639	0.021037	0.021315	0.021500	0.021615	0.021681	0.021714	0.021724	0.021723	0.021716	0.021709	0.021704	0.021704	1.000000	0.739569	
536	0.018196	0.022943	0.016812	0.020965	0.018493	0.018278	0.018853	0.019543	0.020163	0.020660	0.021033	0.021298	0.021477	0.021590	0.021656	0.021689	0.021701	0.021702	0.021696	0.021690	0.021687	0.021688	1.000000	0.733377	
537	0.020965	0.023714	0.020570	0.023536	0.020174	0.019234	0.019438	0.019923	0.020422	0.020846	0.021172	0.021407	0.021566	0.021666	0.021723	0.021750	0.021757	0.021753	0.021745	0.021736	0.021730	0.021729	1.000000	0.689770	
538	0.021559	0.024130	0.020965	0.022646	0.020998	0.019854	0.019839	0.020183	0.020593	0.020962	0.021254	0.021468	0.021613	0.021705	0.021756	0.021779	0.021784	0.021778	0.021768	0.021758	0.021751	0.021749	1.000000	0.688535	
539	0.023635	0.024703	0.022389	0.023141	0.021712	0.020452	0.020252	0.020464	0.020789	0.021102	0.021359	0.021549	0.021680	0.021761	0.021805	0.021824	0.021825	0.021817	0.021805	0.021792	0.021783	0.021779	1.000000	0.683585	
540	0.020965	0.024031	0.020570	0.022745	0.022057	0.020869	0.020563	0.020682	0.020940	0.021208	0.021436	0.021608	0.021726	0.021800	0.021839	0.021854	0.021853	0.021843	0.021829	0.021816	0.021806	0.021801	1.000000	0.784744	
541	0.022745	0.026108	0.022053	0.026108	0.023407	0.021821	0.021256	0.021198	0.021337	0.021524	0.021695	0.021827	0.021916	0.021969	0.021991	0.021993	0.021982	0.021963	0.021942	0.021922	0.021906	0.021895	1.000000	0.656826	
542	0.025712	0.027294	0.024921	0.026503	0.024439	0.022673	0.021912	0.021704	0.021735	0.021846	0.021962	0.022055	0.022116	0.022146	0.022153	0.022141	0.022119	0.022091	0.022062	0.022035	0.022013	0.021997	1.000000	0.658940	
543	0.025910	0.028679	0.024328	0.028283	0.025720	0.023693	0.022709	0.022330	0.022238	0.022261	0.022314	0.022359	0.022384	0.022387	0.022372	0.022343	0.022306	0.022265	0.022226	0.022189	0.022158	0.022135	1.000000	0.714593	
544	0.028521	0.030261	0.026899	0.027294	0.026245	0.024348	0.023282	0.022803	0.022627	0.022586	0.022590	0.022600	0.022598	0.022579	0.022547	0.022505	0.022457	0.022407	0.022359	0.022315	0.022278	0.022248	1.000000	0.527489	
545	0.025514	0.027294	0.024545	0.024782	0.025758	0.024427	0.023469	0.022991	0.022793	0.022727	0.022712	0.022706	0.022693	0.022666	0.022627	0.022580	0.022527	0.022474	0.022423	0.022376	0.022336	0.022304	1.000000	0.678683	
546	0.024723	0.026859	0.024525	0.026602	0.026039	0.024822	0.023861	0.023335	0.023086	0.022977	0.022928	0.022896	0.022863	0.022820	0.022769	0.022712	0.022651	0.022590	0.022533	0.022481	0.022435	0.022398	1.000000	0.698494	
547	0.026206	0.027255	0.025415	0.025514	0.025864	0.024948	0.024068	0.023543	0.023273	0.023141	0.023072	0.023024	0.022978	0.022926	0.022867	0.022803	0.022738	0.022673	0.022611	0.022555	0.022507	0.022467	1.000000	0.704530	
548	0.023833	0.025712	0.023536	0.025712	0.025813	0.025087	0.024273	0.023749	0.023460	0.023307	0.023219	0.023155	0.023097	0.023035	0.022969	0.022899	0.022828	0.022758	0.022693	0.022633	0.022582	0.022538	1.000000	0.672619	
549	0.023635	0.025277	0.022745	0.023932	0.025186	0.024877	0.024231	0.023767	0.023497	0.023347	0.023258	0.023193	0.023133	0.023070	0.023003	0.022933	0.022861	0.022791	0.022725	0.022665	0.022613	0.022569	1.000000	0.676915	
550	0.022943	0.023734	0.022607	0.023734	0.024702	0.024669	0.024169	0.023764	0.023515	0.023372	0.023285	0.023219	0.023159	0.023096	0.023029	0.022959	0.022888	0.022818	0.022752	0.022692	0.022639	0.022594	1.000000	0.607910	
551	0.024130	0.026681	0.024130	0.026108	0.025171	0.024931	0.024411	0.023987	0.023714	0.023549	0.023441	0.023360	0.023287	0.023214	0.023139	0.023062	0.022985	0.022911	0.022840	0.022776	0.022720	0.022672	1.000000	0.730243	
552	0.026899	0.028382	0.026899	0.027472	0.025938	0.025393	0.024794	0.024319	0.024004	0.023802	0.023665	0.023561	0.023469	0.023381	0.023294	0.023207	0.023121	0.023039	0.022962	0.022892	0.022830	0.022777	1.000000	0.700081	
553	0.027907	0.029865	0.027690	0.028679	0.026852	0.025990	0.025279	0.024734	0.024363	0.024116	0.023944	0.023811	0.023696	0.023589	0.023486	0.023386	0.023290	0.023198	0.023113	0.023035	0.022966	0.022907	1.000000	0.502719	
554	0.028877	0.029371	0.027472	0.028956	0.027553	0.026529	0.025739	0.025136	0.024716	0.024429	0.024222	0.024062	0.023924	0.023800	0.023682	0.023569	0.023461	0.023360	0.023266	0.023181	0.023105	0.023040	1.000000	0.708896	
555	0.030854	0.031744	0.026523	0.026741	0.027282	0.026568	0.025864	0.025289	0.024872	0.024578	0.024362	0.024192	0.024047	0.023915	0.023791	0.023673	0.023561	0.023455	0.023358	0.023269	0.023190	0.023121	1.000000	0.664738	
556	0.026820	0.027097	0.022547	0.023279	0.025948	0.025970	0.025541	0.025098	0.024750	0.024494	0.024302	0.024148	0.024014	0.023890	0.023773	0.023660	0.023552	0.023450	0.023356	0.023269	0.023192	0.023125	1.000000	0.607992	
557	0.023279	0.023932	0.021954	0.023141	0.025012	0.025456	0.025241	0.024911	0.024626	0.024407	0.024238	0.024099	0.023976	0.023861	0.023750	0.023643	0.023540	0.023442	0.023350	0.023266	0.023191	0.023125	1.000000	0.553844	
558	0.023734	0.024921	0.023141	0.023596	0.024540	0.025117	0.025035	0.024786	0.024547	0.024354	0.024202	0.024074	0.023959	0.023850	0.023745	0.023641	0.023541	0.023446	0.023357	0.023274	0.023200	0.023135	1.000000	0.640352	
559	0.023536	0.024525	0.022923	0.023635	0.024238	0.024848	0.024860	0.024676	0.024477	0.024308	0.024170	0.024053	0.023945	0.023842	0.023741	0.023641	0.023544	0.023451	0.023364	0.023283	0.023210	0.023146	1.000000	0.637989	
560	0.023932	0.024921	0.023339	0.023536	0.024004	0.024609	0.024695	0.024568	0.024404	0.024258	0.024135	0.024027	0.023927	0.023830	0.023733	0.023638	0.023544	0.023454	0.023368	0.023290	0.023218	0.023155	1.000000	0.766527	
561	0.023853	0.024545	0.022627	0.024525	0.024178	0.024594	0.024674	0.024564	0.024414	0.024275	0.024157	0.024052	0.023953	0.023857	0.023762	0.023667	0.023574	0.023484	0.023399	0.023320	0.023248	0.023185	1.000000	0.669760	
562	0.024723	0.025316	0.023536	0.023536	0.023964	0.024402	0.024531	0.024466	0.024346	0.024228	0.024122	0.024027	0.023935	0.023845	0.023754	0.023663	0.023573	0.023485	0.023402	0.023325	0.023255	0.023193	1.000000	0.728756	
563	0.024921	0.026384	0.024506	0.025910	0.024613	0.024676	0.024704	0.024603	0.024466	0.024336	0.024222	0.024118	0.024021	0.023926	0.023831	0.023736	0.023643	0.023554	0.023468	0.023389	0.023317	0.023252	1.000000	0.660577	
564	0.024921	0.027294	0.024822	0.027294	0.025507	0.025152	0.025028	0.024860	0.024684	0.024527	0.024392	0.024273	0.024163	0.024058	0.023954	0.023853	0.023754	0.023659	0.023569	0.023486	0.023409	0.023341	1.000000	0.724537	
565	0.026899	0.028481	0.025752	0.028204	0.026406	0.025707	0.025425	0.025178	0.024955	0.024764	0.024604	0.024465	0.024339	0.024220	0.024106	0.023996	0.023889	0.023787	0.023691	0.023602	0.023521	0.023448	1.000000	0.631285	
566	0.027868	0.028877	0.026503	0.027057	0.026623	0.025952	0.025629	0.025357	0.025116	0.024912	0.024740	0.024592	0.024457	0.024331	0.024211	0.024096	0.023985	0.023879	0.023780	0.023687	0.023603	0.023527	1.000000	0.602797	
567	0.026899	0.027393	0.025712	0.025712	0.026319	0.025909	0.025639	0.025391	0.025162	0.024964	0.024794	0.024646	0.024512	0.024386	0.024265	0.024149	0.024037	0.023931	0.023831	0.023737	0.023652	0.023575	1.000000	0.690838	
568	0.025910	0.027097	0.025020	0.026503	0.026381	0.026017	0.025747	0.025497	0.025265	0.025063	0.024889	0.024737	0.024598	0.024469	0.024345	0.024226	0.024112	0.024003	0.023901	0.023806	0.023718	0.023640	1.000000	0.710879	
569	0.027927	0.029272	0.027492	0.028936	0.027232	0.026548	0.026146	0.025824	0.025548	0.025313	0.025114	0.024942	0.024787	0.024644	0.024509	0.024380	0.024258	0.024142	0.024033	0.023932	0.023840	0.023756	1.000000	0.707263	
570	0.030063	0.030756	0.029292	0.030637	0.028367	0.027291	0.026707	0.026283	0.025939	0.025657	0.025421	0.025219	0.025041	0.024879	0.024728	0.024586	0.024451	0.024325	0.024207	0.024098	0.023998	0.023907	1.000000	0.594454	
571	0.030637	0.032437	0.029866	0.032239	0.029658	0.028191	0.027399	0.026850	0.026424	0.026081	0.025800	0.025562	0.025354	0.025168	0.024996	0.024837	0.024687	0.024548	0.024419	0.024299	0.024190	0.024090	1.000000	0.665420	
572	0.032120	0.034039	0.031250	0.033821	0.031046	0.029214	0.028201	0.027514	0.026993	0.026581	0.026245	0.025965	0.025722	0.025507	0.025311	0.025131	0.024964	0.024809	0.024666	0.024534	0.024413	0.024304	1.000000	0.622419	
573	0.033505	0.034612	0.032832	0.033426	0.031839	0.029980	0.028854	0.028077	0.027488	0.027022	0.026644	0.026329	0.026057	0.025817	0.025601	0.025403	0.025221	0.025052	0.024896	0.024754	0.024623	0.024505	1.000000	0.726380	
574	0.033426	0.035502	0.033228	0.035483	0.033053	0.030981	0.029683	0.028782	0.028103	0.027568	0.027135	0.026775	0.026467	0.026196	0.025954	0.025734	0.025532	0.025346	0.025175	0.025018	0.024876	0.024746	1.000000	0.646510	
575	0.034810	0.035008	0.032832	0.032832	0.032980	0.031317	0.030077	0.029168	0.028466	0.027908	0.027452	0.027071	0.026744	0.026457	0.026200	0.025966	0.025753	0.025557	0.025377	0.025211	0.025061	0.024924	1.000000	0.715382	
576	0.033426	0.036195	0.033030	0.035206	0.033722	0.032024	0.030718	0.029743	0.028985	0.028378	0.027883	0.027468	0.027112	0.026800	0.026521	0.026269	0.026039	0.025829	0.025635	0.025458	0.025297	0.025150	1.000000	0.720529	
577	0.035799	0.037915	0.035206	0.037777	0.035073	0.033070	0.031600	0.030508	0.029661	0.028985	0.028432	0.027970	0.027575	0.027230	0.026923	0.026647	0.026395	0.026165	0.025955	0.025762	0.025587	0.025427	1.000000	0.711928	
578	0.037777	0.040150	0.037520	0.039458	0.036535	0.034232	0.032582	0.031360	0.030415	0.029661	0.029045	0.028531	0.028092	0.027710	0.027371	0.027067	0.026791	0.026540	0.026310	0.026101	0.025909	0.025736	1.000000	0.625000	
579	0.040526	0.040526	0.038271	0.038766	0.037279	0.035056	0.033355	0.032066	0.031057	0.030248	0.029585	0.029030	0.028556	0.028143	0.027778	0.027450	0.027154	0.026884	0.026638	0.026413	0.026208	0.026022	1.000000	0.700442	
580	0.038786	0.040744	0.037322	0.040744	0.038434	0.036090	0.034279	0.032892	0.031802	0.030925	0.030205	0.029601	0.029086	0.028637	0.028241	0.027886	0.027565	0.027274	0.027009	0.026767	0.026546	0.026346	1.000000	0.628849	
581	0.042346	0.043256	0.037975	0.039359	0.038742	0.036685	0.034914	0.033508	0.032384	0.031469	0.030713	0.030077	0.029533	0.029058	0.028638	0.028262	0.027923	0.027615	0.027334	0.027078	0.026844	0.026632	1.000000	0.603152	
582	0.037797	0.038568	0.035799	0.036234	0.037906	0.036603	0.035079	0.033768	0.032680	0.031777	0.031020	0.030378	0.029824	0.029339	0.028909	0.028524	0.028175	0.027858	0.027568	0.027304	0.027063	0.026843	1.000000	0.636934	
583	0.036254	0.036986	0.034118	0.036986	0.037599	0.036672	0.035317	0.034074	0.033011	0.032113	0.031352	0.030700	0.030135	0.029639	0.029198	0.028801	0.028442	0.028115	0.027816	0.027543	0.027294	0.027066	1.000000	0.693034	
584	0.036452	0.038766	0.035799	0.037777	0.037659	0.036873	0.035625	0.034427	0.033378	0.032478	0.031708	0.031045	0.030468	0.029958	0.029504	0.029095	0.028725	0.028387	0.028078	0.027796	0.027537	0.027301	1.000000	0.766107	
585	0.037757	0.038845	0.036590	0.037184	0.037500	0.036930	0.035820	0.034689	0.033670	0.032782	0.032013	0.031345	0.030760	0.030242	0.029778	0.029360	0.028981	0.028635	0.028318	0.028028	0.027762	0.027518	1.000000	0.720405	
586	0.037203	0.038568	0.036294	0.037381	0.037461	0.037012	0.036015	0.034946	0.033956	0.033078	0.032311	0.031639	0.031048	0.030522	0.030050	0.029623	0.029236	0.028881	0.028556	0.028259	0.027985	0.027735	1.000000	0.679848	
587	0.037777	0.037777	0.034909	0.034909	0.036610	0.036629	0.035877	0.034942	0.034029	0.033197	0.032455	0.031799	0.031215	0.030694	0.030223	0.029797	0.029407	0.029051	0.028724	0.028423	0.028146	0.027893	1.000000	0.725342	
588	0.035206	0.037579	0.034810	0.037362	0.036861	0.036763	0.036062	0.035173	0.034286	0.033465	0.032728	0.032070	0.031483	0.030955	0.030478	0.030045	0.029648	0.029285	0.028951	0.028643	0.028361	0.028101	1.000000	0.540847	
589	0.037184	0.038884	0.037184	0.037994	0.037239	0.036987	0.036304	0.035441	0.034571	0.033757	0.033020	0.032359	0.031766	0.031231	0.030747	0.030305	0.029901	0.029530	0.029189	0.028874	0.028585	0.028318	1.000000	0.638764	
590	0.038271	0.038568	0.036234	0.036234	0.036904	0.036850	0.036295	0.035517	0.034699	0.033917	0.033199	0.032548	0.031960	0.031427	0.030943	0.030500	0.030093	0.029719	0.029374	0.029056	0.028763	0.028492	1.000000	0.754645	
591	0.036768	0.036768	0.035403	0.036392	0.036733	0.036767	0.036307	0.035600	0.034829	0.034077	0.033376	0.032736	0.032153	0.031622	0.031137	0.030693	0.030284	0.029907	0.029559	0.029237	0.028940	0.028666	1.000000	0.726640	
592	0.036116	0.037579	0.035522	0.035700	0.036389	0.036573	0.036231	0.035610	0.034896	0.034182	0.033505	0.032880	0.032307	0.031782	0.031300	0.030857	0.030448	0.030070	0.029721	0.029397	0.029097	0.028820	1.000000	0.529599	
593	0.035799	0.035839	0.034810	0.035601	0.036126	0.036396	0.036153	0.035609	0.034950	0.034273	0.033622	0.033013	0.032450	0.031932	0.031454	0.031013	0.030604	0.030226	0.029875	0.029550	0.029249	0.028969	1.000000	0.703354	
594	0.036788	0.039260	0.035997	0.038766	0.037006	0.036827	0.036479	0.035910	0.035244	0.034563	0.033908	0.033294	0.032725	0.032200	0.031715	0.031267	0.030852	0.030467	0.030109	0.029778	0.029470	0.029185	1.000000	0.617719	
595	0.038370	0.039735	0.038172	0.038568	0.037527	0.037143	0.036740	0.036163	0.035500	0.034821	0.034167	0.033551	0.032979	0.032450	0.031960	0.031506	0.031086	0.030695	0.030332	0.029995	0.029681	0.029391	1.000000	0.693337	
596	0.039260	0.040744	0.039082	0.039379	0.038144	0.037550	0.037070	0.036469	0.035798	0.035116	0.034456	0.033835	0.033257	0.032721	0.032225	0.031764	0.031337	0.030940	0.030570	0.030226	0.029907	0.029610	1.000000	0.714948	
597	0.038766	0.040150	0.037975	0.039161	0.038483	0.037843	0.037332	0.036726	0.036057	0.035377	0.034718	0.034095	0.033514	0.032974	0.032473	0.032007	0.031574	0.031171	0.030796	0.030447	0.030122	0.029820	1.000000	0.703797	
598	0.039339	0.039458	0.035997	0.036748	0.037905	0.037644	0.037259	0.036728	0.036110	0.035465	0.034830	0.034224	0.033654	0.033122	0.032625	0.032162	0.031731	0.031328	0.030953	0.030603	0.030276	0.029973	1.000000	0.684983	
599	0.036768	0.038034	0.035206	0.037777	0.037862	0.037668	0.037323	0.036828	0.036238	0.035614	0.034994	0.034398	0.033834	0.033304	0.032809	0.032346	0.031914	0.031510	0.031132	0.030780	0.030451	0.030144	1.000000	0.627382	
600	0.037975	0.039557	0.036986	0.039438	0.038388	0.037990	0.037588	0.037076	0.036484	0.035861	0.035241	0.034644	0.034077	0.033545	0.033046	0.032579	0.032142	0.031733	0.031351	0.030993	0.030660	0.030348	1.000000	0.745632	
601	0.039458	0.040447	0.038568	0.039003	0.038593	0.038174	0.037765	0.037260	0.036678	0.036064	0.035450	0.034856	0.034292	0.033759	0.033259	0.032790	0.032350	0.031938	0.031552	0.031191	0.030854	0.030539	1.000000	0.751528	
602	0.038766	0.040348	0.038766	0.039359	0.038848	0.038390	0.037964	0.037460	0.036884	0.036276	0.035667	0.035076	0.034512	0.033979	0.033477	0.033005	0.032562	0.032147	0.031758	0.031393	0.031052	0.030733	1.000000	0.557417	
603	0.039280	0.040348	0.039280	0.040328	0.039342	0.038742	0.038260	0.037733	0.037149	0.036538	0.035926	0.035332	0.034765	0.034228	0.033721	0.033245	0.032798	0.032377	0.031983	0.031614	0.031267	0.030943	1.000000	0.670721	
604	0.039755	0.039854	0.036392	0.037797	0.038827	0.038570	0.038202	0.037739	0.037199	0.036619	0.036030	0.035452	0.034897	0.034368	0.033867	0.033394	0.032949	0.032530	0.032136	0.031766	0.031419	0.031094	1.000000	0.713359	
605	0.037381	0.037381	0.032555	0.033030	0.036894	0.037563	0.037555	0.037291	0.036878	0.036387	0.035863	0.035334	0.034815	0.034315	0.033837	0.033382	0.032952	0.032544	0.032160	0.031797	0.031457	0.031137	1.000000	0.720900	
606	0.033821	0.034711	0.030083	0.030657	0.034815	0.036307	0.036693	0.036659	0.036400	0.036018	0.035574	0.035106	0.034635	0.034172	0.033723	0.033293	0.032882	0.032491	0.032120	0.031769	0.031438	0.031126	1.000000	0.625029	
607	0.031052	0.032041	0.030657	0.031863	0.033831	0.035499	0.036089	0.036202	0.036051	0.035750	0.035368	0.034948	0.034514	0.034081	0.033657	0.033246	0.032851	0.032473	0.032113	0.031772	0.031448	0.031142	1.000000	0.635130	
608	0.031962	0.033525	0.031052	0.031250	0.032971	0.034727	0.035484	0.035730	0.035681	0.035459	0.035139	0.034767	0.034372	0.033970	0.033571	0.033181	0.032803	0.032439	0.032091	0.031759	0.031443	0.031145	1.000000	0.742560	
609	0.031052	0.031843	0.030657	0.031151	0.032364	0.034077	0.034943	0.035294	0.035333	0.035181	0.034918	0.034591	0.034232	0.033860	0.033485	0.033114	0.032753	0.032403	0.032066	0.031744	0.031437	0.031145	1.000000	0.725857	
610	0.031151	0.032318	0.031052	0.032259	0.032329	0.033746	0.034607	0.035005	0.035097	0.034993	0.034770	0.034477	0.034146	0.033797	0.033441	0.033086	0.032738	0.032399	0.032071	0.031756	0.031456	0.031169	1.000000	0.706581	
611	0.031665	0.033782	0.031448	0.032832	0.032497	0.033580	0.034385	0.034798	0.034922	0.034853	0.034662	0.034397	0.034089	0.033759	0.033419	0.033078	0.032741	0.032411	0.032091	0.031783	0.031488	0.031206	1.000000	0.688250	
612	0.033030	0.034118	0.032239	0.033109	0.032701	0.033494	0.034226	0.034637	0.034783	0.034741	0.034576	0.034334	0.034047	0.033733	0.033408	0.033079	0.032752	0.032430	0.032118	0.031816	0.031525	0.031248	1.000000	0.679210	
613	0.033623	0.034810	0.032239	0.034810	0.033404	0.033734	0.034299	0.034654	0.034785	0.034745	0.034589	0.034357	0.034080	0.033776	0.033458	0.033136	0.032814	0.032498	0.032189	0.031890	0.031602	0.031326	1.000000	0.519383	
614	0.034019	0.035403	0.033445	0.034237	0.033682	0.033825	0.034291	0.034614	0.034743	0.034713	0.034569	0.034352	0.034087	0.033794	0.033486	0.033172	0.032857	0.032546	0.032243	0.031948	0.031663	0.031390	1.000000	0.778057	
615	0.034415	0.036788	0.033564	0.036788	0.034717	0.034364	0.034603	0.034821	0.034900	0.034846	0.034693	0.034470	0.034204	0.033911	0.033604	0.033290	0.032976	0.032666	0.032362	0.032067	0.031782	0.031509	1.000000	0.730141	
616	0.036808	0.039359	0.036808	0.038766	0.036067	0.035164	0.035123	0.035197	0.035197	0.035099	0.034919	0.034680	0.034402	0.034102	0.033788	0.033470	0.033152	0.032838	0.032531	0.032233	0.031945	0.031668	1.000000	0.733085	
617	0.038726	0.040348	0.038667	0.040348	0.037494	0.036107	0.035777	0.035687	0.035594	0.035438	0.035221	0.034956	0.034661	0.034347	0.034022	0.033695	0.033370	0.033049	0.032736	0.032433	0.032140	0.031859	1.000000	0.688936	
618	0.038766	0.041139	0.038667	0.040941	0.038643	0.036986	0.036422	0.036188	0.036005	0.035793	0.035538	0.035248	0.034934	0.034605	0.034270	0.033933	0.033599	0.033272	0.032952	0.032643	0.032345	0.032058	1.000000	0.582673	
619	0.040150	0.041139	0.039181	0.039260	0.038849	0.037399	0.036777	0.036480	0.036255	0.036017	0.035745	0.035444	0.035122	0.034788	0.034448	0.034108	0.033771	0.033440	0.033118	0.032806	0.032506	0.032217	1.000000	0.731924	
620	0.039794	0.041337	0.039794	0.040744	0.039480	0.038007	0.037273	0.036886	0.036601	0.036322	0.036023	0.035703	0.035367	0.035021	0.034673	0.034325	0.033982	0.033646	0.033319	0.033002	0.032697	0.032404	1.000000	0.727050	
621	0.040941	0.043612	0.040150	0.042919	0.040627	0.038900	0.037979	0.037461	0.037087	0.036747	0.036406	0.036055	0.035695	0.035331	0.034967	0.034607	0.034253	0.033907	0.033572	0.033247	0.032935	0.032635	1.000000	0.755270	
622	0.042722	0.043710	0.041535	0.042583	0.041279	0.039570	0.038554	0.037949	0.037510	0.037124	0.036749	0.036373	0.035994	0.035615	0.035239	0.034868	0.034505	0.034152	0.033809	0.033478	0.033159	0.032854	1.000000	0.656877	
623	0.041733	0.043216	0.041238	0.042722	0.041760	0.040143	0.039075	0.038403	0.037910	0.037485	0.037081	0.036683	0.036287	0.035894	0.035506	0.035126	0.034754	0.034393	0.034043	0.033706	0.033382	0.033071	1.000000	0.766132	
624	0.043513	0.045589	0.043117	0.044699	0.042740	0.040971	0.039778	0.039003	0.038433	0.037950	0.037504	0.037074	0.036653	0.036239	0.035835	0.035440	0.035056	0.034683	0.034324	0.033977	0.033645	0.033326	1.000000	0.757529	
625	0.044917	0.046282	0.044917	0.045293	0.043591	0.041757	0.040467	0.039602	0.038960	0.038424	0.037937	0.037475	0.037028	0.036594	0.036173	0.035763	0.035366	0.034982	0.034612	0.034257	0.033916	0.033589	1.000000	0.663149	
626	0.044699	0.046381	0.044699	0.045886	0.044356	0.042508	0.041145	0.040200	0.039493	0.038906	0.038379	0.037885	0.037413	0.036959	0.036519	0.036095	0.035685	0.035289	0.034909	0.034544	0.034194	0.033860	1.000000	0.613857	
627	0.046262	0.046835	0.044699	0.045293	0.044668	0.043014	0.041663	0.040685	0.039939	0.039318	0.038763	0.038246	0.037756	0.037286	0.036833	0.036396	0.035976	0.035571	0.035182	0.034809	0.034452	0.034111	1.000000	0.682891	
628	0.045194	0.046381	0.043315	0.043315	0.044217	0.043069	0.041870	0.040936	0.040199	0.039575	0.039016	0.038494	0.037998	0.037522	0.037064	0.036623	0.036198	0.035789	0.035396	0.035019	0.034658	0.034313	1.000000	0.717651	
629	0.043710	0.044502	0.042326	0.042524	0.043653	0.042970	0.041951	0.041087	0.040378	0.039766	0.039210	0.038690	0.038194	0.037718	0.037259	0.036817	0.036390	0.035979	0.035584	0.035205	0.034841	0.034494	1.000000	0.673145	
630	0.042702	0.043710	0.041831	0.043710	0.043672	0.043104	0.042171	0.041337	0.040634	0.040020	0.039460	0.038935	0.038434	0.037953	0.037490	0.037043	0.036612	0.036197	0.035798	0.035415	0.035047	0.034696	1.000000	0.730964	
631	0.043908	0.045491	0.042741	0.044304	0.043883	0.043322	0.042438	0.041620	0.040916	0.040297	0.039730	0.039197	0.038689	0.038202	0.037733	0.037281	0.036845	0.036425	0.036022	0.035634	0.035263	0.034907	1.000000	0.721584	
632	0.044699	0.045491	0.043335	0.043335	0.043700	0.043325	0.042550	0.041783	0.041102	0.040493	0.039930	0.039399	0.038891	0.038404	0.037933	0.037479	0.037042	0.036620	0.036214	0.035824	0.035450	0.035093	1.000000	0.739954	
633	0.043908	0.044699	0.042741	0.043612	0.043670	0.043377	0.042683	0.041957	0.041295	0.040694	0.040134	0.039604	0.039097	0.038608	0.038136	0.037680	0.037241	0.036817	0.036409	0.036017	0.035640	0.035280	1.000000	0.761536	
634	0.043710	0.043710	0.038370	0.038489	0.041943	0.042488	0.042158	0.041627	0.041080	0.040552	0.040043	0.039550	0.039070	0.038603	0.038148	0.037707	0.037278	0.036864	0.036464	0.036078	0.035707	0.035350	1.000000	0.596813	
635	0.038350	1.000000	0.037381	0.037975	0.040620	0.041668	0.041635	0.041279	0.040841	0.040385	0.039928	0.039473	0.039023	0.038578	0.038142	0.037716	0.037300	0.036895	0.036503	0.036124	0.035759	0.035408	0.000000	0.437709	
636	1.000000	1.000000	0.040348	0.040348	0.040530	0.041428	0.041475	0.041190	0.040803	0.040383	0.039951	0.039516	0.039080	0.038648	0.038221	0.037802	0.037392	0.036992	0.036604	0.036229	0.035866	0.035517	0.000000	0.213038	
637	0.040744	0.041337	0.038568	0.040150	0.040403	0.041195	0.041309	0.041091	0.040753	0.040368	0.039962	0.039547	0.039127	0.038707	0.038290	0.037879	0.037475	0.037081	0.036698	0.036326	0.035966	0.035618	1.000000	0.768288	
638	0.040150	0.043513	0.040150	0.043117	0.041308	0.041545	0.041535	0.041284	0.040934	0.040545	0.040138	0.039721	0.039300	0.038880	0.038462	0.038051	0.037646	0.037251	0.036867	0.036493	0.036132	0.035783	1.000000	0.645359	
639	0.043631	0.046282	0.043631	0.046282	0.042966	0.042406	0.042128	0.041760	0.041346	0.040915	0.040479	0.040041	0.039604	0.039170	0.038742	0.038320	0.037908	0.037506	0.037114	0.036735	0.036368	0.036014	1.000000	0.769661	
640	0.045095	0.047251	0.045095	0.046677	0.044203	0.043183	0.042697	0.042228	0.041756	0.041287	0.040823	0.040365	0.039911	0.039464	0.039025	0.038594	0.038174	0.037764	0.037366	0.036980	0.036608	0.036248	1.000000	0.775536	
641	0.046717	0.048596	0.046282	0.047172	0.045193	0.043908	0.043256	0.042699	0.042173	0.041667	0.041176	0.040697	0.040227	0.039767	0.039316	0.038876	0.038447	0.038029	0.037624	0.037232	0.036853	0.036488	1.000000	0.625718	
642	0.046974	0.047963	0.046479	0.046974	0.045786	0.044465	0.043721	0.043106	0.042542	0.042009	0.041498	0.041003	0.040520	0.040049	0.039589	0.039141	0.038705	0.038281	0.037870	0.037473	0.037089	0.036719	1.000000	0.702383	
643	0.047172	0.050119	0.047172	0.049941	0.047171	0.045461	0.044498	0.043757	0.043111	0.042521	0.041967	0.041439	0.040930	0.040437	0.039959	0.039495	0.039045	0.038610	0.038188	0.037780	0.037388	0.037009	1.000000	0.760252	
644	0.046677	0.048358	0.046084	0.047290	0.047211	0.045794	0.044847	0.044094	0.043432	0.042829	0.042263	0.041724	0.041206	0.040706	0.040221	0.039751	0.039295	0.038854	0.038427	0.038015	0.037618	0.037235	1.000000	0.596012	
645	0.047488	0.049328	0.047468	0.048813	0.047745	0.046343	0.045343	0.044543	0.043846	0.043215	0.042627	0.042070	0.041537	0.041024	0.040528	0.040048	0.039584	0.039135	0.038701	0.038282	0.037878	0.037490	1.000000	0.722686	
646	0.049150	0.049347	0.045293	0.046005	0.047165	0.046281	0.045426	0.044682	0.044012	0.043395	0.042814	0.042262	0.041731	0.041219	0.040723	0.040243	0.039778	0.039328	0.038893	0.038473	0.038067	0.037677	1.000000	0.736935	
647	0.045886	0.046974	0.044403	0.045985	0.046772	0.046227	0.045496	0.044806	0.044164	0.043562	0.042991	0.042444	0.041916	0.041406	0.040911	0.040432	0.039966	0.039516	0.039080	0.038658	0.038251	0.037860	1.000000	0.614488	
648	0.046143	0.047666	0.045095	0.046776	0.046773	0.046327	0.045656	0.044994	0.044365	0.043769	0.043201	0.042655	0.042128	0.041617	0.041121	0.040640	0.040173	0.039720	0.039282	0.038859	0.038450	0.038056	1.000000	0.588476	
649	0.046895	0.048042	0.045530	0.046479	0.046675	0.046355	0.045759	0.045135	0.044528	0.043944	0.043383	0.042842	0.042317	0.041807	0.041312	0.040831	0.040364	0.039911	0.039471	0.039047	0.038636	0.038241	1.000000	0.704265	
650	0.046677	0.047073	0.044719	0.044937	0.046096	0.046097	0.045656	0.045117	0.044559	0.044008	0.043469	0.042944	0.042431	0.041930	0.041442	0.040966	0.040502	0.040052	0.039615	0.039192	0.038783	0.038388	1.000000	0.600599	
651	0.045392	0.046677	0.044205	0.046084	0.046092	0.046095	0.045709	0.045209	0.044676	0.044142	0.043615	0.043097	0.042590	0.042093	0.041607	0.041133	0.040672	0.040222	0.039786	0.039362	0.038953	0.038557	1.000000	0.702889	
652	0.046677	0.049150	0.046282	0.049150	0.047111	0.046650	0.046139	0.045584	0.045021	0.044465	0.043922	0.043392	0.042875	0.042370	0.041877	0.041396	0.040928	0.040474	0.040032	0.039604	0.039190	0.038790	1.000000	0.550079	
653	0.049169	0.050435	0.048062	0.049150	0.047791	0.047104	0.046516	0.045924	0.045338	0.044767	0.044213	0.043673	0.043148	0.042636	0.042137	0.041650	0.041178	0.040718	0.040272	0.039840	0.039421	0.039017	1.000000	0.704082	
654	0.047666	0.052373	0.047251	0.052215	0.049265	0.048034	0.047228	0.046523	0.045867	0.045248	0.044657	0.044090	0.043542	0.043011	0.042497	0.041997	0.041512	0.041042	0.040586	0.040145	0.039719	0.039308	1.000000	0.574406	
655	0.051424	0.052611	0.050138	0.050831	0.049787	0.048542	0.047678	0.046933	0.046249	0.045608	0.045000	0.044419	0.043859	0.043318	0.042794	0.042287	0.041794	0.041318	0.040856	0.040409	0.039977	0.039561	1.000000	0.776326	
656	0.050831	0.051820	0.050455	0.050633	0.050069	0.048922	0.048048	0.047285	0.046586	0.045932	0.045313	0.044722	0.044153	0.043605	0.043074	0.042560	0.042062	0.041580	0.041113	0.040662	0.040225	0.039804	1.000000	0.646541	
657	0.051009	0.053877	0.050356	0.053699	0.051279	0.049791	0.048754	0.047896	0.047133	0.046433	0.045779	0.045160	0.044568	0.044001	0.043454	0.042925	0.042415	0.041921	0.041444	0.040983	0.040539	0.040109	1.000000	0.655453	
658	0.054589	0.058643	0.053797	0.057377	0.053312	0.051170	0.049832	0.048799	0.047921	0.047139	0.046423	0.045756	0.045125	0.044525	0.043951	0.043399	0.042868	0.042357	0.041864	0.041388	0.040930	0.040489	1.000000	0.627596	
659	0.058485	0.060522	0.057358	0.060166	0.055597	0.052806	0.051124	0.049882	0.048863	0.047980	0.047187	0.046459	0.045779	0.045139	0.044530	0.043949	0.043392	0.042858	0.042345	0.041852	0.041377	0.040921	1.000000	0.765954	
660	0.060522	0.062500	0.059929	0.059929	0.057041	0.054101	0.052224	0.050839	0.049714	0.048751	0.047895	0.047116	0.046394	0.045719	0.045080	0.044473	0.043894	0.043339	0.042808	0.042298	0.041809	0.041339	1.000000	0.638662	
661	0.059533	0.060522	0.056369	0.056646	0.056909	0.054564	0.052777	0.051392	0.050248	0.049260	0.048381	0.047581	0.046840	0.046147	0.045493	0.044872	0.044280	0.043714	0.043172	0.042652	0.042154	0.041676	1.000000	0.686743	
662	0.056566	0.058742	0.054608	0.058742	0.057520	0.055323	0.053523	0.052092	0.050901	0.049872	0.048956	0.048125	0.047358	0.046641	0.045966	0.045327	0.044718	0.044137	0.043582	0.043050	0.042540	0.042051	1.000000	0.664862	
663	0.059790	0.060522	0.058544	0.058544	0.057861	0.055909	0.054150	0.052706	0.051489	0.050431	0.049489	0.048633	0.047844	0.047108	0.046415	0.045760	0.045137	0.044543	0.043976	0.043432	0.042912	0.042413	1.000000	0.619366	
664	0.058544	0.060206	0.057555	0.059138	0.058287	0.056496	0.054774	0.053319	0.052077	0.050993	0.050025	0.049146	0.048335	0.047580	0.046870	0.046199	0.045561	0.044954	0.044375	0.043820	0.043289	0.042781	1.000000	0.674229	
665	0.059138	0.059929	0.055775	0.056369	0.057647	0.056473	0.054973	0.053609	0.052407	0.051340	0.050378	0.049498	0.048684	0.047924	0.047209	0.046532	0.045889	0.045276	0.044690	0.044130	0.043593	0.043079	1.000000	0.593257	
666	0.057160	0.057931	0.056270	0.057061	0.057452	0.056580	0.055234	0.053938	0.052765	0.051709	0.050749	0.049867	0.049048	0.048283	0.047561	0.046877	0.046227	0.045608	0.045016	0.044449	0.043907	0.043387	1.000000	0.729900	
667	0.057555	0.057555	0.055380	0.056566	0.057157	0.056577	0.055401	0.054188	0.053058	0.052022	0.051072	0.050194	0.049375	0.048607	0.047882	0.047195	0.046541	0.045917	0.045320	0.044748	0.044201	0.043676	1.000000	0.786475	
668	0.056566	0.057555	0.055479	0.056764	0.057026	0.056611	0.055571	0.054434	0.053343	0.052328	0.051388	0.050514	0.049697	0.048927	0.048200	0.047509	0.046851	0.046222	0.045621	0.045045	0.044493	0.043964	1.000000	0.670645	
669	0.057536	0.059434	0.055775	0.056171	0.056741	0.056531	0.055646	0.054599	0.053560	0.052576	0.051654	0.050790	0.049978	0.049211	0.048484	0.047793	0.047133	0.046502	0.045899	0.045320	0.044765	0.044232	1.000000	0.665761	
670	0.055558	0.055558	0.053303	0.053975	0.055819	0.056067	0.055437	0.054540	0.053592	0.052666	0.051783	0.050946	0.050152	0.049398	0.048680	0.047995	0.047340	0.046713	0.046111	0.045534	0.044979	0.044446	1.000000	0.649783	
671	0.054589	0.054945	0.051127	0.052116	0.054585	0.055348	0.055022	0.054309	0.053479	0.052631	0.051801	0.051003	0.050237	0.049505	0.048803	0.048131	0.047485	0.046865	0.046269	0.045696	0.045145	0.044615	1.000000	0.639418	
672	0.053006	0.054589	0.052611	0.053224	0.054131	0.054962	0.054797	0.054206	0.053459	0.052669	0.051880	0.051111	0.050367	0.049651	0.048961	0.048298	0.047659	0.047044	0.046452	0.045882	0.045333	0.044804	1.000000	0.745112	
673	0.053402	0.054371	0.050831	0.051127	0.053130	0.054265	0.054339	0.053912	0.053280	0.052570	0.051839	0.051112	0.050400	0.049709	0.049038	0.048390	0.047764	0.047159	0.046575	0.046011	0.045468	0.044943	1.000000	0.608050	
674	0.051345	0.052809	0.050712	0.051325	0.052528	0.053730	0.053962	0.053666	0.053129	0.052489	0.051810	0.051122	0.050440	0.049772	0.049120	0.048487	0.047872	0.047277	0.046700	0.046143	0.045604	0.045083	1.000000	0.660407	
675	0.052611	0.052611	0.050040	0.052611	0.052556	0.053527	0.053793	0.053565	0.053090	0.052497	0.051855	0.051195	0.050535	0.049883	0.049245	0.048622	0.048016	0.047427	0.046856	0.046302	0.045767	0.045249	1.000000	0.693161	
676	0.053006	0.054589	0.050237	0.051919	0.052343	0.053234	0.053559	0.053409	0.052999	0.052460	0.051858	0.051230	0.050595	0.049963	0.049340	0.048730	0.048134	0.047553	0.046989	0.046441	0.045910	0.045395	1.000000	0.638038	
677	0.052611	0.055578	0.052611	0.055578	0.053421	0.053660	0.053811	0.053615	0.053198	0.052661	0.052065	0.051442	0.050812	0.050183	0.049563	0.048954	0.048359	0.047779	0.047215	0.046667	0.046135	0.045619	1.000000	0.703009	
678	0.056369	0.059929	0.055281	0.059850	0.055564	0.054786	0.054566	0.054209	0.053709	0.053125	0.052497	0.051852	0.051205	0.050562	0.049930	0.049312	0.048708	0.048119	0.047547	0.046992	0.046454	0.045932	1.000000	0.714408	
679	0.061017	0.063212	0.060918	0.062104	0.057744	0.056116	0.055508	0.054961	0.054355	0.053704	0.053031	0.052352	0.051678	0.051015	0.050365	0.049731	0.049114	0.048513	0.047931	0.047365	0.046818	0.046287	1.000000	0.642528	
680	0.061511	0.064082	0.061116	0.062896	0.059461	0.057349	0.056432	0.055717	0.055012	0.054297	0.053579	0.052867	0.052166	0.051481	0.050813	0.050163	0.049531	0.048918	0.048324	0.047749	0.047192	0.046652	1.000000	0.715610	
681	0.062500	0.063291	0.061531	0.062500	0.060474	0.058286	0.057190	0.056363	0.055588	0.054826	0.054075	0.053337	0.052615	0.051913	0.051230	0.050567	0.049924	0.049301	0.048697	0.048113	0.047548	0.047001	1.000000	0.676241	
682	0.063489	0.064676	0.062500	0.063687	0.061545	0.059268	0.058002	0.057060	0.056211	0.055398	0.054609	0.053842	0.053097	0.052375	0.051675	0.050997	0.050341	0.049706	0.049092	0.048498	0.047923	0.047367	1.000000	0.687871	
683	0.063291	0.065665	0.062698	0.063588	0.062226	0.060053	0.058700	0.057682	0.056779	0.055926	0.055108	0.054317	0.053553	0.052814	0.052100	0.051410	0.050743	0.050097	0.049473	0.048870	0.048287	0.047724	1.000000	0.749151	
684	0.063489	0.064775	0.063113	0.063509	0.062654	0.060681	0.059301	0.058237	0.057296	0.056416	0.055574	0.054765	0.053986	0.053234	0.052508	0.051807	0.051130	0.050475	0.049843	0.049232	0.048641	0.048071	1.000000	0.668683	
685	0.063271	0.067029	0.063271	0.067029	0.064112	0.061836	0.060267	0.059074	0.058045	0.057100	0.056211	0.055364	0.054553	0.053775	0.053027	0.052306	0.051611	0.050941	0.050295	0.049671	0.049069	0.048488	1.000000	0.691699	
686	0.067247	0.067247	0.064537	0.064577	0.064267	0.062334	0.060806	0.059598	0.058547	0.057583	0.056675	0.055813	0.054989	0.054198	0.053439	0.052708	0.052004	0.051325	0.050671	0.050039	0.049429	0.048841	1.000000	0.621846	
687	0.065170	0.065665	0.060779	0.060957	0.063164	0.062084	0.060825	0.059728	0.058733	0.057800	0.056913	0.056064	0.055248	0.054463	0.053708	0.052979	0.052276	0.051597	0.050941	0.050309	0.049698	0.049107	1.000000	0.727543	
688	0.062500	0.063469	0.058841	0.061630	0.062652	0.062001	0.060926	0.059909	0.058956	0.058047	0.057175	0.056335	0.055526	0.054744	0.053990	0.053262	0.052559	0.051879	0.051223	0.050588	0.049975	0.049383	1.000000	0.607098	
689	0.061907	0.061907	0.059335	0.059731	0.061679	0.061588	0.060776	0.059892	0.059015	0.058156	0.057317	0.056501	0.055709	0.054940	0.054195	0.053474	0.052776	0.052101	0.051447	0.050814	0.050202	0.049610	1.000000	0.670428	
690	0.059632	0.060324	0.057793	0.059909	0.061089	0.061283	0.060668	0.059894	0.059084	0.058269	0.057461	0.056667	0.055891	0.055135	0.054400	0.053685	0.052992	0.052321	0.051669	0.051038	0.050428	0.049836	1.000000	0.616700	
691	0.060522	0.061511	0.059949	0.059988	0.060722	0.061048	0.060583	0.059903	0.059154	0.058380	0.057602	0.056829	0.056069	0.055325	0.054599	0.053892	0.053204	0.052537	0.051888	0.051259	0.050650	0.050060	1.000000	0.761059	
692	0.059988	0.059988	0.057951	0.057951	0.059798	0.060485	0.060254	0.059717	0.059061	0.058352	0.057621	0.056884	0.056151	0.055428	0.054719	0.054025	0.053348	0.052689	0.052048	0.051425	0.050820	0.050233	1.000000	0.687472	
693	0.056566	0.056863	0.054984	0.055973	0.058523	0.059664	0.059719	0.059360	0.058824	0.058199	0.057530	0.056840	0.056143	0.055450	0.054764	0.054089	0.053428	0.052782	0.052151	0.051537	0.050940	0.050359	1.000000	0.725021	
694	0.055063	0.059355	0.054589	0.057654	0.058234	0.059299	0.059461	0.059198	0.058734	0.058164	0.057536	0.056879	0.056209	0.055536	0.054867	0.054206	0.053556	0.052919	0.052296	0.051688	0.051096	0.050519	1.000000	0.752304	
695	0.059296	0.059731	0.057852	0.058347	0.058271	0.059126	0.059321	0.059117	0.058704	0.058176	0.057581	0.056951	0.056302	0.055646	0.054991	0.054342	0.053701	0.053072	0.052455	0.051852	0.051264	0.050692	1.000000	0.663372	
696	0.058643	0.060225	0.058248	0.060225	0.058923	0.059326	0.059434	0.059222	0.058821	0.058308	0.057728	0.057111	0.056473	0.055826	0.055178	0.054535	0.053899	0.053273	0.052660	0.052059	0.051473	0.050901	1.000000	0.718728	
697	0.060997	0.062441	0.059138	0.059138	0.058994	0.059291	0.059397	0.059214	0.058845	0.058361	0.057807	0.057210	0.056588	0.055956	0.055319	0.054685	0.054058	0.053438	0.052830	0.052234	0.051651	0.051082	1.000000	0.714385	
698	0.059533	0.060522	0.056586	0.057575	0.058521	0.058979	0.059170	0.059058	0.058748	0.058311	0.057794	0.057227	0.056631	0.056019	0.055400	0.054780	0.054164	0.053555	0.052955	0.052366	0.051789	0.051225	1.000000	0.694074	
699	0.058544	0.059513	0.056566	0.056566	0.057870	0.058541	0.058844	0.058821	0.058580	0.058198	0.057726	0.057195	0.056629	0.056041	0.055442	0.054839	0.054237	0.053640	0.053050	0.052470	0.051900	0.051342	1.000000	0.752317	
700	0.057457	0.060324	0.057457	0.060324	0.058688	0.058865	0.059029	0.058964	0.058714	0.058335	0.057870	0.057348	0.056789	0.056209	0.055616	0.055019	0.054421	0.053828	0.053241	0.052664	0.052096	0.051540	1.000000	0.672361	
701	0.060423	0.063489	0.058940	0.059810	0.059062	0.059037	0.059127	0.059045	0.058798	0.058430	0.057978	0.057468	0.056921	0.056350	0.055766	0.055176	0.054585	0.053997	0.053414	0.052840	0.052275	0.051721	1.000000	0.725618	
702	0.059731	0.059731	0.056606	0.056863	0.058329	0.058642	0.058844	0.058837	0.058649	0.058329	0.057916	0.057438	0.056918	0.056370	0.055805	0.055231	0.054654	0.054077	0.053505	0.052939	0.052382	0.051834	1.000000	0.565907	
703	0.058287	0.060918	0.057377	0.060918	0.059192	0.059055	0.059103	0.059035	0.058824	0.058496	0.058083	0.057608	0.057092	0.056548	0.055988	0.055418	0.054844	0.054270	0.053700	0.053136	0.052580	0.052034	1.000000	0.746179	
704	0.061313	0.062104	0.060621	0.061116	0.059833	0.059430	0.059355	0.059233	0.059000	0.058665	0.058251	0.057779	0.057267	0.056727	0.056171	0.055604	0.055034	0.054463	0.053895	0.053333	0.052779	0.052234	1.000000	0.593210	
705	0.061511	0.061511	0.059573	0.059771	0.059812	0.059492	0.059407	0.059284	0.059059	0.058737	0.058336	0.057876	0.057376	0.056847	0.056299	0.055741	0.055177	0.054612	0.054050	0.053492	0.052942	0.052399	1.000000	0.655412	
706	0.059731	0.061808	0.058544	0.061412	0.060346	0.059841	0.059657	0.059487	0.059240	0.058909	0.058506	0.058049	0.057551	0.057026	0.056482	0.055927	0.055366	0.054804	0.054244	0.053688	0.053139	0.052597	1.000000	0.672574	
707	0.061946	0.064577	0.061511	0.063884	0.061525	0.060576	0.060186	0.059906	0.059598	0.059230	0.058805	0.058333	0.057827	0.057295	0.056746	0.056188	0.055624	0.055060	0.054497	0.053940	0.053388	0.052845	1.000000	0.528459	
708	0.064676	0.065269	0.063291	0.064992	0.062681	0.061379	0.060787	0.060390	0.060013	0.059602	0.059149	0.058658	0.058138	0.057597	0.057041	0.056476	0.055908	0.055340	0.054774	0.054212	0.053658	0.053112	1.000000	0.701507	
709	0.067227	0.068354	0.066040	0.067840	0.064401	0.062554	0.061668	0.061100	0.060615	0.060133	0.059632	0.059106	0.058560	0.057998	0.057427	0.056849	0.056270	0.055692	0.055117	0.054549	0.053988	0.053436	1.000000	0.729736	
710	0.066851	0.067049	0.064992	0.065170	0.064657	0.063030	0.062106	0.061487	0.060965	0.060458	0.059939	0.059402	0.058847	0.058280	0.057703	0.057122	0.056539	0.055959	0.055382	0.054811	0.054248	0.053694	1.000000	0.650423	
711	0.066060	0.067425	0.065704	0.067247	0.065520	0.063796	0.062749	0.062036	0.061448	0.060896	0.060345	0.059785	0.059213	0.058631	0.058044	0.057454	0.056864	0.056277	0.055694	0.055118	0.054550	0.053992	1.000000	0.551115	
712	0.067781	0.067939	0.065981	0.067939	0.066327	0.064550	0.063397	0.062598	0.061948	0.061351	0.060767	0.060182	0.059592	0.058996	0.058397	0.057798	0.057199	0.056605	0.056016	0.055435	0.054862	0.054298	1.000000	0.645230	
713	0.068691	0.069324	0.067445	0.068157	0.066937	0.065205	0.063992	0.063127	0.062425	0.061790	0.061178	0.060571	0.059964	0.059356	0.058746	0.058137	0.057532	0.056931	0.056336	0.055749	0.055171	0.054603	1.000000	0.765432	
714	0.067642	0.068730	0.067247	0.067741	0.067205	0.065666	0.064461	0.063567	0.062834	0.062174	0.061542	0.060921	0.060302	0.059684	0.059067	0.058452	0.057841	0.057235	0.056636	0.056045	0.055463	0.054892	1.000000	0.625309	
715	0.069165	0.069818	0.067741	0.067860	0.067423	0.066065	0.064886	0.063976	0.063221	0.062541	0.061893	0.061260	0.060631	0.060005	0.059381	0.058761	0.058145	0.057534	0.056931	0.056337	0.055752	0.055177	1.000000	0.728466	
716	0.068849	0.069620	0.068493	0.069383	0.068076	0.066669	0.065448	0.064491	0.063695	0.062982	0.062310	0.061656	0.061012	0.060373	0.059738	0.059109	0.058485	0.057868	0.057259	0.056659	0.056069	0.055489	1.000000	0.462964	
717	0.064873	0.064873	0.062104	0.062540	0.066231	0.065918	0.065084	0.064305	0.063606	0.062954	0.062322	0.061699	0.061078	0.060458	0.059838	0.059221	0.058608	0.058000	0.057398	0.056804	0.056219	0.055644	1.000000	0.729006	
718	0.063093	0.063885	0.062500	0.063786	0.065416	0.065530	0.064922	0.064255	0.063620	0.063007	0.062404	0.061801	0.061196	0.060588	0.059979	0.059371	0.058765	0.058163	0.057566	0.056977	0.056395	0.055823	1.000000	0.718592	
719	0.063885	0.064458	0.062896	0.064241	0.065024	0.065296	0.064837	0.064254	0.063668	0.063087	0.062506	0.061920	0.061328	0.060731	0.060132	0.059531	0.058931	0.058334	0.057742	0.057156	0.056578	0.056008	1.000000	0.687536	
720	0.064498	0.066653	0.063983	0.066653	0.065567	0.065543	0.065064	0.064483	0.063897	0.063317	0.062736	0.062151	0.061560	0.060964	0.060365	0.059764	0.059165	0.058568	0.057976	0.057390	0.056812	0.056242	1.000000	0.764519	
721	0.066258	0.068236	0.066258	0.067741	0.066292	0.065942	0.065399	0.064793	0.064193	0.063602	0.063014	0.062423	0.061828	0.061229	0.060628	0.060026	0.059425	0.058827	0.058233	0.057646	0.057066	0.056495	1.000000	0.568524	
722	0.067840	0.068216	0.066456	0.066456	0.066346	0.066036	0.065531	0.064951	0.064367	0.063786	0.063205	0.062620	0.062030	0.061434	0.060836	0.060237	0.059638	0.059042	0.058450	0.057863	0.057284	0.056713	1.000000	0.769132	
723	0.066456	0.067346	0.065467	0.067128	0.066607	0.066234	0.065730	0.065159	0.064579	0.064002	0.063423	0.062840	0.062251	0.061658	0.061061	0.060462	0.059865	0.059269	0.058678	0.058092	0.057513	0.056942	1.000000	0.667953	
724	0.066752	0.068137	0.066752	0.067642	0.066952	0.066490	0.065969	0.065395	0.064815	0.064237	0.063658	0.063074	0.062486	0.061892	0.061296	0.060698	0.060100	0.059505	0.058914	0.058328	0.057749	0.057178	1.000000	0.696304	
725	0.067544	0.067939	0.066456	0.067939	0.067281	0.066754	0.066216	0.065637	0.065055	0.064476	0.063896	0.063312	0.062723	0.062130	0.061533	0.060935	0.060338	0.059743	0.059151	0.058565	0.057986	0.057414	1.000000	0.529680	
726	0.068354	0.073635	0.068354	0.073378	0.069313	0.067958	0.067111	0.066375	0.065696	0.065050	0.064422	0.063803	0.063186	0.062571	0.061956	0.061343	0.060733	0.060127	0.059526	0.058931	0.058344	0.057765	1.000000	0.717031	
727	0.072785	0.074960	0.072785	0.073477	0.070701	0.068962	0.067907	0.067051	0.066294	0.065594	0.064925	0.064275	0.063634	0.062998	0.062368	0.061741	0.061119	0.060503	0.059893	0.059290	0.058696	0.058110	1.000000	0.739826	
728	0.072983	0.078125	0.072785	0.076345	0.072583	0.070304	0.068961	0.067936	0.067067	0.066287	0.065560	0.064863	0.064186	0.063522	0.062867	0.062220	0.061581	0.060949	0.060326	0.059711	0.059106	0.058511	1.000000	0.612537	
729	0.077156	0.078224	0.073952	0.074881	0.073349	0.071136	0.069701	0.068598	0.067668	0.066842	0.066078	0.065352	0.064651	0.063967	0.063296	0.062635	0.061984	0.061342	0.060709	0.060086	0.059473	0.058871	1.000000	0.681063	
730	0.076345	0.077235	0.073398	0.073714	0.073471	0.071605	0.070203	0.069085	0.068133	0.067285	0.066502	0.065760	0.065045	0.064349	0.063668	0.062998	0.062339	0.061690	0.061051	0.060422	0.059804	0.059197	1.000000	0.719671	
731	0.073991	0.076147	0.072686	0.075079	0.074007	0.072237	0.070813	0.069656	0.068668	0.067788	0.066978	0.066215	0.065481	0.064770	0.064076	0.063394	0.062725	0.062067	0.061420	0.060784	0.060159	0.059546	1.000000	0.785021	
732	0.075396	0.079608	0.075356	0.078521	0.075511	0.073379	0.071776	0.070500	0.069426	0.068480	0.067620	0.066815	0.066048	0.065309	0.064591	0.063890	0.063204	0.062531	0.061870	0.061222	0.060586	0.059963	1.000000	0.581614	
733	0.078323	0.081210	0.077690	0.081210	0.077411	0.074803	0.072955	0.071520	0.070332	0.069302	0.068375	0.067517	0.066708	0.065933	0.065185	0.064458	0.063750	0.063057	0.062379	0.061716	0.061066	0.060430	1.000000	0.528634	
734	0.080498	0.083169	0.080498	0.081685	0.078836	0.076054	0.074047	0.072488	0.071205	0.070101	0.069114	0.068208	0.067359	0.066551	0.065774	0.065023	0.064293	0.063582	0.062887	0.062209	0.061546	0.060897	1.000000	0.594900	
735	0.081646	0.085226	0.080696	0.085226	0.080966	0.077722	0.075444	0.073701	0.072284	0.071076	0.070009	0.069038	0.068136	0.067283	0.066469	0.065685	0.064927	0.064191	0.063475	0.062777	0.062096	0.061432	1.000000	0.703056	
736	0.085265	0.088014	0.081685	0.082081	0.081337	0.078514	0.076274	0.074499	0.073038	0.071786	0.070680	0.069675	0.068742	0.067863	0.067027	0.066223	0.065447	0.064695	0.063965	0.063254	0.062561	0.061886	1.000000	0.741926	
737	0.082298	0.083445	0.079312	0.080142	0.080939	0.078810	0.076757	0.075037	0.073584	0.072326	0.071206	0.070185	0.069238	0.068345	0.067495	0.066679	0.065892	0.065130	0.064391	0.063671	0.062970	0.062287	1.000000	0.782690	
738	0.080696	0.083149	0.080696	0.083149	0.081676	0.079599	0.077556	0.075809	0.074320	0.073024	0.071869	0.070818	0.069842	0.068925	0.068054	0.067219	0.066415	0.065638	0.064884	0.064152	0.063439	0.062745	1.000000	0.735942	
739	0.084098	0.085047	0.083070	0.083070	0.082140	0.080230	0.078245	0.076501	0.074993	0.073672	0.072491	0.071415	0.070418	0.069480	0.068590	0.067739	0.066920	0.066129	0.065363	0.064619	0.063896	0.063192	1.000000	0.676213	
740	0.083070	0.088608	0.083070	0.088608	0.084296	0.081753	0.079541	0.077654	0.076040	0.074636	0.073387	0.072254	0.071208	0.070230	0.069305	0.068423	0.067577	0.066762	0.065974	0.065211	0.064470	0.063751	1.000000	0.739204	
741	0.089972	0.098081	0.089893	0.097706	0.088766	0.084654	0.081811	0.079564	0.077707	0.076124	0.074738	0.073495	0.072360	0.071308	0.070319	0.069383	0.068490	0.067634	0.066809	0.066014	0.065243	0.064497	1.000000	0.773082	
742	0.100100	0.106408	0.097508	0.106408	0.094647	0.088609	0.084886	0.082120	0.079915	0.078078	0.076497	0.075101	0.073841	0.072684	0.071608	0.070597	0.069639	0.068726	0.067852	0.067011	0.066201	0.065418	0.000000	0.767460	
743	0.106013	0.114913	0.104430	0.104568	0.097954	0.091511	0.087346	0.084258	0.081811	0.079787	0.078057	0.076538	0.075177	0.073935	0.072785	0.071711	0.070698	0.069736	0.068818	0.067938	0.067093	0.066279	0.000000	0.692933	
744	0.107990	0.107990	0.100079	0.103541	0.099816	0.093698	0.089371	0.086095	0.083483	0.081319	0.079473	0.077856	0.076410	0.075096	0.073884	0.072755	0.071693	0.070688	0.069732	0.068817	0.067941	0.067098	0.000000	0.628579	
745	0.104470	0.105321	0.101068	0.101661	0.100431	0.095146	0.090907	0.087577	0.084881	0.082632	0.080705	0.079017	0.077508	0.076137	0.074876	0.073702	0.072601	0.071561	0.070572	0.069628	0.068725	0.067857	0.000000	0.712530	
746	0.102116	0.106210	0.101266	0.101859	0.100907	0.096367	0.092276	0.088937	0.086187	0.083872	0.081880	0.080131	0.078567	0.077146	0.075840	0.074626	0.073488	0.072414	0.071395	0.070424	0.069495	0.068604	0.000000	0.599391	
747	0.103441	0.105894	0.102453	0.103639	0.101818	0.097689	0.093696	0.090337	0.087529	0.085147	0.083089	0.081278	0.079657	0.078185	0.076832	0.075577	0.074401	0.073294	0.072244	0.071244	0.070289	0.069374	0.000000	0.708078	
748	0.104411	0.104411	0.095530	0.098437	0.100691	0.097825	0.094289	0.091109	0.088368	0.086005	0.083942	0.082115	0.080473	0.078979	0.077604	0.076326	0.075130	0.074002	0.072933	0.071916	0.070944	0.070013	0.000000	0.687574	
749	0.096144	0.097608	0.094166	0.095135	0.098839	0.097336	0.094395	0.091492	0.088889	0.086594	0.084564	0.082750	0.081111	0.079613	0.078230	0.076943	0.075736	0.074597	0.073517	0.072489	0.071507	0.070565	0.000000	0.716045	
750	0.094443	0.098101	0.091970	0.098101	0.098593	0.097475	0.094858	0.092122	0.089598	0.087336	0.085316	0.083499	0.081849	0.080338	0.078940	0.077637	0.076414	0.075259	0.074164	0.073121	0.072125	0.071170	0.000000	0.611521	
751	0.098101	0.102373	0.098101	0.102373	0.099853	0.098366	0.095797	0.093098	0.090580	0.088306	0.086263	0.084419	0.082742	0.081202	0.079777	0.078448	0.077200	0.076023	0.074907	0.073844	0.072828	0.071856	0.000000	0.757166	
752	0.102255	0.106902	0.101068	0.105815	0.101840	0.099720	0.097050	0.094309	0.091752	0.089436	0.087350	0.085463	0.083745	0.082167	0.080707	0.079345	0.078067	0.076862	0.075720	0.074633	0.073596	0.072603	0.000000	0.654110	
753	0.105519	0.105775	0.102176	0.102669	0.102117	0.100256	0.097752	0.095105	0.092592	0.090290	0.088201	0.086302	0.084568	0.082971	0.081491	0.080110	0.078813	0.077589	0.076429	0.075325	0.074272	0.073263	0.000000	0.698340	
754	0.098002	0.102255	0.096915	0.099744	0.101326	0.100163	0.098001	0.095547	0.093142	0.090900	0.088842	0.086958	0.085228	0.083629	0.082143	0.080754	0.079447	0.078213	0.077043	0.075928	0.074864	0.073845	0.000000	0.705019	
755	0.099467	0.101068	0.097903	0.100297	0.100983	0.100187	0.098288	0.096000	0.093693	0.091506	0.089478	0.087609	0.085883	0.084283	0.082791	0.081394	0.080079	0.078835	0.077655	0.076530	0.075456	0.074427	0.000000	0.688303	
756	0.101760	0.104826	0.100277	0.103639	0.101868	0.100815	0.098957	0.096727	0.094458	0.092289	0.090265	0.088391	0.086655	0.085042	0.083536	0.082124	0.080793	0.079534	0.078338	0.077199	0.076111	0.075069	0.000000	0.800438	
757	0.103639	0.104628	0.100179	0.102650	0.102129	0.101149	0.099419	0.097291	0.095088	0.092957	0.090953	0.089086	0.087350	0.085732	0.084219	0.082797	0.081455	0.080185	0.078978	0.077828	0.076728	0.075675	0.000000	0.641185	
758	0.101286	0.104826	0.101286	0.102057	0.102105	0.101314	0.099748	0.097745	0.095624	0.093544	0.091570	0.089719	0.087990	0.086372	0.084856	0.083428	0.082080	0.080801	0.079586	0.078426	0.077317	0.076255	0.000000	0.634121	
759	0.100377	0.102036	0.090585	0.092168	0.098793	0.099651	0.098801	0.097214	0.095358	0.093456	0.091603	0.089839	0.088171	0.086600	0.085117	0.083715	0.082385	0.081121	0.079917	0.078765	0.077663	0.076605	0.000000	0.679841	
760	0.090585	0.092761	0.086234	0.086808	0.094798	0.097316	0.097302	0.096223	0.094700	0.093027	0.091337	0.089691	0.088112	0.086608	0.085177	0.083816	0.082519	0.081282	0.080098	0.078964	0.077875	0.076829	1.000000	0.634376	
761	0.085245	0.087619	0.082476	0.087025	0.092207	0.095445	0.096017	0.095347	0.094110	0.092639	0.091097	0.089561	0.088065	0.086624	0.085243	0.083921	0.082656	0.081443	0.080280	0.079163	0.078088	0.077053	1.000000	0.738342	
762	0.089775	0.091377	0.087836	0.090190	0.091535	0.094489	0.095289	0.094856	0.093808	0.092481	0.091047	0.089591	0.088157	0.086764	0.085420	0.084127	0.082884	0.081690	0.080541	0.079435	0.078370	0.077342	1.000000	0.618203	
763	0.092959	0.094087	0.086531	0.086808	0.089959	0.093093	0.094229	0.094089	0.093270	0.092115	0.090811	0.089456	0.088099	0.086766	0.085469	0.084215	0.083003	0.081834	0.080706	0.079617	0.078566	0.077550	1.000000	0.650888	
764	0.088212	0.090585	0.084355	0.085839	0.088586	0.091774	0.093180	0.093304	0.092698	0.091710	0.090535	0.089279	0.088000	0.086729	0.085483	0.084268	0.083089	0.081947	0.080841	0.079771	0.078735	0.077732	1.000000	0.715161	
765	0.085819	0.093394	0.082931	0.093394	0.090188	0.092068	0.093207	0.093312	0.092752	0.091819	0.090694	0.089480	0.088235	0.086991	0.085765	0.084567	0.083401	0.082269	0.081171	0.080107	0.079076	0.078076	1.000000	0.662734	
766	0.094541	0.096321	0.093157	0.093157	0.091178	0.092266	0.093200	0.093297	0.092783	0.091905	0.090831	0.089659	0.088449	0.087233	0.086029	0.084849	0.083697	0.082576	0.081487	0.080429	0.079403	0.078407	0.000000	0.718687	
767	0.092386	0.098002	0.092366	0.097903	0.093420	0.093291	0.093788	0.093736	0.093177	0.092292	0.091224	0.090061	0.088860	0.087651	0.086453	0.085277	0.084127	0.083008	0.081919	0.080861	0.079834	0.078836	0.000000	0.639723	
768	0.099684	0.104826	0.098695	0.104391	0.097077	0.095309	0.095114	0.094751	0.094039	0.093073	0.091955	0.090760	0.089535	0.088307	0.087094	0.085904	0.084741	0.083610	0.082510	0.081442	0.080405	0.079398	0.000000	0.729442	
769	0.105222	0.105419	0.100335	0.104332	0.099495	0.096950	0.096266	0.095663	0.094831	0.093799	0.092643	0.091422	0.090178	0.088936	0.087710	0.086508	0.085335	0.084194	0.083084	0.082007	0.080961	0.079946	0.000000	0.723839	
770	0.104628	0.106981	0.100079	0.101642	0.100211	0.097803	0.096938	0.096233	0.095355	0.094305	0.093143	0.091921	0.090677	0.089434	0.088207	0.087004	0.085829	0.084685	0.083573	0.082492	0.081442	0.080422	0.000000	0.707009	
771	0.100415	0.101047	0.097904	0.099684	0.100035	0.098145	0.097281	0.096561	0.095688	0.094652	0.093506	0.092300	0.091069	0.089836	0.088617	0.087420	0.086249	0.085108	0.083997	0.082916	0.081866	0.080846	0.000000	0.721790	
772	0.100494	0.101266	0.097212	0.100672	0.100248	0.098605	0.097705	0.096953	0.096072	0.095041	0.093904	0.092708	0.091486	0.090261	0.089048	0.087854	0.086686	0.085546	0.084436	0.083355	0.082304	0.081282	0.000000	0.783822	
773	0.101286	0.102650	0.098299	0.099486	0.099994	0.098765	0.097928	0.097194	0.096334	0.095327	0.094214	0.093039	0.091834	0.090623	0.089420	0.088236	0.087074	0.085939	0.084832	0.083753	0.082703	0.081682	0.000000	0.746772	
774	0.097410	0.097410	0.091851	0.091851	0.097280	0.097508	0.097168	0.096685	0.095989	0.095103	0.094083	0.092981	0.091835	0.090671	0.089507	0.088354	0.087219	0.086105	0.085016	0.083953	0.082916	0.081905	0.000000	0.710141	
775	0.086234	0.092147	0.083861	0.091970	0.095510	0.096501	0.096518	0.096236	0.095680	0.094901	0.093966	0.092931	0.091841	0.090722	0.089595	0.088473	0.087363	0.086271	0.085199	0.084151	0.083126	0.082126	1.000000	0.708137	
776	0.092563	0.096875	0.092563	0.094739	0.095253	0.096181	0.096296	0.096094	0.095608	0.094891	0.094009	0.093020	0.091967	0.090879	0.089779	0.088678	0.087586	0.086509	0.085450	0.084412	0.083397	0.082404	0.000000	0.669978	
777	0.094343	0.094541	0.092405	0.092405	0.094304	0.095494	0.095810	0.095742	0.095361	0.094730	0.093920	0.092990	0.091986	0.090939	0.089873	0.088800	0.087732	0.086675	0.085633	0.084610	0.083606	0.082623	0.000000	0.663451	
778	0.093334	0.094146	0.092623	0.094146	0.094251	0.095249	0.095602	0.095590	0.095268	0.094693	0.093932	0.093046	0.092080	0.091065	0.090025	0.088976	0.087927	0.086886	0.085857	0.084845	0.083851	0.082877	0.000000	0.734838	
779	0.095353	0.101464	0.095353	0.100475	0.096325	0.096199	0.096211	0.096055	0.095668	0.095066	0.094296	0.093408	0.092445	0.091434	0.090398	0.089353	0.088307	0.087268	0.086242	0.085231	0.084238	0.083263	0.000000	0.756564	
780	0.096123	0.102453	0.095926	0.100119	0.097590	0.096912	0.096699	0.096442	0.096011	0.095392	0.094619	0.093736	0.092778	0.091775	0.090746	0.089706	0.088665	0.087630	0.086607	0.085599	0.084607	0.083634	0.000000	0.610213	
781	0.102057	0.102669	0.100079	0.102057	0.099079	0.097847	0.097369	0.096977	0.096476	0.095822	0.095032	0.094142	0.093182	0.092178	0.091150	0.090111	0.089071	0.088037	0.087014	0.086005	0.085013	0.084039	0.000000	0.641995	
782	0.101068	0.102946	0.099684	0.099979	0.099379	0.098235	0.097695	0.097263	0.096745	0.096090	0.095307	0.094426	0.093477	0.092484	0.091465	0.090434	0.089401	0.088373	0.087355	0.086350	0.085361	0.084389	0.000000	0.680695	
783	0.101957	0.102848	0.099684	0.101424	0.100061	0.098815	0.098161	0.097659	0.097105	0.096434	0.095647	0.094768	0.093823	0.092834	0.091821	0.090794	0.089766	0.088741	0.087725	0.086722	0.085735	0.084763	0.000000	0.563250	
784	0.102590	0.103639	0.102057	0.102650	0.100924	0.099512	0.098722	0.098135	0.097532	0.096835	0.096036	0.095152	0.094206	0.093219	0.092207	0.091183	0.090156	0.089133	0.088118	0.087116	0.086128	0.085157	0.000000	0.723116	
785	0.102848	0.105617	0.101701	0.102848	0.101565	0.100119	0.099238	0.098584	0.097941	0.097223	0.096415	0.095528	0.094582	0.093597	0.092587	0.091566	0.090541	0.089519	0.088506	0.087504	0.086517	0.085545	0.000000	0.692951	
786	0.102828	0.103837	0.095530	0.095530	0.099554	0.099284	0.098775	0.098293	0.097755	0.097114	0.096365	0.095528	0.094623	0.093673	0.092692	0.091696	0.090692	0.089688	0.088691	0.087702	0.086726	0.085765	0.000000	0.726224	
787	0.093927	0.097706	0.091179	0.092761	0.097289	0.098098	0.098023	0.097766	0.097371	0.096833	0.096165	0.095393	0.094542	0.093637	0.092695	0.091731	0.090755	0.089775	0.088798	0.087827	0.086867	0.085919	0.000000	0.700654	
788	0.095135	0.098892	0.095135	0.097054	0.097211	0.097908	0.097902	0.097698	0.097347	0.096847	0.096215	0.095474	0.094652	0.093771	0.092851	0.091905	0.090945	0.089980	0.089015	0.088055	0.087104	0.086163	0.000000	0.769426	
789	0.097112	0.097112	0.090902	0.091772	0.095398	0.096793	0.097136	0.097134	0.096918	0.096520	0.095968	0.095293	0.094526	0.093693	0.092812	0.091901	0.090970	0.090030	0.089087	0.088147	0.087212	0.086287	0.000000	0.652127	
790	0.093889	0.095135	0.090229	0.092582	0.094459	0.096027	0.096566	0.096700	0.096584	0.096266	0.095780	0.095161	0.094442	0.093649	0.092804	0.091923	0.091019	0.090102	0.089179	0.088256	0.087337	0.086425	1.000000	0.684832	
791	0.094541	0.095432	0.092366	0.095432	0.094784	0.095919	0.096425	0.096579	0.096496	0.096212	0.095760	0.095174	0.094485	0.093719	0.092898	0.092038	0.091153	0.090252	0.089344	0.088433	0.087525	0.086623	0.000000	0.656966	
792	0.095728	0.102650	0.094343	0.101859	0.097142	0.096999	0.097104	0.097082	0.096908	0.096576	0.096099	0.095500	0.094806	0.094038	0.093218	0.092360	0.091477	0.090579	0.089673	0.088765	0.087859	0.086958	0.000000	0.713361	
793	0.102690	0.103639	0.096756	0.097687	0.097324	0.097124	0.097177	0.097140	0.096968	0.096648	0.096187	0.095607	0.094931	0.094181	0.093377	0.092535	0.091666	0.090780	0.089884	0.088985	0.088087	0.087194	0.000000	0.679560	
794	0.094522	0.096717	0.093948	0.095728	0.096792	0.096870	0.096996	0.097005	0.096873	0.096589	0.096162	0.095613	0.094966	0.094242	0.093461	0.092639	0.091789	0.090919	0.090038	0.089152	0.088265	0.087381	0.000000	0.672474	
795	0.097508	0.097706	0.092563	0.093750	0.095778	0.096303	0.096590	0.096695	0.096633	0.096405	0.096028	0.095522	0.094913	0.094223	0.093472	0.092676	0.091848	0.090999	0.090136	0.089265	0.088392	0.087521	0.000000	0.731268	
796	0.093948	0.097092	0.092267	0.093375	0.094977	0.095771	0.096188	0.096379	0.096382	0.096210	0.095880	0.095417	0.094846	0.094189	0.093468	0.092699	0.091894	0.091066	0.090221	0.089367	0.088508	0.087650	0.000000	0.767346	
797	0.094146	0.095709	0.091870	0.094343	0.094766	0.095511	0.095958	0.096185	0.096225	0.096090	0.095795	0.095365	0.094824	0.094195	0.093499	0.092753	0.091969	0.091158	0.090329	0.089490	0.088644	0.087797	0.000000	0.550109	
798	0.094541	0.096421	0.094245	0.095511	0.095014	0.095511	0.095902	0.096121	0.096170	0.096052	0.095779	0.095372	0.094854	0.094247	0.093571	0.092843	0.092076	0.091281	0.090466	0.089638	0.088804	0.087966	0.000000	0.658422	
799	0.096579	0.097706	0.094541	0.095432	0.095153	0.095497	0.095843	0.096055	0.096113	0.096012	0.095760	0.095375	0.094879	0.094294	0.093638	0.092928	0.092178	0.091398	0.090596	0.089781	0.088958	0.088131	0.000000	0.744180	
800	0.092959	0.096717	0.092068	0.096598	0.095635	0.095697	0.095937	0.096107	0.096151	0.096050	0.095807	0.095435	0.094954	0.094384	0.093743	0.093048	0.092312	0.091544	0.090754	0.089950	0.089136	0.088317	0.000000	0.646429	
801	0.096717	0.101068	0.096123	0.101068	0.097446	0.096674	0.096579	0.096580	0.096529	0.096374	0.096099	0.095709	0.095220	0.094646	0.094005	0.093311	0.092577	0.091812	0.091026	0.090224	0.089413	0.088597	0.000000	0.630716	
802	0.102057	0.103837	0.099130	0.100554	0.098482	0.097379	0.097076	0.096958	0.096839	0.096643	0.096346	0.095946	0.095451	0.094878	0.094239	0.093549	0.092819	0.092059	0.091277	0.090479	0.089672	0.088860	0.000000	0.679406	
803	0.100573	0.103343	0.099288	0.103046	0.100003	0.098409	0.097822	0.097538	0.097316	0.097056	0.096719	0.096292	0.095782	0.095198	0.094553	0.093860	0.093129	0.092368	0.091586	0.090790	0.089983	0.089171	0.000000	0.718662	
804	0.101859	0.102748	0.100079	0.100850	0.100285	0.098853	0.098200	0.097853	0.097588	0.097301	0.096948	0.096514	0.096002	0.095420	0.094778	0.094089	0.093363	0.092607	0.091830	0.091038	0.090236	0.089428	0.000000	0.718619	
805	0.101068	0.102611	0.099090	0.101661	0.100744	0.099364	0.098633	0.098216	0.097901	0.097582	0.097210	0.096765	0.096248	0.095664	0.095024	0.094338	0.093614	0.092862	0.092089	0.091300	0.090502	0.089697	0.000000	0.692216	
806	0.100079	0.101563	0.097310	0.100870	0.100786	0.099638	0.098913	0.098469	0.098130	0.097795	0.097413	0.096966	0.096449	0.095869	0.095233	0.094552	0.093834	0.093088	0.092320	0.091537	0.090743	0.089943	0.000000	0.602323	
807	0.101464	0.104528	0.100079	0.104014	0.101862	0.100433	0.099550	0.098997	0.098582	0.098196	0.097780	0.097310	0.096778	0.096188	0.095547	0.094862	0.094142	0.093395	0.092628	0.091845	0.091051	0.090252	0.000000	0.593350	
808	0.104035	0.107772	0.104035	0.107002	0.103575	0.101628	0.100482	0.099759	0.099230	0.098764	0.098292	0.097782	0.097222	0.096612	0.095956	0.095260	0.094532	0.093779	0.093006	0.092219	0.091422	0.090620	0.000000	0.712669	
809	0.106804	0.108959	0.105003	0.105003	0.104051	0.102241	0.101047	0.100259	0.099674	0.099167	0.098665	0.098135	0.097561	0.096941	0.096279	0.095579	0.094849	0.094095	0.093322	0.092535	0.091738	0.090936	0.000000	0.714695	
810	0.104726	0.104726	0.101464	0.101978	0.103360	0.102193	0.101163	0.100422	0.099851	0.099348	0.098849	0.098322	0.097753	0.097139	0.096482	0.095789	0.095065	0.094317	0.093549	0.092768	0.091976	0.091179	0.000000	0.684405	
811	0.100870	0.101759	0.098378	0.100079	0.102266	0.101809	0.101028	0.100390	0.099869	0.099395	0.098917	0.098408	0.097854	0.097254	0.096611	0.095930	0.095217	0.094479	0.093721	0.092948	0.092165	0.091374	0.000000	0.622388	
812	0.099090	0.101957	0.098497	0.099388	0.101307	0.101369	0.100823	0.100294	0.099832	0.099395	0.098944	0.098456	0.097921	0.097338	0.096710	0.096043	0.095344	0.094618	0.093870	0.093107	0.092333	0.091550	0.000000	0.706668	
813	0.099684	0.101047	0.097133	0.097903	0.100172	0.100739	0.100458	0.100067	0.099683	0.099298	0.098886	0.098429	0.097920	0.097360	0.096753	0.096104	0.095421	0.094710	0.093976	0.093226	0.092462	0.091690	0.000000	0.560238	
814	0.098081	0.098378	0.092563	0.092563	0.097636	0.099252	0.099471	0.099352	0.099136	0.098864	0.098535	0.098143	0.097687	0.097172	0.096603	0.095988	0.095335	0.094650	0.093939	0.093209	0.092465	0.091709	0.000000	0.693343	
815	0.090388	0.094146	0.090388	0.091970	0.095747	0.097928	0.098533	0.098649	0.098585	0.098419	0.098170	0.097841	0.097438	0.096968	0.096438	0.095856	0.095233	0.094574	0.093887	0.093179	0.092453	0.091715	0.000000	0.653845	
816	0.094146	0.095926	0.090290	0.090585	0.094027	0.096593	0.097540	0.097881	0.097969	0.097914	0.097749	0.097487	0.097140	0.096717	0.096229	0.095684	0.095092	0.094462	0.093801	0.093115	0.092410	0.091690	0.000000	0.722469	
817	0.091397	0.094323	0.091179	0.092563	0.093539	0.095860	0.096918	0.097375	0.097553	0.097569	0.097460	0.097247	0.096941	0.096555	0.096098	0.095581	0.095015	0.094408	0.093768	0.093101	0.092413	0.091709	0.000000	0.680573	
818	0.092563	0.093454	0.087421	0.088291	0.091790	0.094484	0.095839	0.096509	0.096841	0.096970	0.096951	0.096810	0.096565	0.096230	0.095819	0.095342	0.094812	0.094236	0.093624	0.092982	0.092317	0.091634	0.000000	0.661268	
819	0.088192	0.090487	0.077136	0.080301	0.087960	0.091905	0.093897	0.094966	0.095569	0.095895	0.096026	0.096005	0.095858	0.095606	0.095265	0.094849	0.094372	0.093843	0.093273	0.092669	0.092038	0.091385	0.000000	0.578143	
820	0.083267	0.083564	0.076444	0.079707	0.085209	0.089688	0.092123	0.093513	0.094348	0.094850	0.095119	0.095210	0.095156	0.094982	0.094709	0.094353	0.093927	0.093445	0.092916	0.092349	0.091751	0.091129	1.000000	0.658172	
821	0.078936	0.081388	0.076147	0.081092	0.083837	0.088125	0.090744	0.092330	0.093329	0.093963	0.094340	0.094521	0.094545	0.094438	0.094223	0.093918	0.093538	0.093097	0.092605	0.092071	0.091503	0.090908	1.000000	0.671220	
822	0.082278	0.086432	0.081487	0.086432	0.084702	0.087817	0.090205	0.091768	0.092798	0.093477	0.093901	0.094127	0.094192	0.094124	0.093944	0.093672	0.093323	0.092909	0.092443	0.091932	0.091385	0.090810	0.000000	0.775983	
823	0.087797	0.089992	0.084909	0.088410	0.085938	0.087925	0.089981	0.091448	0.092461	0.093150	0.093596	0.093848	0.093940	0.093900	0.093747	0.093500	0.093174	0.092783	0.092337	0.091845	0.091316	0.090757	0.000000	0.670151	
824	0.086412	0.087619	0.078738	0.078738	0.083538	0.086254	0.088576	0.090238	0.091405	0.092220	0.092770	0.093111	0.093279	0.093305	0.093211	0.093016	0.092737	0.092387	0.091979	0.091521	0.091024	0.090493	1.000000	0.721526	
825	0.075910	0.077927	0.070847	0.073576	0.080217	0.083949	0.086701	0.088651	0.090034	0.091017	0.091704	0.092158	0.092423	0.092531	0.092509	0.092379	0.092156	0.091857	0.091494	0.091078	0.090618	0.090121	1.000000	0.678586	
826	0.068612	0.070807	0.066456	0.068236	0.076223	0.081092	0.084393	0.086707	0.088357	0.089547	0.090400	0.090991	0.091371	0.091579	0.091643	0.091587	0.091431	0.091192	0.090882	0.090514	0.090097	0.089640	1.000000	0.710033	
827	0.070451	0.079114	0.070451	0.078936	0.077128	0.080700	0.083710	0.085966	0.087632	0.088863	0.089763	0.090403	0.090830	0.091083	0.091189	0.091172	0.091053	0.090847	0.090568	0.090228	0.089838	0.089405	1.000000	0.653801	
828	0.080301	0.080320	0.075376	0.078540	0.077599	0.080307	0.083064	0.085259	0.086933	0.088197	0.089140	0.089824	0.090296	0.090591	0.090737	0.090758	0.090673	0.090500	0.090251	0.089940	0.089575	0.089166	1.000000	0.610428	
829	0.076839	0.080894	0.074842	0.080696	0.078631	0.080378	0.082768	0.084825	0.086453	0.087713	0.088671	0.089379	0.089879	0.090203	0.090378	0.090428	0.090371	0.090224	0.090000	0.089712	0.089369	0.088980	1.000000	0.657617	
830	0.083267	0.084237	0.076543	0.076740	0.078001	0.079717	0.082015	0.084055	0.085706	0.087005	0.088008	0.088762	0.089308	0.089675	0.089891	0.089979	0.089958	0.089844	0.089651	0.089391	0.089075	0.088711	1.000000	0.730494	
831	0.070411	0.074169	0.069818	0.071697	0.075900	0.078259	0.080725	0.082878	0.084628	0.086017	0.087102	0.087930	0.088542	0.088970	0.089242	0.089380	0.089405	0.089333	0.089179	0.088954	0.088671	0.088337	1.000000	0.645999	
832	0.075356	0.075771	0.070471	0.072785	0.074861	0.077263	0.079732	0.081917	0.083717	0.085164	0.086306	0.087191	0.087857	0.088335	0.088654	0.088836	0.088901	0.088867	0.088747	0.088555	0.088301	0.087995	1.000000	0.688763	
833	0.076028	0.076048	0.071994	0.072923	0.074215	0.076474	0.078881	0.081060	0.082887	0.084374	0.085563	0.086495	0.087207	0.087731	0.088092	0.088314	0.088417	0.088418	0.088331	0.088169	0.087944	0.087664	1.000000	0.648110	
834	0.071994	0.072587	0.068631	0.068631	0.072354	0.075048	0.077600	0.079876	0.081790	0.083358	0.084622	0.085624	0.086400	0.086982	0.087397	0.087669	0.087817	0.087860	0.087812	0.087687	0.087495	0.087245	1.000000	0.562347	
835	0.070411	0.070411	0.064557	0.064893	0.069867	0.073202	0.076012	0.078449	0.080491	0.082167	0.083526	0.084613	0.085465	0.086116	0.086593	0.086922	0.087123	0.087213	0.087209	0.087124	0.086969	0.086754	1.000000	0.637972	
836	0.068631	0.073180	0.066456	0.073180	0.070972	0.073198	0.075658	0.077948	0.079928	0.081587	0.082951	0.084055	0.084931	0.085608	0.086114	0.086471	0.086700	0.086818	0.086840	0.086780	0.086648	0.086456	1.000000	0.731348	
837	0.073378	0.073774	0.070807	0.071400	0.071114	0.072871	0.075126	0.077324	0.079272	0.080930	0.082310	0.083438	0.084342	0.085051	0.085589	0.085977	0.086237	0.086384	0.086434	0.086400	0.086294	0.086125	1.000000	0.637257	
838	0.072389	0.072389	0.070214	0.071084	0.071104	0.072546	0.074620	0.076730	0.078642	0.080295	0.081686	0.082835	0.083766	0.084503	0.085071	0.085489	0.085777	0.085953	0.086030	0.086022	0.085940	0.085794	1.000000	0.781892	
839	0.071400	0.074881	0.070827	0.074743	0.072317	0.072946	0.074636	0.076541	0.078342	0.079937	0.081300	0.082440	0.083374	0.084121	0.084702	0.085137	0.085443	0.085637	0.085733	0.085743	0.085680	0.085551	1.000000	0.683652	
840	0.075475	0.076741	0.071440	0.072389	0.072341	0.072844	0.074355	0.076145	0.077884	0.079450	0.080805	0.081950	0.082896	0.083661	0.084262	0.084719	0.085047	0.085264	0.085382	0.085414	0.085370	0.085262	1.000000	0.659694	
841	0.073477	0.074347	0.071796	0.073932	0.072871	0.073042	0.074302	0.075934	0.077580	0.079094	0.080423	0.081559	0.082506	0.083279	0.083893	0.084365	0.084711	0.084945	0.085080	0.085130	0.085104	0.085013	1.000000	0.699290	
842	0.073378	0.077927	0.072389	0.077927	0.074557	0.073930	0.074755	0.076124	0.077607	0.079018	0.080285	0.081382	0.082307	0.083069	0.083680	0.084154	0.084505	0.084747	0.084892	0.084952	0.084938	0.084857	1.000000	0.679253	
843	0.078619	0.080696	0.076740	0.077729	0.075614	0.074621	0.075127	0.076277	0.077617	0.078935	0.080143	0.081204	0.082108	0.082860	0.083468	0.083943	0.084300	0.084549	0.084704	0.084774	0.084770	0.084701	1.000000	0.781272	
844	0.078323	0.078323	0.074565	0.075752	0.075660	0.074827	0.075205	0.076227	0.077473	0.078730	0.079899	0.080938	0.081832	0.082581	0.083192	0.083675	0.084041	0.084301	0.084468	0.084551	0.084560	0.084504	1.000000	0.613453	
845	0.077354	0.077927	0.075356	0.075930	0.075750	0.075027	0.075296	0.076199	0.077354	0.078549	0.079678	0.080693	0.081575	0.082320	0.082933	0.083421	0.083795	0.084066	0.084243	0.084338	0.084359	0.084316	1.000000	0.756012	
846	0.076563	0.079233	0.076345	0.079233	0.076911	0.075792	0.075788	0.076488	0.077499	0.078593	0.079654	0.080622	0.081473	0.082199	0.082801	0.083284	0.083657	0.083929	0.084111	0.084212	0.084240	0.084204	1.000000	0.632854	
847	0.078995	0.080281	0.076345	0.076938	0.076920	0.076000	0.075932	0.076531	0.077456	0.078487	0.079503	0.080442	0.081276	0.081993	0.082591	0.083075	0.083453	0.083732	0.083923	0.084033	0.084070	0.084044	1.000000	0.735541	
848	0.077433	0.077433	0.073972	0.075158	0.076333	0.075847	0.075835	0.076400	0.077279	0.078272	0.079261	0.080185	0.081010	0.081725	0.082326	0.082816	0.083202	0.083491	0.083692	0.083813	0.083863	0.083849	1.000000	0.754740	
849	0.075949	0.075949	0.073991	0.075158	0.075941	0.075722	0.075750	0.076282	0.077116	0.078071	0.079033	0.079939	0.080756	0.081467	0.082070	0.082565	0.082958	0.083256	0.083467	0.083600	0.083661	0.083658	1.000000	0.682546	
850	0.074248	0.075554	0.071400	0.075554	0.075812	0.075691	0.075726	0.076212	0.076996	0.077909	0.078840	0.079725	0.080530	0.081235	0.081837	0.082335	0.082734	0.083039	0.083259	0.083401	0.083472	0.083480	1.000000	0.722748	
851	0.078699	0.080301	0.077354	0.079608	0.077078	0.076404	0.076211	0.076536	0.077197	0.078018	0.078883	0.079720	0.080489	0.081172	0.081757	0.082246	0.082639	0.082943	0.083163	0.083307	0.083382	0.083395	1.000000	0.663986	
852	0.080301	0.080894	0.077729	0.080202	0.078119	0.077094	0.076710	0.076885	0.077428	0.078159	0.078956	0.079743	0.080477	0.081134	0.081702	0.082179	0.082565	0.082865	0.083085	0.083231	0.083308	0.083325	1.000000	0.689142	
853	0.079193	0.080894	0.078699	0.080874	0.079037	0.077781	0.077230	0.077265	0.077693	0.078334	0.079063	0.079798	0.080494	0.081123	0.081672	0.082136	0.082514	0.082809	0.083027	0.083173	0.083252	0.083271	1.000000	0.738706	
854	0.079510	0.081843	0.078718	0.080103	0.079393	0.078203	0.077590	0.077535	0.077878	0.078448	0.079120	0.079813	0.080477	0.081083	0.081616	0.082069	0.082441	0.082733	0.082950	0.083097	0.083179	0.083201	1.000000	0.717309	
855	0.079925	0.080894	0.077729	0.078026	0.078937	0.078171	0.077644	0.077582	0.077890	0.078421	0.079060	0.079726	0.080371	0.080963	0.081488	0.081937	0.082307	0.082600	0.082820	0.082972	0.083059	0.083087	1.000000	0.640446	
856	0.078026	0.080083	0.076938	0.079885	0.079253	0.078483	0.077924	0.077801	0.078043	0.078516	0.079105	0.079734	0.080350	0.080921	0.081431	0.081869	0.082234	0.082524	0.082743	0.082895	0.082985	0.083017	1.000000	0.663292	
857	0.079707	0.085641	0.079707	0.085641	0.081382	0.079784	0.078889	0.078548	0.078628	0.078975	0.079469	0.080022	0.080580	0.081106	0.081581	0.081993	0.082337	0.082612	0.082819	0.082963	0.083047	0.083075	1.000000	0.754963	
858	0.085740	0.087025	0.084059	0.085443	0.082736	0.080813	0.079708	0.079205	0.079152	0.079393	0.079800	0.080286	0.080791	0.081276	0.081719	0.082106	0.082431	0.082692	0.082889	0.083024	0.083102	0.083127	1.000000	0.723497	
859	0.085245	0.085245	0.081665	0.082476	0.082649	0.081116	0.080054	0.079516	0.079408	0.079591	0.079949	0.080393	0.080864	0.081323	0.081746	0.082118	0.082432	0.082685	0.082878	0.083011	0.083088	0.083112	1.000000	0.767246	
860	0.083663	0.083663	0.079905	0.080301	0.081866	0.080967	0.080085	0.079591	0.079476	0.079637	0.079969	0.080389	0.080840	0.081283	0.081694	0.082059	0.082368	0.082618	0.082810	0.082944	0.083023	0.083051	1.000000	0.685252	
861	0.080301	0.082259	0.078323	0.081586	0.081773	0.081080	0.080273	0.079781	0.079639	0.079763	0.080059	0.080447	0.080872	0.081295	0.081691	0.082043	0.082344	0.082589	0.082778	0.082910	0.082990	0.083018	1.000000	0.730838	
862	0.081290	0.084869	0.080301	0.084869	0.082805	0.081769	0.080847	0.080266	0.080041	0.080092	0.080326	0.080663	0.081046	0.081435	0.081804	0.082136	0.082421	0.082653	0.082833	0.082959	0.083033	0.083059	1.000000	0.685803	
863	0.084256	0.084850	0.082872	0.084059	0.083223	0.082185	0.081249	0.080627	0.080350	0.080348	0.080533	0.080829	0.081177	0.081538	0.081885	0.082199	0.082470	0.082693	0.082865	0.082986	0.083057	0.083081	1.000000	0.740440	
864	0.084355	0.085206	0.083623	0.083861	0.083436	0.082490	0.081575	0.080935	0.080620	0.080575	0.080718	0.080976	0.081294	0.081629	0.081955	0.082253	0.082512	0.082726	0.082891	0.083007	0.083076	0.083098	1.000000	0.735077	
865	0.084256	0.084652	0.082476	0.082991	0.083287	0.082581	0.081752	0.081131	0.080802	0.080731	0.080844	0.081075	0.081368	0.081683	0.081992	0.082278	0.082527	0.082733	0.082894	0.083007	0.083074	0.083096	1.000000	0.648564	
866	0.083248	0.084454	0.080795	0.081092	0.082555	0.082310	0.081670	0.081127	0.080825	0.080754	0.080858	0.081076	0.081356	0.081660	0.081960	0.082239	0.082483	0.082687	0.082846	0.082960	0.083028	0.083052	1.000000	0.699102	
867	0.082279	0.083663	0.078916	0.078916	0.081342	0.081693	0.081325	0.080916	0.080678	0.080635	0.080750	0.080970	0.081249	0.081552	0.081851	0.082130	0.082375	0.082581	0.082743	0.082860	0.082932	0.082961	1.000000	0.652585	
868	0.079114	0.080400	0.077729	0.078521	0.080402	0.081116	0.080975	0.080688	0.080512	0.080499	0.080626	0.080851	0.081131	0.081433	0.081732	0.082011	0.082258	0.082467	0.082632	0.082753	0.082830	0.082863	1.000000	0.775333	
869	0.078540	0.080301	0.077927	0.079707	0.080170	0.080860	0.080816	0.080595	0.080450	0.080448	0.080575	0.080795	0.081069	0.081365	0.081660	0.081936	0.082181	0.082389	0.082555	0.082678	0.082757	0.082794	1.000000	0.644621	
870	0.080142	0.080874	0.078620	0.078916	0.079752	0.080507	0.080579	0.080435	0.080332	0.080349	0.080483	0.080703	0.080975	0.081269	0.081562	0.081837	0.082082	0.082291	0.082459	0.082585	0.082668	0.082709	1.000000	0.742648	
871	0.078718	0.080281	0.078125	0.078619	0.079375	0.080164	0.080334	0.080262	0.080200	0.080238	0.080380	0.080602	0.080873	0.081165	0.081457	0.081731	0.081977	0.082188	0.082358	0.082487	0.082573	0.082619	1.000000	0.654414	
872	0.080261	0.084850	0.080103	0.083465	0.080738	0.080764	0.080725	0.080567	0.080451	0.080446	0.080551	0.080741	0.080986	0.081256	0.081529	0.081788	0.082022	0.082224	0.082387	0.082511	0.082594	0.082637	1.000000	0.733435	
873	0.085364	0.087421	0.085344	0.086986	0.082821	0.081895	0.081508	0.081178	0.080954	0.080868	0.080908	0.081046	0.081246	0.081480	0.081724	0.081959	0.082173	0.082358	0.082508	0.082621	0.082696	0.082733	1.000000	0.678461	
874	0.086946	0.088192	0.083465	0.085028	0.083556	0.082465	0.081948	0.081545	0.081267	0.081136	0.081137	0.081240	0.081411	0.081619	0.081842	0.082059	0.082259	0.082433	0.082575	0.082681	0.082751	0.082783	1.000000	0.600717	
875	0.085146	0.086017	0.083623	0.083861	0.083658	0.082718	0.082187	0.081766	0.081467	0.081312	0.081289	0.081368	0.081517	0.081707	0.081914	0.082118	0.082308	0.082473	0.082608	0.082710	0.082776	0.082807	1.000000	0.705724	
876	0.085146	0.086017	0.082971	0.082971	0.083429	0.082764	0.082285	0.081880	0.081583	0.081419	0.081382	0.081446	0.081581	0.081757	0.081951	0.082146	0.082328	0.082487	0.082618	0.082716	0.082781	0.082811	1.000000	0.707198	
877	0.083287	0.083861	0.080142	0.080320	0.082393	0.082320	0.082039	0.081732	0.081486	0.081348	0.081323	0.081391	0.081526	0.081701	0.081893	0.082086	0.082267	0.082426	0.082557	0.082657	0.082724	0.082756	1.000000	0.614759	
878	0.080320	0.081487	0.079134	0.079905	0.081563	0.081881	0.081773	0.081558	0.081364	0.081255	0.081244	0.081319	0.081455	0.081630	0.081822	0.082015	0.082195	0.082355	0.082488	0.082589	0.082658	0.082693	1.000000	0.670405	
879	0.080716	0.082476	0.077532	0.078323	0.080483	0.081234	0.081341	0.081250	0.081130	0.081066	0.081082	0.081173	0.081319	0.081500	0.081697	0.081894	0.082078	0.082242	0.082378	0.082484	0.082557	0.082597	1.000000	0.611189	
880	0.078916	0.081784	0.078639	0.081685	0.080884	0.081316	0.081384	0.081291	0.081173	0.081106	0.081115	0.081198	0.081335	0.081508	0.081697	0.081887	0.082066	0.082226	0.082360	0.082464	0.082537	0.082577	1.000000	0.716426	
881	0.081586	0.084830	0.081527	0.084454	0.082074	0.081887	0.081768	0.081592	0.081425	0.081322	0.081301	0.081356	0.081471	0.081623	0.081795	0.081971	0.082139	0.082289	0.082415	0.082513	0.082582	0.082618	1.000000	0.695061	
882	0.084652	0.087085	0.084157	0.087085	0.083744	0.082832	0.082433	0.082115	0.081860	0.081694	0.081622	0.081636	0.081715	0.081837	0.081984	0.082139	0.082288	0.082424	0.082538	0.082626	0.082686	0.082717	1.000000	0.708230	
883	0.086274	0.088608	0.085245	0.086432	0.084640	0.083486	0.082933	0.082527	0.082212	0.081999	0.081889	0.081870	0.081920	0.082018	0.082143	0.082280	0.082414	0.082537	0.082640	0.082720	0.082773	0.082798	1.000000	0.676977	
884	0.085483	0.086432	0.084059	0.086116	0.085132	0.083964	0.083330	0.082868	0.082512	0.082265	0.082124	0.082077	0.082102	0.082178	0.082285	0.082405	0.082526	0.082637	0.082732	0.082804	0.082851	0.082871	1.000000	0.713987	
885	0.086116	0.086630	0.084672	0.085641	0.085302	0.084269	0.083619	0.083132	0.082753	0.082483	0.082320	0.082251	0.082256	0.082314	0.082405	0.082511	0.082621	0.082722	0.082808	0.082874	0.082916	0.082932	1.000000	0.616570	
886	0.085740	0.088113	0.084454	0.087421	0.086008	0.084842	0.084094	0.083541	0.083112	0.082801	0.082603	0.082503	0.082481	0.082514	0.082584	0.082672	0.082766	0.082854	0.082930	0.082986	0.083021	0.083031	1.000000	0.743009	
887	0.088192	0.089201	0.083267	0.084533	0.085516	0.084786	0.084149	0.083635	0.083221	0.082913	0.082710	0.082602	0.082570	0.082593	0.082654	0.082733	0.082820	0.082902	0.082972	0.083025	0.083056	0.083064	1.000000	0.670578	
888	0.085463	0.086630	0.083465	0.086630	0.085888	0.085121	0.084459	0.083921	0.083484	0.083153	0.082928	0.082799	0.082746	0.082752	0.082796	0.082861	0.082935	0.083007	0.083068	0.083114	0.083139	0.083142	1.000000	0.787700	
889	0.086432	0.087619	0.085443	0.086432	0.086069	0.085360	0.084706	0.084160	0.083710	0.083364	0.083123	0.082976	0.082907	0.082896	0.082925	0.082978	0.083041	0.083103	0.083157	0.083196	0.083216	0.083214	1.000000	0.763848	
890	0.086828	0.089399	0.086630	0.089399	0.087179	0.086094	0.085293	0.084659	0.084148	0.083754	0.083471	0.083289	0.083189	0.083151	0.083157	0.083189	0.083234	0.083281	0.083321	0.083349	0.083359	0.083350	1.000000	0.686002	
891	0.088212	0.091991	0.088212	0.089695	0.088018	0.086749	0.085843	0.085138	0.084575	0.084137	0.083817	0.083602	0.083472	0.083408	0.083390	0.083402	0.083429	0.083461	0.083489	0.083505	0.083507	0.083490	1.000000	0.631335	
892	0.090071	0.091574	0.089597	0.090960	0.088999	0.087515	0.086483	0.085693	0.085066	0.084577	0.084214	0.083961	0.083797	0.083704	0.083660	0.083650	0.083658	0.083672	0.083685	0.083689	0.083680	0.083654	1.000000	0.759920	
893	0.090960	0.091574	0.088252	0.089201	0.089066	0.087821	0.086822	0.086027	0.085384	0.084876	0.084491	0.084216	0.084032	0.083920	0.083858	0.083832	0.083826	0.083828	0.083830	0.083826	0.083809	0.083776	1.000000	0.687269	
894	0.088904	0.090764	0.088410	0.090091	0.089408	0.088234	0.087231	0.086414	0.085746	0.085212	0.084802	0.084503	0.084296	0.084162	0.084081	0.084037	0.084016	0.084005	0.083995	0.083980	0.083955	0.083915	1.000000	0.758231	
895	0.090585	0.091356	0.089636	0.089992	0.089603	0.088554	0.087576	0.086755	0.086073	0.085520	0.085090	0.084771	0.084543	0.084390	0.084292	0.084232	0.084197	0.084173	0.084153	0.084129	0.084095	0.084048	1.000000	0.744300	
896	0.089992	0.091772	0.089399	0.091674	0.090293	0.089121	0.088088	0.087223	0.086504	0.085917	0.085456	0.085107	0.084853	0.084676	0.084556	0.084476	0.084423	0.084385	0.084351	0.084315	0.084271	0.084216	1.000000	0.665110	
897	0.092168	0.095135	0.092168	0.094146	0.091577	0.090034	0.088845	0.087883	0.087091	0.086448	0.085939	0.085548	0.085257	0.085047	0.084898	0.084793	0.084718	0.084660	0.084609	0.084558	0.084501	0.084434	1.000000	0.578461	
898	0.094125	0.099782	0.094125	0.099388	0.094181	0.091735	0.090163	0.088978	0.088037	0.087283	0.086686	0.086223	0.085872	0.085610	0.085416	0.085272	0.085162	0.085074	0.084998	0.084924	0.084847	0.084763	1.000000	0.701982	
899	0.098714	0.100673	0.097331	0.097943	0.095435	0.092864	0.091136	0.089832	0.088799	0.087971	0.087312	0.086795	0.086397	0.086093	0.085863	0.085687	0.085550	0.085437	0.085338	0.085245	0.085152	0.085052	1.000000	0.664786	
900	0.099190	0.099505	0.095728	0.097410	0.096093	0.093690	0.091920	0.090554	0.089462	0.088580	0.087873	0.087313	0.086875	0.086537	0.086275	0.086072	0.085909	0.085774	0.085656	0.085546	0.085437	0.085324	1.000000	0.628330	
901	0.099090	0.099090	0.096915	0.098595	0.096927	0.094582	0.092754	0.091320	0.090164	0.089226	0.088468	0.087863	0.087385	0.087010	0.086715	0.086482	0.086293	0.086135	0.085996	0.085868	0.085743	0.085616	1.000000	0.664736	
902	0.097547	0.097943	0.094739	0.095372	0.096409	0.094726	0.093082	0.091706	0.090565	0.089622	0.088852	0.088229	0.087732	0.087338	0.087025	0.086774	0.086569	0.086396	0.086243	0.086103	0.085967	0.085830	1.000000	0.668765	
903	0.096321	0.096321	0.094937	0.095590	0.096136	0.094883	0.093395	0.092075	0.090951	0.090007	0.089226	0.088588	0.088074	0.087661	0.087331	0.087063	0.086842	0.086655	0.086489	0.086337	0.086191	0.086045	1.000000	0.800251	
904	0.095135	0.095135	0.093750	0.094146	0.095472	0.094749	0.093489	0.092273	0.091197	0.090274	0.089499	0.088860	0.088338	0.087916	0.087574	0.087295	0.087063	0.086866	0.086691	0.086530	0.086376	0.086223	1.000000	0.671769	
905	0.096084	0.096084	0.093375	0.094146	0.095030	0.094639	0.093571	0.092451	0.091424	0.090524	0.089758	0.089117	0.088590	0.088160	0.087809	0.087520	0.087278	0.087071	0.086887	0.086718	0.086556	0.086397	1.000000	0.721175	
906	0.094146	0.095926	0.093413	0.094304	0.094788	0.094578	0.093663	0.092627	0.091645	0.090768	0.090010	0.089370	0.088839	0.088401	0.088041	0.087742	0.087491	0.087274	0.087082	0.086905	0.086736	0.086571	1.000000	0.702229	
907	0.094541	0.097112	0.093177	0.096717	0.095431	0.094967	0.094044	0.093017	0.092035	0.091152	0.090383	0.089729	0.089181	0.088727	0.088350	0.088036	0.087770	0.087540	0.087336	0.087147	0.086968	0.086794	1.000000	0.642777	
908	0.096717	0.097310	0.095926	0.096519	0.095794	0.095249	0.094354	0.093350	0.092380	0.091498	0.090724	0.090060	0.089500	0.089033	0.088642	0.088314	0.088036	0.087793	0.087577	0.087379	0.087191	0.087007	1.000000	0.629189	
909	0.097112	0.097310	0.095530	0.096657	0.096081	0.095505	0.094642	0.093665	0.092709	0.091831	0.091053	0.090382	0.089812	0.089332	0.088928	0.088588	0.088297	0.088043	0.087816	0.087608	0.087411	0.087219	1.000000	0.637081	
910	0.096657	0.099288	0.096657	0.098595	0.096919	0.096067	0.095136	0.094135	0.093162	0.092267	0.091472	0.090782	0.090193	0.089695	0.089274	0.088916	0.088609	0.088340	0.088100	0.087879	0.087671	0.087469	1.000000	0.662001	
911	0.098695	0.099960	0.096538	0.099228	0.097689	0.096642	0.095647	0.094620	0.093629	0.092716	0.091903	0.091194	0.090586	0.090069	0.089629	0.089254	0.088931	0.088647	0.088393	0.088159	0.087940	0.087728	1.000000	0.694299	
912	0.099111	0.099111	0.097527	0.098122	0.097833	0.096911	0.095957	0.094953	0.093974	0.093065	0.092249	0.091532	0.090914	0.090385	0.089932	0.089545	0.089209	0.088914	0.088649	0.088405	0.088176	0.087956	1.000000	0.700452	
913	0.098081	0.099486	0.097310	0.098101	0.097923	0.097127	0.096225	0.095253	0.094292	0.093390	0.092574	0.091853	0.091226	0.090687	0.090224	0.089825	0.089479	0.089173	0.088897	0.088645	0.088407	0.088179	1.000000	0.679973	
914	0.098141	0.101424	0.098122	0.100475	0.098773	0.097736	0.096756	0.095750	0.094767	0.093847	0.093013	0.092273	0.091628	0.091071	0.090590	0.090175	0.089812	0.089491	0.089202	0.088937	0.088688	0.088449	1.000000	0.715333	
915	0.100277	0.101938	0.099288	0.100415	0.099320	0.098223	0.097213	0.096195	0.095202	0.094271	0.093424	0.092670	0.092010	0.091437	0.090941	0.090510	0.090133	0.089799	0.089497	0.089220	0.088961	0.088712	1.000000	0.654268	
916	0.100297	0.102453	0.100297	0.102453	0.100364	0.098992	0.097868	0.096791	0.095760	0.094799	0.093925	0.093148	0.092464	0.091869	0.091352	0.090902	0.090506	0.090155	0.089838	0.089547	0.089274	0.089014	1.000000	0.674823	
917	0.102650	0.104628	0.102057	0.104589	0.101772	0.100010	0.098708	0.097533	0.096439	0.095430	0.094518	0.093706	0.092992	0.092368	0.091825	0.091351	0.090933	0.090562	0.090226	0.089918	0.089630	0.089357	1.000000	0.594140	
918	0.106310	0.107635	0.105261	0.105261	0.102935	0.100964	0.099527	0.098269	0.097117	0.096065	0.095115	0.094269	0.093525	0.092874	0.092305	0.091807	0.091367	0.090976	0.090622	0.090297	0.089994	0.089706	1.000000	0.671474	
919	0.106033	0.109435	0.105024	0.107891	0.104587	0.102224	0.100573	0.099186	0.097946	0.096827	0.095824	0.094934	0.094150	0.093463	0.092862	0.092334	0.091868	0.091452	0.091076	0.090732	0.090410	0.090106	1.000000	0.735612	
920	0.108209	0.110622	0.106804	0.106943	0.105372	0.103082	0.101369	0.099924	0.098638	0.097480	0.096442	0.095520	0.094706	0.093991	0.093364	0.092813	0.092325	0.091889	0.091494	0.091132	0.090795	0.090476	1.000000	0.689539	
921	0.107614	0.111946	0.107614	0.111907	0.107551	0.104686	0.102686	0.101066	0.099659	0.098411	0.097301	0.096319	0.095454	0.094694	0.094027	0.093439	0.092918	0.092452	0.092031	0.091645	0.091286	0.090947	1.000000	0.738115	
922	0.111155	0.115190	0.111155	0.114201	0.109767	0.106416	0.104126	0.102317	0.100777	0.099430	0.098240	0.097191	0.096269	0.095459	0.094747	0.094120	0.093563	0.093065	0.092615	0.092202	0.091819	0.091458	1.000000	0.776543	
923	0.114934	0.116990	0.113647	0.115802	0.111779	0.108123	0.105585	0.103601	0.101933	0.100486	0.099216	0.098099	0.097118	0.096257	0.095499	0.094831	0.094237	0.093706	0.093225	0.092784	0.092376	0.091993	1.000000	0.712286	
924	0.115704	0.117563	0.114934	0.117563	0.113707	0.109839	0.107082	0.104931	0.103135	0.101588	0.100235	0.099049	0.098007	0.097092	0.096287	0.095576	0.094944	0.094378	0.093865	0.093396	0.092962	0.092555	1.000000	0.670567	
925	0.118473	0.118473	0.116002	0.117207	0.114874	0.111179	0.108348	0.106100	0.104218	0.102595	0.101178	0.099934	0.098842	0.097881	0.097034	0.096285	0.095619	0.095021	0.094479	0.093984	0.093526	0.093097	1.000000	0.761508	
926	0.117880	0.118750	0.117188	0.117563	0.115770	0.112340	0.109500	0.107192	0.105244	0.103561	0.102088	0.100794	0.099656	0.098653	0.097767	0.096983	0.096284	0.095656	0.095087	0.094566	0.094085	0.093635	1.000000	0.604782	
927	0.112540	0.118571	0.112500	0.117880	0.116473	0.113347	0.110547	0.108210	0.106216	0.104485	0.102966	0.101628	0.100448	0.099407	0.098486	0.097668	0.096938	0.096282	0.095687	0.095142	0.094638	0.094167	1.000000	0.708144	
928	0.118473	0.119837	0.117880	0.118869	0.117272	0.114351	0.111588	0.109225	0.107190	0.105413	0.103849	0.102469	0.101249	0.100170	0.099214	0.098363	0.097603	0.096918	0.096297	0.095728	0.095202	0.094710	1.000000	0.706067	
929	0.118671	0.122627	0.117900	0.122627	0.119057	0.115856	0.112967	0.110501	0.108377	0.106523	0.104892	0.103452	0.102179	0.101051	0.100050	0.099159	0.098361	0.097642	0.096990	0.096392	0.095840	0.095324	1.000000	0.726121	
930	0.122429	0.125198	0.120253	0.122943	0.120352	0.117144	0.114214	0.111686	0.109498	0.107583	0.105895	0.104403	0.103081	0.101909	0.100868	0.099938	0.099106	0.098355	0.097673	0.097048	0.096470	0.095931	1.000000	0.625785	
931	0.123595	0.124802	0.121835	0.124111	0.121605	0.118411	0.115451	0.112869	0.110622	0.108649	0.106907	0.105364	0.103996	0.102780	0.101698	0.100731	0.099864	0.099080	0.098368	0.097716	0.097113	0.096550	1.000000	0.611050	
932	0.125396	0.125791	0.122824	0.123418	0.122209	0.119321	0.116447	0.113874	0.111606	0.109602	0.107824	0.106245	0.104840	0.103589	0.102473	0.101475	0.100577	0.099766	0.099028	0.098350	0.097724	0.097141	1.000000	0.456382	
933	0.122725	0.125198	0.120095	0.121144	0.121854	0.119653	0.117034	0.114566	0.112340	0.110347	0.108564	0.106972	0.105549	0.104278	0.103140	0.102120	0.101201	0.100368	0.099610	0.098913	0.098269	0.097668	1.000000	0.617068	
934	0.119660	0.119660	0.108168	0.113726	0.119145	0.118575	0.116621	0.114486	0.112446	0.110565	0.108851	0.107301	0.105904	0.104648	0.103518	0.102500	0.101580	0.100744	0.099981	0.099279	0.098629	0.098021	1.000000	0.706108	
935	0.112737	0.113547	0.106408	0.112440	0.116910	0.117460	0.116098	0.114291	0.112446	0.110686	0.109051	0.107552	0.106189	0.104954	0.103837	0.102826	0.101909	0.101074	0.100309	0.099604	0.098950	0.098338	1.000000	0.653677	
936	0.112540	0.115941	0.112540	0.115941	0.116587	0.117184	0.116079	0.114449	0.112715	0.111025	0.109433	0.107961	0.106613	0.105385	0.104269	0.103256	0.102334	0.101493	0.100720	0.100007	0.099345	0.098725	1.000000	0.759003	
937	0.116891	0.119957	0.115210	0.119660	0.117611	0.117634	0.116526	0.114945	0.113249	0.111582	0.110001	0.108532	0.107180	0.105944	0.104819	0.103794	0.102859	0.102004	0.101219	0.100493	0.099817	0.099185	1.000000	0.657197	
938	0.120451	0.121835	0.114913	0.114913	0.116712	0.117139	0.116325	0.114942	0.113377	0.111797	0.110274	0.108843	0.107516	0.106296	0.105179	0.104159	0.103225	0.102368	0.101579	0.100849	0.100168	0.099531	1.000000	0.541570	
939	0.114913	0.117286	0.112361	0.115684	0.116369	0.116874	0.116244	0.115012	0.113554	0.112047	0.110575	0.109177	0.107871	0.106664	0.105554	0.104536	0.103602	0.102743	0.101950	0.101215	0.100529	0.099886	1.000000	0.632404	
940	0.114122	0.119264	0.114122	0.118492	0.117077	0.117169	0.116525	0.115344	0.113934	0.112463	0.111015	0.109631	0.108333	0.107128	0.106017	0.104994	0.104053	0.103187	0.102386	0.101642	0.100947	0.100295	1.000000	0.722226	
941	0.119858	0.121144	0.118136	0.119462	0.117872	0.117586	0.116893	0.115736	0.114359	0.112915	0.111484	0.110111	0.108817	0.107612	0.106497	0.105468	0.104520	0.103645	0.102835	0.102082	0.101378	0.100716	1.000000	0.697034	
942	0.118869	0.120411	0.117880	0.119680	0.118475	0.117966	0.117241	0.116112	0.114769	0.113351	0.111939	0.110578	0.109289	0.108085	0.106968	0.105934	0.104980	0.104097	0.103278	0.102516	0.101803	0.101133	1.000000	0.769929	
943	0.119858	0.120253	0.115309	0.117188	0.118046	0.117825	0.117234	0.116214	0.114955	0.113599	0.112231	0.110900	0.109633	0.108442	0.107333	0.106303	0.105350	0.104466	0.103644	0.102878	0.102161	0.101486	1.000000	0.721300	
944	0.117286	0.119541	0.117286	0.118454	0.118182	0.117939	0.117387	0.116428	0.115224	0.113912	0.112577	0.111268	0.110016	0.108835	0.107730	0.106702	0.105747	0.104860	0.104034	0.103263	0.102540	0.101859	1.000000	0.688163	
945	0.118454	0.118473	0.115309	0.115881	0.117415	0.117565	0.117199	0.116376	0.115275	0.114039	0.112760	0.111494	0.110271	0.109111	0.108021	0.107003	0.106054	0.105170	0.104346	0.103575	0.102850	0.102167	1.000000	0.643853	
946	0.116891	0.117840	0.114953	0.116791	0.117207	0.117424	0.117148	0.116415	0.115391	0.114217	0.112984	0.111752	0.110555	0.109412	0.108334	0.107324	0.106379	0.105498	0.104673	0.103901	0.103174	0.102488	1.000000	0.671276	
947	0.116891	0.118612	0.115923	0.117642	0.117352	0.117464	0.117210	0.116532	0.115564	0.114438	0.113243	0.112039	0.110863	0.109735	0.108667	0.107662	0.106721	0.105840	0.105015	0.104240	0.103511	0.102821	1.000000	0.733351	
948	0.118078	0.119957	0.116495	0.117188	0.117298	0.117414	0.117207	0.116595	0.115689	0.114615	0.113462	0.112290	0.111138	0.110027	0.108971	0.107974	0.107038	0.106159	0.105335	0.104560	0.103829	0.103137	1.000000	0.694788	
949	0.118769	0.119560	0.118098	0.118275	0.117623	0.117571	0.117340	0.116755	0.115888	0.114851	0.113730	0.112582	0.111448	0.110351	0.109303	0.108312	0.107378	0.106501	0.105676	0.104899	0.104165	0.103470	1.000000	0.631151	
950	0.119422	0.122133	0.118869	0.121440	0.118896	0.118274	0.117853	0.117201	0.116315	0.115276	0.114158	0.113014	0.111883	0.110786	0.109737	0.108742	0.107804	0.106921	0.106090	0.105307	0.104567	0.103865	1.000000	0.728368	
951	0.121835	0.122824	0.117703	0.119066	0.118953	0.118418	0.118005	0.117378	0.116527	0.115521	0.114431	0.113310	0.112195	0.111110	0.110070	0.109081	0.108146	0.107264	0.106432	0.105647	0.104904	0.104199	1.000000	0.677338	
952	0.119818	0.120155	0.115506	0.117582	0.118496	0.118266	0.117952	0.117398	0.116608	0.115654	0.114606	0.113518	0.112429	0.111364	0.110338	0.109360	0.108432	0.107554	0.106725	0.105941	0.105199	0.104493	1.000000	0.651523	
953	0.118513	0.120253	0.118513	0.120253	0.119082	0.118627	0.118239	0.117670	0.116889	0.115951	0.114919	0.113847	0.112769	0.111713	0.110692	0.109717	0.108790	0.107912	0.107081	0.106295	0.105549	0.104839	1.000000	0.723874	
954	0.120432	0.120946	0.118671	0.120946	0.119703	0.119049	0.118578	0.117982	0.117201	0.116273	0.115254	0.114193	0.113125	0.112075	0.111059	0.110085	0.109158	0.108279	0.107446	0.106657	0.105907	0.105193	1.000000	0.598902	
955	0.121421	0.122725	0.120847	0.121440	0.120282	0.119484	0.118936	0.118311	0.117527	0.116606	0.115598	0.114546	0.113486	0.112442	0.111429	0.110457	0.109530	0.108650	0.107814	0.107022	0.106268	0.105550	1.000000	0.719425	
956	0.119858	0.119858	0.112540	0.112540	0.117701	0.118221	0.118136	0.117762	0.117143	0.116344	0.115428	0.114449	0.113445	0.112446	0.111469	0.110526	0.109622	0.108759	0.107939	0.107158	0.106414	0.105704	1.000000	0.607246	
957	0.113529	0.115881	0.113529	0.114003	0.116469	0.117454	0.117619	0.117404	0.116902	0.116193	0.115349	0.114427	0.113469	0.112507	0.111559	0.110640	0.109754	0.108907	0.108098	0.107327	0.106590	0.105886	1.000000	0.707985	
958	0.115862	0.115881	0.110581	0.111748	0.114895	0.116417	0.116886	0.116865	0.116505	0.115906	0.115149	0.114296	0.113395	0.112477	0.111566	0.110676	0.109815	0.108987	0.108194	0.107436	0.106710	0.106015	1.000000	0.723614	
959	0.112935	0.113312	0.109810	0.110957	0.113583	0.115424	0.116145	0.116302	0.116078	0.115587	0.114916	0.114133	0.113289	0.112418	0.111544	0.110685	0.109849	0.109043	0.108267	0.107523	0.106809	0.106124	1.000000	0.669021	
960	0.110739	0.114201	0.110739	0.113312	0.113492	0.115040	0.115790	0.116018	0.115866	0.115440	0.114827	0.114093	0.113290	0.112453	0.111608	0.110771	0.109954	0.109163	0.108400	0.107666	0.106960	0.106282	1.000000	0.728259	
961	0.113924	0.115013	0.109375	0.110166	0.112384	0.114154	0.115087	0.115460	0.115427	0.115100	0.114568	0.113902	0.113154	0.112363	0.111556	0.110751	0.109961	0.109191	0.108446	0.107728	0.107035	0.106367	1.000000	0.698585	
962	0.110957	0.111967	0.108979	0.109177	0.111315	0.113249	0.114349	0.114862	0.114946	0.114718	0.114268	0.113671	0.112981	0.112238	0.111471	0.110700	0.109937	0.109191	0.108466	0.107763	0.107085	0.106429	1.000000	0.751422	
963	0.115902	0.118671	0.114953	0.118671	0.113767	0.114235	0.114889	0.115225	0.115233	0.114973	0.114513	0.113915	0.113228	0.112490	0.111728	0.110961	0.110202	0.109458	0.108734	0.108033	0.107354	0.106698	1.000000	0.638223	
964	0.117484	0.117840	0.115902	0.117524	0.115019	0.114833	0.115218	0.115444	0.115409	0.115137	0.114680	0.114091	0.113415	0.112688	0.111935	0.111176	0.110424	0.109685	0.108965	0.108267	0.107591	0.106936	1.000000	0.665803	
965	0.117484	0.117661	0.113924	0.114418	0.114819	0.114757	0.115118	0.115346	0.115333	0.115091	0.114666	0.114107	0.113459	0.112756	0.112024	0.111283	0.110545	0.109818	0.109109	0.108419	0.107749	0.107100	1.000000	0.604848	
966	0.114736	0.116396	0.113430	0.115704	0.115114	0.114930	0.115191	0.115380	0.115361	0.115130	0.114723	0.114185	0.113556	0.112871	0.112155	0.111428	0.110701	0.109984	0.109282	0.108599	0.107934	0.107289	1.000000	0.670205	
967	0.116891	0.122033	0.115902	0.121242	0.117157	0.116077	0.115948	0.115938	0.115814	0.115525	0.115086	0.114529	0.113891	0.113199	0.112480	0.111749	0.111020	0.110301	0.109597	0.108911	0.108244	0.107596	1.000000	0.756867	
968	0.120549	0.121836	0.116100	0.117682	0.117332	0.116369	0.116165	0.116104	0.115958	0.115664	0.115230	0.114683	0.114055	0.113375	0.112666	0.111944	0.111222	0.110509	0.109810	0.109128	0.108463	0.107818	1.000000	0.652780	
969	0.119066	0.119264	0.116297	0.116514	0.117059	0.116395	0.116208	0.116143	0.116000	0.115719	0.115301	0.114772	0.114162	0.113498	0.112803	0.112094	0.111383	0.110678	0.109986	0.109310	0.108651	0.108009	1.000000	0.654326	
970	0.116891	0.119639	0.116891	0.118177	0.117432	0.116719	0.116454	0.116337	0.116168	0.115877	0.115461	0.114938	0.114337	0.113682	0.112995	0.112293	0.111589	0.110890	0.110202	0.109529	0.108872	0.108232	1.000000	0.686111	
971	0.117484	0.117859	0.114517	0.115704	0.116856	0.116535	0.116361	0.116277	0.116132	0.115866	0.115474	0.114976	0.114396	0.113761	0.113092	0.112405	0.111713	0.111025	0.110347	0.109681	0.109031	0.108397	1.000000	0.726474	
972	0.115704	0.116297	0.113627	0.115783	0.116498	0.116398	0.116288	0.116230	0.116105	0.115861	0.115492	0.115015	0.114457	0.113840	0.113188	0.112516	0.111837	0.111159	0.110490	0.109832	0.109188	0.108559	1.000000	0.619988	
973	0.115923	0.116298	0.110780	0.110780	0.114592	0.115377	0.115600	0.115711	0.115696	0.115533	0.115230	0.114809	0.114297	0.113720	0.113102	0.112459	0.111805	0.111149	0.110497	0.109855	0.109225	0.108608	1.000000	0.607789	
974	0.111946	0.114715	0.110978	0.113726	0.114304	0.115077	0.115366	0.115522	0.115544	0.115417	0.115146	0.114756	0.114272	0.113721	0.113124	0.112500	0.111863	0.111221	0.110582	0.109951	0.109330	0.108720	1.000000	0.672478	
975	0.114122	0.115111	0.113529	0.114913	0.114507	0.115047	0.115309	0.115464	0.115496	0.115384	0.115133	0.114763	0.114300	0.113767	0.113188	0.112580	0.111955	0.111325	0.110696	0.110074	0.109460	0.108856	1.000000	0.751069	
976	0.115446	0.116791	0.115150	0.116476	0.115163	0.115307	0.115455	0.115560	0.115571	0.115455	0.115208	0.114847	0.114394	0.113874	0.113306	0.112707	0.112092	0.111470	0.110848	0.110232	0.109623	0.109024	1.000000	0.664755	
977	0.116139	0.117682	0.113726	0.117484	0.115937	0.115703	0.115709	0.115743	0.115718	0.115585	0.115334	0.114976	0.114529	0.114015	0.113455	0.112864	0.112256	0.111640	0.111023	0.110411	0.109806	0.109210	1.000000	0.630204	
978	0.116297	0.121044	0.116279	0.121044	0.117639	0.116674	0.116376	0.116248	0.116128	0.115938	0.115652	0.115272	0.114812	0.114291	0.113726	0.113132	0.112522	0.111905	0.111287	0.110673	0.110067	0.109470	1.000000	0.516037	
979	0.121242	0.122231	0.118473	0.119304	0.118194	0.117152	0.116742	0.116539	0.116372	0.116155	0.115855	0.115468	0.115007	0.114487	0.113925	0.113334	0.112727	0.112113	0.111498	0.110886	0.110282	0.109686	1.000000	0.753464	
980	0.119462	0.120826	0.118315	0.119066	0.118485	0.117500	0.117032	0.116780	0.116579	0.116343	0.116033	0.115644	0.115184	0.114667	0.114109	0.113522	0.112920	0.112309	0.111697	0.111088	0.110486	0.109892	1.000000	0.631491	
981	0.118829	0.123774	0.118829	0.123043	0.120004	0.118508	0.117784	0.117376	0.117077	0.116775	0.116422	0.116005	0.115526	0.114996	0.114428	0.113835	0.113226	0.112611	0.111996	0.111384	0.110778	0.110181	1.000000	0.718891	
982	0.123418	0.124307	0.120155	0.120451	0.120153	0.118861	0.118117	0.117669	0.117336	0.117012	0.116646	0.116222	0.115740	0.115209	0.114643	0.114051	0.113445	0.112832	0.112218	0.111607	0.111003	0.110407	1.000000	0.639480	
983	0.123122	0.123615	0.119481	0.123122	0.121143	0.119636	0.118743	0.118189	0.117781	0.117406	0.117006	0.116558	0.116061	0.115520	0.114946	0.114349	0.113738	0.113122	0.112505	0.111892	0.111285	0.110686	1.000000	0.740009	
984	0.121835	0.124209	0.121440	0.123339	0.121875	0.120309	0.119317	0.118679	0.118209	0.117789	0.117358	0.116889	0.116377	0.115826	0.115245	0.114644	0.114029	0.113410	0.112790	0.112174	0.111565	0.110964	1.000000	0.635755	
985	0.122824	0.123813	0.120155	0.123616	0.122455	0.120910	0.119854	0.119149	0.118625	0.118165	0.117705	0.117217	0.116692	0.116132	0.115544	0.114938	0.114320	0.113697	0.113075	0.112457	0.111845	0.111242	1.000000	0.586413	
986	0.123813	0.125554	0.123813	0.125554	0.123488	0.121755	0.120567	0.119759	0.119158	0.118642	0.118141	0.117624	0.117077	0.116501	0.115902	0.115286	0.114660	0.114031	0.113403	0.112780	0.112164	0.111557	1.000000	0.636000	
987	0.125535	0.125691	0.124051	0.124111	0.123696	0.122183	0.121010	0.120174	0.119539	0.118994	0.118473	0.117940	0.117383	0.116800	0.116195	0.115575	0.114947	0.114315	0.113685	0.113060	0.112442	0.111833	1.000000	0.754073	
988	0.124802	0.125593	0.118256	0.118275	0.121889	0.121472	0.120668	0.119993	0.119441	0.118948	0.118462	0.117957	0.117422	0.116858	0.116269	0.115664	0.115048	0.114427	0.113806	0.113189	0.112578	0.111974	1.000000	0.757759	
989	0.119837	0.121044	0.115902	0.116060	0.119946	0.120488	0.120092	0.119618	0.119181	0.118762	0.118329	0.117864	0.117363	0.116826	0.116262	0.115677	0.115078	0.114473	0.113865	0.113260	0.112659	0.112064	1.000000	0.738956	
990	0.116495	0.118236	0.113528	0.115348	0.118413	0.119554	0.119499	0.119212	0.118887	0.118542	0.118163	0.117741	0.117275	0.116768	0.116229	0.115666	0.115086	0.114497	0.113904	0.113311	0.112721	0.112136	1.000000	0.706779	
991	0.116337	0.116891	0.113726	0.115902	0.117576	0.118890	0.119049	0.118896	0.118657	0.118371	0.118037	0.117652	0.117215	0.116734	0.116218	0.115674	0.115111	0.114537	0.113957	0.113375	0.112795	0.112219	1.000000	0.564425	
992	0.116278	0.118473	0.114934	0.116714	0.117289	0.118494	0.118757	0.118688	0.118507	0.118264	0.117964	0.117606	0.117193	0.116734	0.116235	0.115708	0.115160	0.114598	0.114029	0.113458	0.112886	0.112318	1.000000	0.685947	
993	0.117880	0.118769	0.113449	0.114320	0.116299	0.117735	0.118203	0.118272	0.118185	0.118010	0.117761	0.117446	0.117068	0.116639	0.116167	0.115662	0.115134	0.114590	0.114037	0.113479	0.112920	0.112362	1.000000	0.717763	
994	0.114913	0.117840	0.113528	0.116297	0.116298	0.117474	0.117965	0.118084	0.118040	0.117899	0.117680	0.117390	0.117035	0.116625	0.116171	0.115683	0.115169	0.114638	0.114097	0.113549	0.112998	0.112448	1.000000	0.759312	
995	0.116514	0.117840	0.111690	0.115309	0.115969	0.117080	0.117633	0.117820	0.117830	0.117732	0.117548	0.117288	0.116960	0.116574	0.116141	0.115671	0.115174	0.114657	0.114128	0.113592	0.113052	0.112511	1.000000	0.665830	
996	0.116476	0.117484	0.114715	0.117109	0.116349	0.117085	0.117567	0.117752	0.117775	0.117692	0.117524	0.117279	0.116966	0.116595	0.116175	0.115718	0.115232	0.114726	0.114207	0.113679	0.113146	0.112612	1.000000	0.625343	
997	0.117089	0.118473	0.115309	0.118078	0.116925	0.117266	0.117631	0.117783	0.117798	0.117717	0.117555	0.117318	0.117015	0.116653	0.116243	0.115795	0.115319	0.114821	0.114309	0.113787	0.113261	0.112732	1.000000	0.671669	
998	0.117880	0.119364	0.116870	0.116891	0.116914	0.117198	0.117538	0.117698	0.117728	0.117664	0.117518	0.117297	0.117009	0.116662	0.116266	0.115831	0.115366	0.114879	0.114377	0.113864	0.113345	0.112824	1.000000	0.729962	
999	0.115051	0.116021	0.113548	0.114913	0.116247	0.116782	0.117210	0.117433	0.117512	0.117486	0.117373	0.117181	0.116918	0.116594	0.116218	0.115801	0.115352	0.114880	0.114391	0.113890	0.113382	0.112870	1.000000	0.690600	
1000	0.115408	0.116396	0.114339	0.116002	0.116165	0.116640	0.117059	0.117297	0.117395	0.117390	0.117297	0.117124	0.116878	0.116570	0.116210	0.115808	0.115372	0.114912	0.114433	0.113942	0.113443	0.112939	1.000000	0.709752	
1001	0.114913	0.114913	0.111255	0.111847	0.114726	0.115769	0.116408	0.116778	0.116969	0.117033	0.116994	0.116866	0.116660	0.116385	0.116054	0.115678	0.115265	0.114825	0.114365	0.113890	0.113406	0.112915	1.000000	0.613674	
1002	0.112540	0.114122	0.110581	0.112144	0.113865	0.115110	0.115875	0.116336	0.116597	0.116717	0.116725	0.116636	0.116463	0.116219	0.115915	0.115562	0.115171	0.114750	0.114307	0.113847	0.113376	0.112898	1.000000	0.672292	
1003	0.114517	0.115764	0.111946	0.114498	0.114076	0.114999	0.115703	0.116161	0.116436	0.116574	0.116601	0.116532	0.116378	0.116151	0.115864	0.115527	0.115150	0.114743	0.114312	0.113863	0.113402	0.112933	1.000000	0.602588	
1004	0.116495	0.118848	0.116495	0.118275	0.115476	0.115594	0.116024	0.116363	0.116577	0.116684	0.116694	0.116617	0.116460	0.116235	0.115950	0.115617	0.115245	0.114842	0.114416	0.113972	0.113516	0.113050	1.000000	0.595215	
1005	0.117642	0.119660	0.116002	0.117880	0.116277	0.116010	0.116256	0.116507	0.116678	0.116761	0.116760	0.116678	0.116522	0.116299	0.116019	0.115691	0.115325	0.114928	0.114507	0.114069	0.113617	0.113156	1.000000	0.676294	
1006	0.117484	0.117682	0.114517	0.115506	0.116020	0.115918	0.116162	0.116412	0.116588	0.116680	0.116690	0.116621	0.116478	0.116268	0.116001	0.115685	0.115330	0.114944	0.114533	0.114104	0.113661	0.113208	1.000000	0.729974	
1007	0.116693	0.117682	0.115704	0.116495	0.116179	0.116023	0.116204	0.116420	0.116580	0.116668	0.116679	0.116615	0.116479	0.116277	0.116019	0.115712	0.115366	0.114988	0.114585	0.114163	0.113727	0.113280	1.000000	0.807051	
1008	0.118454	0.118671	0.116495	0.117484	0.116614	0.116289	0.116364	0.116521	0.116650	0.116721	0.116724	0.116657	0.116522	0.116324	0.116071	0.115770	0.115430	0.115058	0.114661	0.114245	0.113814	0.113373	1.000000	0.671352	
1009	0.117880	0.120847	0.117484	0.120253	0.117827	0.117010	0.116850	0.116877	0.116927	0.116949	0.116920	0.116833	0.116685	0.116478	0.116220	0.115917	0.115576	0.115204	0.114809	0.114394	0.113964	0.113524	1.000000	0.560004	
1010	0.120451	0.122231	0.118968	0.122231	0.119295	0.117959	0.117523	0.117387	0.117335	0.117289	0.117215	0.117096	0.116926	0.116704	0.116435	0.116124	0.115778	0.115402	0.115004	0.114587	0.114156	0.113715	1.000000	0.744719	
1011	0.115704	0.125593	0.114636	0.124407	0.120999	0.119131	0.118383	0.118055	0.117879	0.117749	0.117615	0.117453	0.117251	0.117006	0.116720	0.116396	0.116039	0.115656	0.115251	0.114830	0.114395	0.113950	1.000000	0.607087	
1012	0.134394	0.136669	0.129767	0.132932	0.124977	0.121640	0.120202	0.119472	0.119037	0.118728	0.118466	0.118208	0.117933	0.117631	0.117299	0.116938	0.116551	0.116143	0.115717	0.115277	0.114826	0.114367	1.000000	0.665000	
1013	0.130142	0.132318	0.128858	0.132022	0.127325	0.123528	0.121679	0.120667	0.120036	0.119586	0.119219	0.118882	0.118545	0.118195	0.117824	0.117432	0.117020	0.116590	0.116146	0.115690	0.115226	0.114755	1.000000	0.635496	
1014	0.131725	0.137402	0.131725	0.135266	0.129972	0.125662	0.123378	0.122058	0.121207	0.120598	0.120110	0.119681	0.119272	0.118864	0.118447	0.118017	0.117573	0.117116	0.116649	0.116173	0.115692	0.115206	1.000000	0.703607	
1015	0.133921	0.134691	0.132753	0.133405	0.131116	0.127070	0.124631	0.123138	0.122146	0.121424	0.120849	0.120350	0.119887	0.119435	0.118982	0.118522	0.118053	0.117575	0.117090	0.116599	0.116104	0.115606	1.000000	0.755350	
1016	0.130598	0.133109	0.129945	0.131824	0.131352	0.127934	0.125530	0.123966	0.122890	0.122095	0.121459	0.120910	0.120406	0.119921	0.119440	0.118958	0.118470	0.117976	0.117478	0.116975	0.116469	0.115963	1.000000	0.739198	
1017	0.132416	0.134810	0.130438	0.134692	0.132465	0.129163	0.126675	0.124987	0.123798	0.122908	0.122194	0.121582	0.121027	0.120500	0.119985	0.119474	0.118961	0.118447	0.117931	0.117412	0.116893	0.116374	1.000000	0.705007	
1018	0.135799	0.138510	0.135087	0.135087	0.133339	0.130240	0.127727	0.125949	0.124666	0.123693	0.122910	0.122241	0.121638	0.121072	0.120524	0.119985	0.119450	0.118916	0.118382	0.117849	0.117316	0.116786	1.000000	0.658492	
1019	0.135680	0.135878	0.132932	0.135087	0.133922	0.131121	0.128647	0.126819	0.125468	0.124428	0.123587	0.122868	0.122223	0.121621	0.121044	0.120481	0.119924	0.119371	0.118822	0.118274	0.117730	0.117188	1.000000	0.690551	
1020	0.135581	0.138054	0.135285	0.137658	0.135167	0.132310	0.129773	0.127852	0.126406	0.125282	0.124368	0.123589	0.122894	0.122250	0.121638	0.121044	0.120461	0.119887	0.119317	0.118753	0.118193	0.117638	1.000000	0.687038	
1021	0.138449	0.143196	0.137065	0.139241	0.136525	0.133570	0.130957	0.128936	0.127393	0.126182	0.125195	0.124353	0.123605	0.122917	0.122266	0.121640	0.121030	0.120432	0.119842	0.119259	0.118683	0.118112	1.000000	0.643743	
1022	0.141614	0.143769	0.140625	0.143592	0.138881	0.135392	0.132536	0.130332	0.128639	0.127306	0.126217	0.125291	0.124474	0.123727	0.123028	0.122360	0.121714	0.121084	0.120467	0.119860	0.119262	0.118672	1.000000	0.648716	
1023	0.146538	0.151068	0.146538	0.150712	0.142824	0.138178	0.134808	0.132273	0.130337	0.128816	0.127578	0.126531	0.125615	0.124786	0.124017	0.123290	0.122593	0.121919	0.121263	0.120621	0.119993	0.119377	0.000000	0.763072	
1024	0.150100	0.156646	0.149130	0.155559	0.147069	0.141338	0.137402	0.134491	0.132277	0.130541	0.129132	0.127947	0.126916	0.125992	0.125143	0.124348	0.123592	0.122866	0.122165	0.121484	0.120820	0.120172	0.000000	0.658040	
1025	0.153481	0.156348	0.145807	0.151938	0.148692	0.143265	0.139219	0.136152	0.133789	0.131922	0.130399	0.129117	0.128004	0.127010	0.126100	0.125252	0.124451	0.123685	0.122949	0.122236	0.121544	0.120870	0.000000	0.675420	
1026	0.148378	0.148399	0.141437	0.142919	0.146768	0.143202	0.139681	0.136797	0.134492	0.132631	0.131095	0.129791	0.128653	0.127634	0.126701	0.125832	0.125010	0.124227	0.123474	0.122747	0.122041	0.121355	1.000000	0.728066	
1027	0.142722	0.149723	0.141002	0.148932	0.147489	0.144244	0.140838	0.137952	0.135603	0.133683	0.132086	0.130724	0.129535	0.128469	0.127495	0.126589	0.125735	0.124923	0.124144	0.123393	0.122666	0.121961	1.000000	0.740117	
1028	0.152274	0.156646	0.151899	0.156448	0.150475	0.146463	0.142789	0.139714	0.137206	0.135151	0.133439	0.131979	0.130705	0.129566	0.128529	0.127568	0.126666	0.125811	0.124994	0.124209	0.123452	0.122719	0.000000	0.731303	
1029	0.157674	0.161195	0.157674	0.160008	0.153653	0.148926	0.144941	0.141647	0.138960	0.136755	0.134915	0.133347	0.131979	0.130760	0.129653	0.128632	0.127676	0.126774	0.125916	0.125093	0.124302	0.123538	0.000000	0.733438	
1030	0.160403	0.163172	0.156843	0.160899	0.156068	0.151103	0.146936	0.143480	0.140648	0.138313	0.136359	0.134691	0.133236	0.131942	0.130769	0.129689	0.128683	0.127736	0.126836	0.125977	0.125153	0.124359	0.000000	0.732961	
1031	0.158921	0.158921	0.156843	0.158228	0.156788	0.152398	0.148348	0.144885	0.142000	0.139598	0.137574	0.135839	0.134323	0.132973	0.131750	0.130625	0.129578	0.128594	0.127662	0.126774	0.125922	0.125104	0.000000	0.700084	
1032	0.156290	0.161095	0.153481	0.154272	0.155949	0.152739	0.149088	0.145779	0.142944	0.140544	0.138501	0.136738	0.135190	0.133808	0.132554	0.131400	0.130327	0.129318	0.128363	0.127453	0.126582	0.125745	0.000000	0.746476	
1033	0.154470	0.155854	0.146954	0.148339	0.153412	0.151939	0.148994	0.146023	0.143359	0.141047	0.139048	0.137304	0.135762	0.134378	0.133118	0.131956	0.130873	0.129854	0.128888	0.127968	0.127088	0.126241	0.000000	0.702235	
1034	0.150296	0.151503	0.143987	0.144779	0.150534	0.150637	0.148467	0.145904	0.143468	0.141288	0.139366	0.137668	0.136154	0.134786	0.133534	0.132376	0.131294	0.130274	0.129306	0.128383	0.127499	0.126649	0.000000	0.663675	
1035	0.143196	0.146242	0.139636	0.143196	0.148088	0.149284	0.147809	0.145646	0.143447	0.141411	0.139579	0.137938	0.136460	0.135116	0.133879	0.132731	0.131655	0.130638	0.129672	0.128749	0.127864	0.127012	1.000000	0.670350	
1036	0.144185	0.145372	0.137460	0.137658	0.144612	0.147170	0.146540	0.144885	0.143002	0.141169	0.139472	0.137924	0.136512	0.135215	0.134014	0.132893	0.131837	0.130836	0.129882	0.128969	0.128092	0.127246	1.000000	0.730172	
1037	0.142207	0.142405	0.133702	0.142009	0.143744	0.146232	0.145973	0.144612	0.142926	0.141223	0.139613	0.138124	0.136751	0.135482	0.134300	0.133191	0.132145	0.131151	0.130201	0.129291	0.128416	0.127571	1.000000	0.618998	
1038	0.138449	0.144957	0.138449	0.144166	0.143885	0.145856	0.145748	0.144569	0.143021	0.141413	0.139866	0.138418	0.137074	0.135822	0.134652	0.133551	0.132509	0.131517	0.130569	0.129658	0.128782	0.127936	1.000000	0.631022	
1039	0.144166	0.144739	0.138845	0.141218	0.142996	0.145013	0.145181	0.144250	0.142882	0.141400	0.139941	0.138555	0.137254	0.136034	0.134887	0.133803	0.132773	0.131790	0.130849	0.129944	0.129071	0.128227	1.000000	0.729894	
1040	0.141693	0.142207	0.139536	0.141021	0.142338	0.144287	0.144661	0.143942	0.142739	0.141376	0.140001	0.138675	0.137417	0.136229	0.135106	0.134039	0.133023	0.132050	0.131117	0.130217	0.129349	0.128509	1.000000	0.666755	
1041	0.141634	0.142603	0.133703	0.135304	0.139993	0.142654	0.143492	0.143120	0.142167	0.140984	0.139740	0.138511	0.137326	0.136193	0.135113	0.134081	0.133092	0.132142	0.131227	0.130343	0.129488	0.128658	1.000000	0.605674	
1042	0.136076	0.136274	0.131725	0.132318	0.137435	0.140775	0.142095	0.142091	0.141410	0.140425	0.139328	0.138209	0.137108	0.136041	0.135013	0.134023	0.133069	0.132147	0.131256	0.130392	0.129553	0.128738	1.000000	0.739494	
1043	0.135701	0.136867	0.132536	0.134889	0.136586	0.139705	0.141194	0.141405	0.140908	0.140068	0.139081	0.138047	0.137011	0.135996	0.135009	0.134051	0.133124	0.132224	0.131351	0.130503	0.129677	0.128874	1.000000	0.693181	
1044	0.134098	0.134869	0.131231	0.131231	0.134801	0.138164	0.139949	0.140436	0.140164	0.139498	0.138645	0.137714	0.136760	0.135809	0.134874	0.133959	0.133066	0.132196	0.131348	0.130521	0.129714	0.128925	1.000000	0.703792	
1045	0.132516	0.135187	0.126978	0.128165	0.132589	0.136346	0.138476	0.139267	0.139241	0.138767	0.138063	0.137248	0.136386	0.135509	0.134634	0.133769	0.132918	0.132083	0.131264	0.130463	0.129678	0.128909	1.000000	0.732119	
1046	0.129153	0.133109	0.127413	0.132516	0.132565	0.135649	0.137731	0.138624	0.138723	0.138363	0.137755	0.137018	0.136218	0.135392	0.134558	0.133728	0.132906	0.132095	0.131297	0.130513	0.129744	0.128988	1.000000	0.620290	
1047	0.134473	0.137263	0.132714	0.135978	0.133702	0.135709	0.137512	0.138372	0.138512	0.138209	0.137656	0.136967	0.136208	0.135415	0.134609	0.133802	0.132999	0.132204	0.131420	0.130648	0.129889	0.129142	1.000000	0.662380	
1048	0.148293	0.150063	0.145276	0.148190	0.138531	0.137978	0.138846	0.139307	0.139257	0.138853	0.138241	0.137514	0.136729	0.135916	0.135094	0.134273	0.133459	0.132655	0.131862	0.131081	0.130314	0.129560	0.000000	0.716306	
1049	0.148398	0.152061	0.146317	0.148190	0.141751	0.139835	0.140014	0.140153	0.139944	0.139456	0.138794	0.138035	0.137227	0.136397	0.135562	0.134730	0.133905	0.133092	0.132291	0.131504	0.130730	0.129970	0.000000	0.645409	
1050	0.148398	0.150895	0.142155	0.142799	0.142100	0.140374	0.140362	0.140405	0.140163	0.139671	0.139016	0.138267	0.137469	0.136648	0.135820	0.134994	0.134175	0.133366	0.132568	0.131783	0.131011	0.130252	1.000000	0.635899	
1051	0.144236	0.146295	0.140073	0.142571	0.142257	0.140773	0.140638	0.140612	0.140349	0.139858	0.139214	0.138477	0.137691	0.136881	0.136061	0.135243	0.134429	0.133625	0.132831	0.132049	0.131279	0.130522	1.000000	0.596719	
1052	0.145673	0.145673	0.139241	0.143070	0.142528	0.141191	0.140942	0.140846	0.140558	0.140066	0.139428	0.138701	0.137925	0.137123	0.136312	0.135499	0.134691	0.133891	0.133101	0.132321	0.131554	0.130798	1.000000	0.610105	
1053	0.144236	0.144236	0.139449	0.140073	0.141710	0.140988	0.140834	0.140772	0.140521	0.140066	0.139464	0.138768	0.138018	0.137239	0.136446	0.135649	0.134854	0.134065	0.133284	0.132513	0.131752	0.131002	1.000000	0.705507	
1054	0.140052	0.142674	0.139095	0.141114	0.141511	0.141011	0.140869	0.140805	0.140566	0.140134	0.139556	0.138883	0.138153	0.137391	0.136613	0.135828	0.135044	0.134264	0.133490	0.132725	0.131969	0.131224	1.000000	0.645348	
1055	0.141114	0.141405	0.136973	0.140073	0.141032	0.140840	0.140769	0.140735	0.140528	0.140130	0.139584	0.138941	0.138236	0.137496	0.136736	0.135968	0.135196	0.134427	0.133663	0.132906	0.132158	0.131419	1.000000	0.743052	
1056	0.142155	0.142571	0.135911	0.135911	0.139325	0.139944	0.140162	0.140276	0.140173	0.139858	0.139380	0.138793	0.138135	0.137434	0.136707	0.135966	0.135218	0.134469	0.133723	0.132981	0.132245	0.131518	1.000000	0.645185	
1057	0.135890	0.140490	0.129252	0.130439	0.136363	0.138216	0.138947	0.139339	0.139424	0.139250	0.138884	0.138386	0.137801	0.137160	0.136483	0.135785	0.135073	0.134356	0.133636	0.132918	0.132203	0.131494	1.000000	0.730675	
1058	0.127628	0.131771	0.126546	0.127171	0.133299	0.136208	0.137475	0.138180	0.138482	0.138471	0.138233	0.137839	0.137338	0.136768	0.136150	0.135502	0.134834	0.134153	0.133466	0.132776	0.132086	0.131399	1.000000	0.707845	
1059	0.129668	0.129668	0.123841	0.125276	0.130625	0.134220	0.135950	0.136951	0.137466	0.137619	0.137513	0.137226	0.136814	0.136317	0.135762	0.135167	0.134544	0.133903	0.133250	0.132591	0.131928	0.131264	1.000000	0.742178	
1060	0.127587	0.131727	0.126360	0.131727	0.130992	0.133767	0.135422	0.136453	0.137025	0.137239	0.137192	0.136957	0.136593	0.136137	0.135618	0.135054	0.134459	0.133842	0.133210	0.132569	0.131923	0.131274	1.000000	0.644598	
1061	0.131749	0.133434	0.129148	0.129148	0.130378	0.132927	0.134638	0.135758	0.136419	0.136717	0.136745	0.136577	0.136269	0.135863	0.135387	0.134860	0.134298	0.133710	0.133103	0.132485	0.131859	0.131228	1.000000	0.639238	
1062	0.130292	0.133600	0.125589	0.125714	0.128823	0.131616	0.133522	0.134801	0.135595	0.136007	0.136132	0.136047	0.135810	0.135465	0.135041	0.134561	0.134038	0.133484	0.132909	0.132318	0.131716	0.131106	1.000000	0.646529	
1063	0.125922	0.132976	0.125922	0.131519	0.129722	0.131598	0.133272	0.134489	0.135282	0.135718	0.135876	0.135826	0.135624	0.135310	0.134916	0.134461	0.133961	0.133429	0.132872	0.132298	0.131711	0.131116	1.000000	0.672217	
1064	0.130813	0.134663	0.130084	0.133622	0.131022	0.131966	0.133316	0.134406	0.135154	0.135583	0.135751	0.135718	0.135537	0.135244	0.134869	0.134433	0.133951	0.133435	0.132892	0.132331	0.131756	0.131171	1.000000	0.602698	
1065	0.132165	0.133622	0.128003	0.128003	0.130016	0.131246	0.132652	0.133796	0.134604	0.135094	0.135320	0.135342	0.135209	0.134960	0.134624	0.134222	0.133771	0.133282	0.132763	0.132224	0.131668	0.131101	1.000000	0.746170	
1066	0.127337	0.127337	0.121968	0.123216	0.127749	0.129786	0.131472	0.132789	0.133728	0.134327	0.134648	0.134750	0.134688	0.134500	0.134217	0.133862	0.133451	0.132998	0.132512	0.132001	0.131472	0.130928	1.000000	0.746139	
1067	0.128627	0.128627	0.123008	0.128627	0.128042	0.129575	0.131117	0.132392	0.133336	0.133960	0.134313	0.134452	0.134424	0.134269	0.134017	0.133690	0.133305	0.132875	0.132410	0.131918	0.131406	0.130877	1.000000	0.646880	
1068	0.128606	0.128606	0.123008	0.128003	0.128029	0.129289	0.130727	0.131974	0.132925	0.133575	0.133963	0.134137	0.134145	0.134024	0.133802	0.133504	0.133144	0.132738	0.132294	0.131822	0.131326	0.130814	1.000000	0.645851	
1069	0.128003	0.128835	0.124570	0.127212	0.127757	0.128912	0.130288	0.131521	0.132486	0.133165	0.133588	0.133799	0.133844	0.133757	0.133567	0.133297	0.132964	0.132582	0.132160	0.131708	0.131231	0.130735	1.000000	0.677637	
1070	0.127587	0.131270	0.127587	0.130147	0.128554	0.129136	0.130270	0.131390	0.132306	0.132970	0.133396	0.133621	0.133683	0.133615	0.133445	0.133194	0.132879	0.132513	0.132107	0.131669	0.131206	0.130722	1.000000	0.645067	
1071	0.131749	0.133830	0.130500	0.133830	0.130312	0.129990	0.130715	0.131622	0.132423	0.133026	0.133421	0.133631	0.133689	0.133623	0.133459	0.133215	0.132908	0.132551	0.132153	0.131723	0.131267	0.130790	1.000000	0.637844	
1072	0.134892	0.139657	0.134871	0.137431	0.132685	0.131343	0.131555	0.132176	0.132809	0.133310	0.133643	0.133817	0.133852	0.133773	0.133601	0.133353	0.133045	0.132688	0.132292	0.131863	0.131410	0.130936	1.000000	0.696942	
1073	0.137992	0.138472	0.135911	0.137784	0.134385	0.132514	0.132334	0.132710	0.133191	0.133599	0.133873	0.134010	0.134023	0.133930	0.133750	0.133498	0.133189	0.132832	0.132436	0.132010	0.131558	0.131087	1.000000	0.595381	
1074	0.137992	0.138014	0.133206	0.133206	0.133992	0.132640	0.132443	0.132757	0.133192	0.133573	0.133836	0.133971	0.133987	0.133902	0.133731	0.133489	0.133189	0.132842	0.132456	0.132039	0.131597	0.131133	1.000000	0.726989	
1075	0.134060	0.135350	0.131145	0.133622	0.133869	0.132818	0.132590	0.132839	0.133225	0.133576	0.133824	0.133954	0.133972	0.133891	0.133727	0.133493	0.133202	0.132864	0.132487	0.132078	0.131644	0.131188	1.000000	0.724458	
1076	0.134246	0.135911	0.128419	0.129668	0.132468	0.132246	0.132225	0.132537	0.132952	0.133324	0.133594	0.133745	0.133784	0.133725	0.133582	0.133368	0.133095	0.132774	0.132413	0.132019	0.131598	0.131155	1.000000	0.688327	
1077	0.129626	0.129876	0.123446	0.124465	0.129801	0.130831	0.131255	0.131769	0.132299	0.132753	0.133086	0.133292	0.133379	0.133362	0.133256	0.133076	0.132834	0.132540	0.132204	0.131832	0.131432	0.131008	1.000000	0.525978	
1078	0.126130	0.127171	0.124049	0.127087	0.128896	0.130150	0.130734	0.131323	0.131898	0.132387	0.132753	0.132990	0.133106	0.133116	0.133036	0.132880	0.132660	0.132386	0.132069	0.131715	0.131331	0.130921	1.000000	0.671092	
1079	0.127087	0.132790	0.125547	0.132062	0.129951	0.130498	0.130900	0.131393	0.131911	0.132366	0.132715	0.132944	0.133060	0.133075	0.133001	0.132853	0.132641	0.132377	0.132069	0.131724	0.131348	0.130946	1.000000	0.687333	
1080	0.133725	0.135911	0.132165	0.134038	0.131314	0.131142	0.131292	0.131645	0.132074	0.132474	0.132788	0.132998	0.133103	0.133112	0.133038	0.132892	0.132684	0.132424	0.132121	0.131781	0.131410	0.131014	1.000000	0.665824	
1081	0.132790	0.135933	0.131644	0.135933	0.132853	0.132013	0.131872	0.132053	0.132371	0.132697	0.132963	0.133141	0.133226	0.133223	0.133141	0.132991	0.132782	0.132523	0.132221	0.131883	0.131516	0.131123	1.000000	0.763630	
1082	0.135911	0.137784	0.135079	0.136328	0.134012	0.132797	0.132429	0.132460	0.132676	0.132931	0.133150	0.133296	0.133361	0.133345	0.133255	0.133101	0.132890	0.132630	0.132329	0.131993	0.131627	0.131237	1.000000	0.740008	
1083	0.136327	0.136327	0.132062	0.132062	0.133362	0.132664	0.132383	0.132423	0.132628	0.132875	0.133089	0.133236	0.133304	0.133294	0.133213	0.133067	0.132865	0.132614	0.132322	0.131995	0.131638	0.131255	1.000000	0.673818	
1084	0.131125	0.135911	0.130104	0.135703	0.134142	0.133216	0.132798	0.132735	0.132865	0.133058	0.133235	0.133356	0.133409	0.133389	0.133302	0.133153	0.132951	0.132701	0.132411	0.132086	0.131732	0.131353	1.000000	0.683446	
1085	0.137265	0.138305	0.135495	0.137265	0.135183	0.133952	0.133357	0.133166	0.133203	0.133329	0.133459	0.133547	0.133576	0.133541	0.133443	0.133288	0.133081	0.132830	0.132539	0.132214	0.131861	0.131483	1.000000	0.733880	
1086	0.138763	0.142113	0.138617	0.141738	0.137368	0.135368	0.134404	0.133983	0.133860	0.133872	0.133919	0.133947	0.133931	0.133862	0.133739	0.133565	0.133344	0.133081	0.132781	0.132449	0.132090	0.131708	1.000000	0.698526	
1087	0.140178	0.144028	0.140178	0.143195	0.139311	0.136791	0.135503	0.134860	0.134578	0.134473	0.134434	0.134398	0.134334	0.134228	0.134077	0.133881	0.133642	0.133365	0.133055	0.132715	0.132349	0.131961	1.000000	0.750319	
1088	0.142987	0.143486	0.140718	0.141219	0.139947	0.137596	0.136218	0.135466	0.135089	0.134908	0.134811	0.134731	0.134633	0.134503	0.134332	0.134121	0.133872	0.133587	0.133270	0.132925	0.132555	0.132164	1.000000	0.735213	
1089	0.141738	0.147774	0.141738	0.147566	0.142486	0.139409	0.137636	0.136618	0.136049	0.135725	0.135519	0.135357	0.135196	0.135015	0.134805	0.134562	0.134287	0.133980	0.133646	0.133286	0.132904	0.132503	1.000000	0.678580	
1090	0.147544	0.149855	0.146836	0.148606	0.144526	0.141081	0.139007	0.137760	0.137015	0.136556	0.136246	0.136003	0.135779	0.135548	0.135298	0.135023	0.134721	0.134392	0.134040	0.133664	0.133269	0.132857	1.000000	0.710639	
1091	0.148606	0.148814	0.144860	0.148356	0.145803	0.142404	0.140176	0.138769	0.137887	0.137317	0.136919	0.136606	0.136325	0.136050	0.135764	0.135460	0.135134	0.134786	0.134416	0.134027	0.133620	0.133197	1.000000	0.705870	
1092	0.144755	0.146941	0.142404	0.146004	0.145870	0.143058	0.140904	0.139458	0.138511	0.137878	0.137424	0.137064	0.136746	0.136440	0.136130	0.135805	0.135463	0.135102	0.134721	0.134323	0.133908	0.133479	1.000000	0.580328	
1093	0.144028	0.144028	0.140303	0.140490	0.144076	0.142591	0.140853	0.139556	0.138664	0.138046	0.137594	0.137231	0.136909	0.136599	0.136285	0.135959	0.135616	0.135254	0.134873	0.134475	0.134061	0.133633	1.000000	0.737192	
1094	0.143195	0.143819	0.139887	0.140698	0.142950	0.142247	0.140833	0.139665	0.138820	0.138217	0.137767	0.137400	0.137074	0.136760	0.136443	0.136114	0.135770	0.135407	0.135026	0.134629	0.134216	0.133788	1.000000	0.664208	
1095	0.139865	0.143548	0.137784	0.142571	0.142824	0.142306	0.141050	0.139942	0.139109	0.138498	0.138034	0.137652	0.137313	0.136988	0.136662	0.136326	0.135976	0.135609	0.135225	0.134825	0.134410	0.133981	1.000000	0.659963	
1096	0.142571	0.145693	0.142571	0.143611	0.143086	0.142543	0.141371	0.140291	0.139455	0.138828	0.138343	0.137943	0.137587	0.137248	0.136910	0.136565	0.136207	0.135834	0.135446	0.135042	0.134624	0.134193	1.000000	0.631607	
1097	0.144236	0.145712	0.142176	0.142488	0.142887	0.142533	0.141510	0.140500	0.139688	0.139064	0.138574	0.138165	0.137800	0.137453	0.137109	0.136759	0.136397	0.136022	0.135631	0.135226	0.134807	0.134375	1.000000	0.663559	
1098	0.142155	0.146691	0.142030	0.146317	0.144030	0.143221	0.142111	0.141054	0.140198	0.139532	0.139004	0.138563	0.138170	0.137801	0.137438	0.137072	0.136698	0.136312	0.135912	0.135500	0.135074	0.134637	1.000000	0.676689	
1099	0.146317	0.148398	0.143217	0.148293	0.145451	0.144143	0.142884	0.141744	0.140821	0.140097	0.139520	0.139037	0.138610	0.138212	0.137826	0.137440	0.137049	0.136649	0.136238	0.135815	0.135382	0.134938	1.000000	0.689592	
1100	0.149439	0.152207	0.147379	0.151520	0.147474	0.145484	0.143963	0.142675	0.141644	0.140834	0.140187	0.139646	0.139171	0.138734	0.138315	0.137902	0.137488	0.137068	0.136640	0.136203	0.135757	0.135302	1.000000	0.645308	
1101	0.154641	0.156098	0.152665	0.156098	0.150349	0.147414	0.145480	0.143953	0.142756	0.141819	0.141071	0.140449	0.139907	0.139415	0.138950	0.138499	0.138052	0.137604	0.137152	0.136694	0.136230	0.135759	1.000000	0.632408	
1102	0.156514	0.160468	0.155890	0.159428	0.153375	0.149598	0.147224	0.145427	0.144038	0.142955	0.142090	0.141374	0.140756	0.140200	0.139681	0.139185	0.138700	0.138219	0.137738	0.137256	0.136770	0.136279	1.000000	0.710654	
1103	0.159844	0.160052	0.157555	0.158574	0.155108	0.151230	0.148642	0.146679	0.145156	0.143963	0.143006	0.142213	0.141531	0.140920	0.140356	0.139820	0.139302	0.138792	0.138287	0.137782	0.137277	0.136769	1.000000	0.748897	
1104	0.159116	0.160885	0.156306	0.160885	0.157034	0.152986	0.150173	0.148032	0.146366	0.145054	0.143999	0.143124	0.142372	0.141703	0.141089	0.140511	0.139956	0.139415	0.138881	0.138353	0.137826	0.137299	1.000000	0.730704	
1105	0.160052	0.161925	0.156701	0.157119	0.157062	0.153737	0.151041	0.148897	0.147193	0.145833	0.144728	0.143807	0.143013	0.142308	0.141662	0.141056	0.140476	0.139913	0.139361	0.138816	0.138274	0.137735	1.000000	0.725910	
1106	0.156722	0.159012	0.152124	0.153601	0.155908	0.153712	0.151361	0.149345	0.147686	0.146334	0.145221	0.144285	0.143474	0.142751	0.142088	0.141467	0.140874	0.140299	0.139736	0.139181	0.138631	0.138084	1.000000	0.662508	
1107	0.151167	0.162904	0.151167	0.162550	0.158122	0.155319	0.152759	0.150603	0.148829	0.147380	0.146184	0.145176	0.144303	0.143527	0.142819	0.142158	0.141530	0.140926	0.140336	0.139758	0.139187	0.138621	1.000000	0.715458	
1108	0.162550	0.162758	0.159012	0.159844	0.158696	0.156142	0.153645	0.151483	0.149677	0.148184	0.146943	0.145891	0.144979	0.144167	0.143427	0.142738	0.142085	0.141458	0.140850	0.140254	0.139667	0.139088	1.000000	0.705237	
1109	0.159822	0.161404	0.157139	0.157993	0.158462	0.156478	0.154188	0.152103	0.150316	0.148817	0.147557	0.146481	0.145545	0.144709	0.143947	0.143238	0.142567	0.141924	0.141301	0.140692	0.140094	0.139503	1.000000	0.642190	
1110	0.158804	0.160157	0.155266	0.155266	0.157396	0.156258	0.154323	0.152404	0.150697	0.149233	0.147985	0.146910	0.145967	0.145123	0.144351	0.143633	0.142952	0.142300	0.141668	0.141052	0.140446	0.139850	1.000000	0.625266	
1111	0.154433	0.157908	0.151749	0.157119	0.157304	0.156414	0.154673	0.152853	0.151191	0.149742	0.148492	0.147408	0.146452	0.145594	0.144807	0.144075	0.143382	0.142717	0.142075	0.141449	0.140834	0.140229	1.000000	0.626054	
1112	0.155266	0.157119	0.154059	0.156931	0.157179	0.156508	0.154955	0.153241	0.151633	0.150206	0.148961	0.147872	0.146908	0.146038	0.145240	0.144496	0.143792	0.143118	0.142466	0.141831	0.141209	0.140596	1.000000	0.726700	
1113	0.156722	0.162341	0.155682	0.159428	0.157929	0.157039	0.155514	0.153831	0.152232	0.150801	0.149543	0.148436	0.147452	0.146563	0.145747	0.144986	0.144266	0.143577	0.142912	0.142265	0.141632	0.141010	1.000000	0.752474	
1114	0.157971	0.161717	0.157971	0.158617	0.158158	0.157326	0.155902	0.154287	0.152723	0.151305	0.150047	0.148933	0.147937	0.147036	0.146207	0.145433	0.144701	0.144001	0.143326	0.142669	0.142027	0.141397	1.000000	0.644058	
1115	0.154641	0.157763	0.152996	0.153809	0.156708	0.156686	0.155640	0.154241	0.152807	0.151466	0.150256	0.149171	0.148193	0.147301	0.146478	0.145707	0.144977	0.144277	0.143601	0.142944	0.142301	0.141670	1.000000	0.737055	
1116	0.154746	0.159428	0.154746	0.157785	0.157067	0.156886	0.155908	0.154579	0.153190	0.151874	0.150674	0.149591	0.148610	0.147713	0.146882	0.146103	0.145365	0.144658	0.143975	0.143311	0.142661	0.142024	1.000000	0.668781	
1117	0.157139	0.158429	0.155890	0.156701	0.156945	0.156852	0.156007	0.154781	0.153460	0.152185	0.151009	0.149938	0.148962	0.148065	0.147233	0.146451	0.145708	0.144997	0.144310	0.143641	0.142988	0.142347	1.000000	0.717963	
1118	0.157763	0.161259	0.156909	0.160885	0.158258	0.157586	0.156617	0.155362	0.154031	0.152747	0.151558	0.150472	0.149480	0.148568	0.147720	0.146924	0.146168	0.145444	0.144746	0.144067	0.143404	0.142754	1.000000	0.612968	
1119	0.160510	0.162758	0.159636	0.160510	0.159009	0.158117	0.157104	0.155852	0.154529	0.153248	0.152055	0.150961	0.149960	0.149036	0.148177	0.147369	0.146603	0.145869	0.145161	0.144473	0.143802	0.143144	1.000000	0.682386	
1120	0.161904	0.161904	0.153914	0.156722	0.158247	0.157864	0.157056	0.155935	0.154698	0.153472	0.152314	0.151242	0.150254	0.149338	0.148482	0.147676	0.146910	0.146175	0.145465	0.144775	0.144102	0.143443	1.000000	0.724964	
1121	0.155474	0.155474	0.150063	0.150063	0.155519	0.156445	0.156182	0.155376	0.154342	0.153252	0.152189	0.151185	0.150245	0.149366	0.148539	0.147754	0.147005	0.146284	0.145586	0.144906	0.144241	0.143588	1.000000	0.702073	
1122	0.149334	0.150895	0.147566	0.148606	0.153215	0.155020	0.155235	0.154731	0.153900	0.152952	0.151990	0.151059	0.150174	0.149336	0.148541	0.147782	0.147054	0.146350	0.145665	0.144997	0.144342	0.143698	1.000000	0.553687	
1123	0.148440	0.149855	0.146733	0.149439	0.151956	0.154005	0.154510	0.154227	0.153557	0.152725	0.151848	0.150980	0.150142	0.149340	0.148573	0.147837	0.147126	0.146437	0.145765	0.145107	0.144461	0.143825	1.000000	0.619465	
1124	0.147982	0.152144	0.147565	0.150479	0.151464	0.153364	0.154006	0.153870	0.153320	0.152580	0.151772	0.150956	0.150157	0.149385	0.148641	0.147923	0.147228	0.146550	0.145889	0.145240	0.144601	0.143971	1.000000	0.700398	
1125	0.152227	0.154122	0.149543	0.153288	0.152072	0.153350	0.153917	0.153815	0.153318	0.152626	0.151856	0.151069	0.150293	0.149538	0.148807	0.148099	0.147411	0.146740	0.146083	0.145438	0.144803	0.144176	1.000000	0.637842	
1126	0.153288	0.156827	0.150959	0.156514	0.153553	0.153925	0.154241	0.154072	0.153564	0.152877	0.152115	0.151335	0.150563	0.149811	0.149082	0.148375	0.147687	0.147016	0.146358	0.145712	0.145075	0.144447	1.000000	0.762672	
1127	0.152560	0.153601	0.149855	0.151728	0.152944	0.153526	0.153927	0.153849	0.153422	0.152803	0.152094	0.151354	0.150614	0.149887	0.149177	0.148485	0.147809	0.147148	0.146499	0.145860	0.145230	0.144607	1.000000	0.619820	
1128	0.149438	0.153601	0.148814	0.152455	0.152781	0.153331	0.153743	0.153716	0.153348	0.152780	0.152114	0.151408	0.150694	0.149987	0.149294	0.148615	0.147950	0.147298	0.146656	0.146023	0.145398	0.144779	1.000000	0.645171	
1129	0.157035	0.158096	0.152560	0.158096	0.154553	0.154198	0.154287	0.154133	0.153713	0.153123	0.152446	0.151734	0.151016	0.150305	0.149608	0.148926	0.148258	0.147602	0.146957	0.146321	0.145693	0.145072	1.000000	0.758746	
1130	0.158803	0.163362	0.157555	0.161717	0.156941	0.155565	0.155216	0.154855	0.154329	0.153678	0.152961	0.152221	0.151481	0.150753	0.150041	0.149345	0.148666	0.148000	0.147345	0.146701	0.146066	0.145438	1.000000	0.674695	
1131	0.161093	0.162924	0.157971	0.158762	0.157548	0.156146	0.155659	0.155227	0.154670	0.154006	0.153283	0.152540	0.151798	0.151067	0.150352	0.149654	0.148972	0.148303	0.147646	0.146999	0.146361	0.145731	1.000000	0.661186	
1132	0.158595	0.164839	0.157347	0.163465	0.159520	0.157477	0.156635	0.156012	0.155347	0.154616	0.153849	0.153073	0.152305	0.151553	0.150821	0.150107	0.149411	0.148730	0.148062	0.147406	0.146759	0.146120	1.000000	0.718986	
1133	0.166712	0.168793	0.164111	0.168626	0.162556	0.159504	0.158134	0.157213	0.156368	0.155520	0.154670	0.153832	0.153015	0.152223	0.151456	0.150714	0.149993	0.149290	0.148603	0.147930	0.147268	0.146615	1.000000	0.608949	
1134	0.169459	0.173350	0.169417	0.170042	0.165051	0.161420	0.159622	0.158435	0.157420	0.156457	0.155524	0.154622	0.153755	0.152921	0.152120	0.151348	0.150601	0.149875	0.149167	0.148476	0.147797	0.147130	1.000000	0.748755	
1135	0.168168	0.170436	0.166941	0.167544	0.165882	0.162533	0.160613	0.159303	0.158199	0.157172	0.156192	0.155253	0.154354	0.153495	0.152671	0.151879	0.151114	0.150373	0.149651	0.148947	0.148256	0.147579	1.000000	0.736138	
1136	0.169209	0.170854	0.168002	0.169625	0.167130	0.163823	0.161739	0.160286	0.159078	0.157976	0.156938	0.155954	0.155018	0.154127	0.153277	0.152461	0.151675	0.150915	0.150177	0.149457	0.148753	0.148063	1.000000	0.750434	
1137	0.169917	0.174933	0.169917	0.174099	0.169453	0.165691	0.163284	0.161601	0.160233	0.159016	0.157891	0.156839	0.155848	0.154911	0.154020	0.153170	0.152354	0.151568	0.150806	0.150066	0.149343	0.148635	1.000000	0.641256	
1138	0.177658	0.178053	0.174412	0.177970	0.172292	0.167924	0.165120	0.163160	0.161597	0.160239	0.159007	0.157870	0.156810	0.155815	0.154876	0.153983	0.153131	0.152312	0.151521	0.150755	0.150009	0.149280	1.000000	0.630246	
1139	0.179615	0.181488	0.177534	0.179198	0.174594	0.169974	0.166880	0.164688	0.162951	0.161462	0.160129	0.158910	0.157783	0.156732	0.155744	0.154810	0.153921	0.153069	0.152249	0.151457	0.150687	0.149938	1.000000	0.540941	
1140	0.181071	0.185836	0.178970	0.182112	0.177100	0.172181	0.168784	0.166347	0.164425	0.162794	0.161350	0.160042	0.158841	0.157727	0.156686	0.155705	0.154775	0.153887	0.153035	0.152214	0.151418	0.150645	1.000000	0.698670	
1141	0.176493	0.186690	0.174620	0.186690	0.180297	0.174819	0.171022	0.168285	0.166138	0.164336	0.162758	0.161342	0.160052	0.158863	0.157758	0.156721	0.155742	0.154811	0.153921	0.153065	0.152238	0.151437	1.000000	0.755243	
1142	0.186066	0.190020	0.182029	0.187917	0.182837	0.177200	0.173134	0.170154	0.167813	0.165857	0.164156	0.162638	0.161263	0.160002	0.158835	0.157744	0.156717	0.155744	0.154816	0.153926	0.153068	0.152239	1.000000	0.669914	
1143	0.186877	0.188980	0.182903	0.183361	0.183012	0.178320	0.174412	0.171412	0.169009	0.166986	0.165223	0.163649	0.162224	0.160918	0.159711	0.158584	0.157524	0.156522	0.155567	0.154652	0.153773	0.152923	1.000000	0.570664	
1144	0.183153	0.185442	0.177742	0.177742	0.181255	0.178215	0.174828	0.172015	0.169681	0.167680	0.165918	0.164337	0.162899	0.161578	0.160355	0.159212	0.158137	0.157119	0.156150	0.155223	0.154330	0.153468	1.000000	0.719303	
1145	0.178053	0.182383	0.176701	0.177847	0.180119	0.178148	0.175206	0.172570	0.170309	0.168336	0.166581	0.164996	0.163549	0.162216	0.160979	0.159823	0.158734	0.157703	0.156721	0.155781	0.154877	0.154004	1.000000	0.708785	
1146	0.178366	0.182175	0.173371	0.181280	0.180506	0.178717	0.175965	0.173400	0.171153	0.169171	0.167397	0.165790	0.164320	0.162964	0.161704	0.160526	0.159418	0.158367	0.157368	0.156411	0.155491	0.154603	1.000000	0.660928	
1147	0.183361	0.188230	0.182132	0.186274	0.182429	0.180091	0.177254	0.174626	0.172316	0.170275	0.168446	0.166789	0.165274	0.163878	0.162582	0.161371	0.160231	0.159154	0.158128	0.157148	0.156207	0.155300	1.000000	0.695968	
1148	0.185650	0.187731	0.181965	0.182340	0.182399	0.180500	0.177889	0.175361	0.173087	0.171053	0.169218	0.167548	0.166016	0.164602	0.163287	0.162058	0.160901	0.159807	0.158765	0.157770	0.156815	0.155894	1.000000	0.693890	
1149	0.181488	0.189396	0.180031	0.189396	0.184731	0.182118	0.179328	0.176697	0.174342	0.172237	0.170339	0.168614	0.167033	0.165574	0.164220	0.162954	0.161765	0.160640	0.159571	0.158551	0.157572	0.156630	1.000000	0.654960	
1150	0.190748	0.192518	0.188375	0.190436	0.186633	0.183630	0.180716	0.178006	0.175580	0.173411	0.171455	0.169678	0.168050	0.166549	0.165156	0.163855	0.162634	0.161480	0.160384	0.159338	0.158337	0.157373	1.000000	0.699870	
1151	0.190020	0.190853	0.184193	0.185462	0.186243	0.183963	0.181310	0.178716	0.176340	0.174188	0.172234	0.170448	0.168807	0.167291	0.165881	0.164564	0.163325	0.162155	0.161044	0.159983	0.158967	0.157990	1.000000	0.651525	
1152	0.190228	0.191685	0.188355	0.191061	0.187849	0.185254	0.182528	0.179892	0.177472	0.175277	0.173280	0.171453	0.169775	0.168223	0.166781	0.165433	0.164166	0.162969	0.161834	0.160751	0.159714	0.158717	1.000000	0.755937	
1153	0.191519	0.196159	0.191477	0.196159	0.190619	0.187236	0.184232	0.181441	0.178910	0.176624	0.174551	0.172659	0.170922	0.169319	0.167830	0.166440	0.165135	0.163904	0.162737	0.161625	0.160561	0.159540	1.000000	0.634895	
1154	0.196159	0.202507	0.196159	0.202507	0.194581	0.190013	0.186517	0.183447	0.180725	0.178294	0.176104	0.174115	0.172295	0.170620	0.169068	0.167623	0.166268	0.164992	0.163783	0.162634	0.161537	0.160484	1.000000	0.725762	
1155	0.196159	0.202507	0.196159	0.202507	0.197223	0.192285	0.188515	0.185262	0.182400	0.179856	0.177571	0.175500	0.173609	0.171871	0.170263	0.168766	0.167366	0.166048	0.164802	0.163619	0.162490	0.161408	1.000000	0.589082	
1156	0.196159	0.202507	0.196159	0.202507	0.198984	0.194143	0.190264	0.186905	0.183947	0.181317	0.178956	0.176817	0.174865	0.173072	0.171414	0.169873	0.168431	0.167075	0.165795	0.164579	0.163420	0.162311	1.000000	0.745202	
1157	0.196159	0.202507	0.196159	0.202507	0.200159	0.195664	0.191795	0.188391	0.185375	0.182684	0.180264	0.178070	0.176067	0.174226	0.172525	0.170943	0.169463	0.168073	0.166761	0.165516	0.164329	0.163195	1.000000	0.718093	
1158	0.196159	0.202507	0.196159	0.202507	0.200941	0.196908	0.193134	0.189735	0.186693	0.183963	0.181500	0.179262	0.177217	0.175335	0.173595	0.171977	0.170465	0.169043	0.167702	0.166429	0.165217	0.164059	1.000000	0.653494	
1159	0.196159	0.202507	0.196159	0.202507	0.201463	0.197926	0.194305	0.190951	0.187909	0.185160	0.182667	0.180396	0.178316	0.176401	0.174628	0.172978	0.171436	0.169986	0.168617	0.167320	0.166084	0.164904	1.000000	0.682818	
1160	0.205420	0.214744	0.205254	0.213745	0.205557	0.200802	0.196735	0.193122	0.189896	0.187004	0.184394	0.182023	0.179857	0.177865	0.176025	0.174315	0.172718	0.171219	0.169805	0.168466	0.167193	0.165977	1.000000	0.742224	
1161	0.218323	0.219156	0.214161	0.214994	0.208703	0.203382	0.199018	0.195205	0.191827	0.188810	0.186094	0.183631	0.181384	0.179321	0.177417	0.175649	0.173999	0.172452	0.170994	0.169615	0.168304	0.167054	0.000000	0.732749	
1162	0.215826	0.217491	0.212080	0.212080	0.209828	0.204964	0.200650	0.196812	0.193385	0.190311	0.187537	0.185019	0.182719	0.180606	0.178655	0.176843	0.175153	0.173568	0.172075	0.170663	0.169322	0.168044	1.000000	0.705223	
1163	0.212163	0.216659	0.212163	0.216492	0.212050	0.207060	0.202631	0.198687	0.195162	0.192000	0.189146	0.186554	0.184187	0.182013	0.180006	0.178143	0.176406	0.174777	0.173244	0.171795	0.170419	0.169109	1.000000	0.689015	
1164	0.219073	0.220821	0.217408	0.217657	0.213919	0.208987	0.204509	0.200493	0.196893	0.193655	0.190730	0.188071	0.185642	0.183411	0.181351	0.179439	0.177656	0.175985	0.174413	0.172927	0.171518	0.170176	0.000000	0.712337	
1165	0.218573	0.222402	0.215826	0.221403	0.216414	0.211244	0.206621	0.202485	0.198778	0.195446	0.192434	0.189697	0.187197	0.184901	0.182781	0.180815	0.178981	0.177265	0.175650	0.174124	0.172678	0.171302	0.000000	0.653542	
1166	0.220072	0.228812	0.218323	0.228729	0.220519	0.214423	0.209384	0.204984	0.201082	0.197593	0.194450	0.191601	0.189003	0.186620	0.184422	0.182386	0.180489	0.178714	0.177046	0.175473	0.173982	0.172564	0.000000	0.610922	
1167	0.228812	0.229978	0.226232	0.228895	0.223311	0.217055	0.211823	0.207261	0.203222	0.199612	0.196364	0.193421	0.190737	0.188278	0.186011	0.183910	0.181956	0.180128	0.178411	0.176792	0.175259	0.173802	0.000000	0.739609	
1168	0.228229	0.240050	0.226731	0.240050	0.228891	0.221236	0.215352	0.210384	0.206055	0.202221	0.198791	0.195695	0.192881	0.190308	0.187941	0.185751	0.183716	0.181816	0.180033	0.178354	0.176765	0.175258	0.000000	0.660395	
1169	0.241132	0.244046	0.229228	0.231976	0.229919	0.223188	0.217430	0.212441	0.208049	0.204141	0.200635	0.197465	0.194581	0.191942	0.189513	0.187267	0.185179	0.183229	0.181400	0.179678	0.178049	0.176504	0.000000	0.683927	
1170	0.235638	0.235722	0.227730	0.229811	0.229883	0.224392	0.218977	0.214095	0.209723	0.205797	0.202255	0.199043	0.196113	0.193427	0.190952	0.188662	0.186531	0.184541	0.182674	0.180915	0.179253	0.177676	0.000000	0.538599	
1171	0.229062	0.229062	0.219239	0.224983	0.228250	0.224500	0.219728	0.215132	0.210896	0.207035	0.203518	0.200308	0.197368	0.194664	0.192168	0.189852	0.187696	0.185680	0.183787	0.182004	0.180317	0.178716	0.000000	0.624334	
1172	0.224067	0.231476	0.220488	0.231476	0.229325	0.225768	0.221196	0.216688	0.212479	0.208612	0.205071	0.201829	0.198851	0.196108	0.193572	0.191217	0.189023	0.186970	0.185042	0.183225	0.181506	0.179875	0.000000	0.677762	
1173	0.233807	0.237053	0.231892	0.235139	0.231263	0.227472	0.222939	0.218446	0.214223	0.210323	0.206742	0.203454	0.200429	0.197639	0.195056	0.192657	0.190420	0.188327	0.186361	0.184507	0.182754	0.181090	0.000000	0.630542	
1174	0.237803	0.237803	0.227564	0.227813	0.230113	0.227534	0.223549	0.219338	0.215268	0.211452	0.207912	0.204642	0.201619	0.198822	0.196226	0.193810	0.191553	0.189439	0.187451	0.185576	0.183802	0.182117	0.000000	0.669281	
1175	0.228396	0.229561	0.224234	0.228729	0.229652	0.227751	0.224196	0.220232	0.216303	0.212566	0.209069	0.205817	0.202798	0.199995	0.197387	0.194955	0.192680	0.190546	0.188538	0.186642	0.184846	0.183141	0.000000	0.699107	
1176	0.229145	0.232558	0.226814	0.231643	0.230315	0.228459	0.225127	0.221319	0.217483	0.213797	0.210323	0.207077	0.204052	0.201236	0.198610	0.196158	0.193861	0.191704	0.189672	0.187753	0.185935	0.184207	0.000000	0.687381	
1177	0.231643	0.232475	0.219572	0.219988	0.226873	0.226919	0.224485	0.221192	0.217676	0.214196	0.210860	0.207706	0.204745	0.201971	0.199374	0.196939	0.194652	0.192500	0.190470	0.188549	0.186727	0.184994	0.000000	0.599704	
1178	0.219905	0.220654	0.204588	0.204588	0.219445	0.222859	0.221997	0.219611	0.216669	0.213576	0.210511	0.207554	0.204738	0.202074	0.199560	0.197190	0.194954	0.192841	0.190841	0.188945	0.187142	0.185424	0.000000	0.624529	
1179	0.205337	0.205337	0.187939	0.194182	0.211024	0.217645	0.218521	0.217189	0.214940	0.212325	0.209604	0.206902	0.204279	0.201764	0.199368	0.197091	0.194930	0.192879	0.190929	0.189074	0.187306	0.185617	1.000000	0.700827	
1180	0.202507	0.202507	0.195015	0.195847	0.205965	0.213682	0.215686	0.215157	0.213471	0.211262	0.208840	0.206363	0.203913	0.201532	0.199242	0.197050	0.194958	0.192962	0.191059	0.189241	0.187504	0.185842	1.000000	0.663596	
1181	0.199593	0.201591	0.192518	0.194182	0.202038	0.210136	0.212998	0.213159	0.211987	0.210160	0.208026	0.205769	0.203490	0.201244	0.199062	0.196956	0.194934	0.192997	0.191141	0.189363	0.187660	0.186025	1.000000	0.615077	
1182	0.200010	0.203173	0.196680	0.199177	0.201084	0.208144	0.211271	0.211827	0.211002	0.209452	0.207534	0.205447	0.203302	0.201163	0.199066	0.197029	0.195063	0.193171	0.191352	0.189606	0.187927	0.186314	1.000000	0.560659	
1183	0.192434	0.196264	0.186274	0.193350	0.198506	0.205454	0.209031	0.210068	0.209644	0.208413	0.206746	0.204857	0.202869	0.200857	0.198862	0.196909	0.195011	0.193176	0.191405	0.189698	0.188054	0.186469	1.000000	0.565403	
1184	0.198345	0.198345	0.185026	0.191519	0.196177	0.202920	0.206842	0.208301	0.208250	0.207323	0.205900	0.204206	0.202376	0.200491	0.198599	0.196732	0.194905	0.193129	0.191408	0.189743	0.188134	0.186580	1.000000	0.719716	
1185	0.195015	0.199510	0.192934	0.199510	0.197288	0.202300	0.205925	0.207464	0.207577	0.206819	0.205545	0.203977	0.202251	0.200452	0.198632	0.196823	0.195045	0.193309	0.191621	0.189984	0.188399	0.186864	1.000000	0.599087	
1186	0.200010	0.202507	0.185026	0.185026	0.193201	0.199159	0.203313	0.205327	0.205843	0.205413	0.204405	0.203053	0.201502	0.199847	0.198146	0.196436	0.194741	0.193076	0.191448	0.189862	0.188320	0.186823	1.000000	0.698857	
1187	0.185026	0.194765	0.180863	0.190020	0.192140	0.197498	0.201651	0.203869	0.204626	0.204420	0.203606	0.202417	0.201003	0.199462	0.197856	0.196226	0.194598	0.192990	0.191410	0.189866	0.188360	0.186894	1.000000	0.709855	
1188	0.177617	0.197013	0.175452	0.177201	0.187160	0.193807	0.198595	0.201329	0.202516	0.202664	0.202139	0.201187	0.199968	0.198589	0.197118	0.195602	0.194071	0.192545	0.191036	0.189553	0.188100	0.186681	1.000000	0.568278	
1189	0.181529	0.187356	0.179282	0.186524	0.186948	0.192483	0.197086	0.199919	0.201286	0.201622	0.201272	0.200472	0.199384	0.198116	0.196740	0.195304	0.193842	0.192375	0.190917	0.189478	0.188064	0.186677	1.000000	0.736795	
1190	0.185442	0.200592	0.185442	0.200592	0.191496	0.193957	0.197524	0.199983	0.201232	0.201556	0.201234	0.200478	0.199436	0.198213	0.196877	0.195478	0.194047	0.192607	0.191172	0.189753	0.188355	0.186983	1.000000	0.542550	
1191	0.198345	0.204172	0.194432	0.199344	0.194112	0.194937	0.197752	0.199922	0.201087	0.201413	0.201129	0.200422	0.199432	0.198257	0.196965	0.195604	0.194207	0.192796	0.191387	0.189989	0.188611	0.187255	1.000000	0.640203	
1192	0.196264	0.203672	0.192518	0.198345	0.195523	0.195556	0.197826	0.199772	0.200876	0.201215	0.200974	0.200321	0.199385	0.198261	0.197015	0.195694	0.194333	0.192953	0.191570	0.190196	0.188837	0.187498	1.000000	0.664262	
1193	0.200010	0.202091	0.190104	0.190520	0.193855	0.194641	0.196913	0.198891	0.200080	0.200525	0.200393	0.199843	0.199000	0.197957	0.196783	0.195525	0.194217	0.192884	0.191542	0.190204	0.188876	0.187565	1.000000	0.607305	
1194	0.195431	0.196680	0.191269	0.191269	0.192993	0.194028	0.196207	0.198165	0.199402	0.199928	0.199886	0.199425	0.198663	0.197695	0.196586	0.195385	0.194128	0.192839	0.191535	0.190230	0.188932	0.187646	1.000000	0.617282	
1195	0.194266	0.200093	0.191269	0.200093	0.195360	0.195130	0.196693	0.198349	0.199455	0.199939	0.199898	0.199457	0.198726	0.197789	0.196711	0.195539	0.194309	0.193043	0.191760	0.190474	0.189191	0.187920	1.000000	0.725202	
1196	0.201591	0.209583	0.198345	0.204338	0.198353	0.196805	0.197649	0.198919	0.199831	0.200223	0.200145	0.199695	0.198970	0.198046	0.196983	0.195828	0.194612	0.193361	0.192091	0.190816	0.189544	0.188281	1.000000	0.726127	
1197	0.206669	0.212496	0.205171	0.211664	0.202790	0.199506	0.199400	0.200133	0.200741	0.200961	0.200785	0.200279	0.199522	0.198580	0.197508	0.196347	0.195129	0.193877	0.192607	0.191331	0.190058	0.188795	1.000000	0.675555	
1198	0.209666	0.214078	0.202091	0.203339	0.202973	0.200203	0.199893	0.200438	0.200941	0.201114	0.200926	0.200428	0.199688	0.198766	0.197716	0.196576	0.195378	0.194143	0.192889	0.191627	0.190367	0.189114	1.000000	0.711412	
1199	0.206669	0.209167	0.197596	0.201258	0.202401	0.200395	0.200063	0.200516	0.200965	0.201123	0.200945	0.200469	0.199756	0.198864	0.197842	0.196730	0.195556	0.194344	0.193109	0.191865	0.190620	0.189381	1.000000	0.549017	
1200	0.202923	0.206086	0.197596	0.205837	0.203546	0.201384	0.200785	0.201023	0.201340	0.201428	0.201217	0.200731	0.200020	0.199137	0.198128	0.197029	0.195868	0.194667	0.193444	0.192210	0.190974	0.189743	1.000000	0.559842	
1201	0.208251	0.208917	0.198844	0.205337	0.204143	0.202103	0.201354	0.201434	0.201647	0.201680	0.201446	0.200955	0.200251	0.199381	0.198385	0.197301	0.196155	0.194968	0.193757	0.192534	0.191308	0.190085	1.000000	0.714566	
1202	0.202923	0.206503	0.192601	0.196597	0.201628	0.201102	0.200759	0.200973	0.201259	0.201352	0.201176	0.200743	0.200092	0.199271	0.198322	0.197278	0.196168	0.195014	0.193832	0.192634	0.191431	0.190229	1.000000	0.680462	
1203	0.195015	0.198428	0.185941	0.188772	0.197342	0.198860	0.199261	0.199811	0.200298	0.200540	0.200487	0.200159	0.199600	0.198860	0.197980	0.196999	0.195944	0.194838	0.193699	0.192539	0.191369	0.190197	1.000000	0.672324	
1204	0.185941	0.194182	0.181529	0.190769	0.195151	0.197389	0.198200	0.198950	0.199565	0.199910	0.199947	0.199701	0.199216	0.198542	0.197723	0.196795	0.195787	0.194723	0.193622	0.192495	0.191355	0.190209	1.000000	0.571180	
1205	0.189521	0.198345	0.188772	0.198345	0.196216	0.197563	0.198218	0.198892	0.199471	0.199809	0.199858	0.199635	0.199178	0.198535	0.197745	0.196846	0.195865	0.194825	0.193746	0.192640	0.191518	0.190388	1.000000	0.570266	
1206	0.202590	0.206003	0.200093	0.202590	0.198341	0.198477	0.198764	0.199245	0.199711	0.199988	0.200010	0.199779	0.199327	0.198694	0.197918	0.197034	0.196068	0.195044	0.193979	0.192885	0.191775	0.190656	1.000000	0.642977	
1207	0.203423	0.204588	0.199843	0.204172	0.200284	0.199512	0.199440	0.199714	0.200054	0.200258	0.200241	0.199993	0.199537	0.198909	0.198142	0.197268	0.196314	0.195301	0.194247	0.193164	0.192064	0.190953	1.000000	0.578528	
1208	0.206253	0.207085	0.203006	0.207002	0.202524	0.200874	0.200385	0.200408	0.200589	0.200693	0.200617	0.200335	0.199862	0.199226	0.198458	0.197587	0.196638	0.195631	0.194583	0.193506	0.192411	0.191306	1.000000	0.636403	
1209	0.202757	0.216658	0.202590	0.216658	0.207235	0.203744	0.202420	0.201956	0.201825	0.201723	0.201508	0.201131	0.200592	0.199910	0.199108	0.198212	0.197245	0.196223	0.195163	0.194077	0.192975	0.191863	1.000000	0.687101	
1210	0.216658	0.219822	0.214577	0.219572	0.211348	0.206622	0.204564	0.203633	0.203190	0.202875	0.202512	0.202031	0.201417	0.200681	0.199839	0.198913	0.197921	0.196881	0.195806	0.194707	0.193593	0.192472	1.000000	0.726027	
1211	0.217907	0.220155	0.215160	0.217075	0.213257	0.208522	0.206128	0.204914	0.204258	0.203791	0.203321	0.202765	0.202098	0.201324	0.200454	0.199508	0.198502	0.197450	0.196366	0.195259	0.194139	0.193013	1.000000	0.695990	
1212	0.218323	0.219156	0.216825	0.217241	0.214585	0.210108	0.207517	0.206088	0.205257	0.204659	0.204094	0.203471	0.202757	0.201948	0.201054	0.200090	0.199069	0.198007	0.196915	0.195802	0.194677	0.193545	1.000000	0.661747	
1213	0.218407	0.220737	0.206669	0.206752	0.211974	0.209498	0.207421	0.206151	0.205372	0.204794	0.204242	0.203631	0.202930	0.202136	0.201257	0.200308	0.199302	0.198254	0.197174	0.196072	0.194958	0.193836	1.000000	0.687592	
1214	0.208084	0.212330	0.204172	0.212080	0.212009	0.209967	0.208004	0.206716	0.205888	0.205264	0.204677	0.204043	0.203328	0.202526	0.201644	0.200694	0.199689	0.198643	0.197566	0.196468	0.195356	0.194237	1.000000	0.622432	
1215	0.210415	0.217075	0.207085	0.217075	0.213698	0.211259	0.209137	0.207702	0.206748	0.206026	0.205366	0.204679	0.203926	0.203097	0.202195	0.201231	0.200216	0.199162	0.198079	0.196976	0.195861	0.194738	1.000000	0.647001	
1216	0.218656	0.224151	0.216242	0.223318	0.216905	0.213452	0.210910	0.209189	0.208023	0.207141	0.206363	0.205588	0.204769	0.203890	0.202949	0.201955	0.200916	0.199843	0.198744	0.197627	0.196499	0.195367	1.000000	0.647421	
1217	0.226232	0.230644	0.225815	0.228146	0.220652	0.216124	0.213065	0.210995	0.209571	0.208497	0.207573	0.206688	0.205785	0.204841	0.203849	0.202814	0.201741	0.200640	0.199517	0.198380	0.197235	0.196087	1.000000	0.598626	
1218	0.227397	0.231643	0.226232	0.227397	0.222900	0.218173	0.214856	0.212557	0.210942	0.209716	0.208675	0.207699	0.206725	0.205725	0.204690	0.203620	0.202519	0.201394	0.200251	0.199097	0.197937	0.196775	1.000000	0.583110	
1219	0.230810	0.232475	0.222902	0.230810	0.225537	0.220471	0.216850	0.214295	0.212471	0.211077	0.209904	0.208826	0.207772	0.206709	0.205623	0.204511	0.203376	0.202222	0.201055	0.199880	0.198701	0.197523	1.000000	0.691518	
1220	0.228562	0.233973	0.227896	0.228562	0.226545	0.221942	0.218314	0.215654	0.213708	0.212205	0.210941	0.209789	0.208676	0.207566	0.206442	0.205300	0.204139	0.202964	0.201779	0.200588	0.199396	0.198205	1.000000	0.670838	
1221	0.231143	0.234972	0.226148	0.231143	0.228078	0.223615	0.219918	0.217129	0.215050	0.213427	0.212063	0.210830	0.209653	0.208491	0.207325	0.206147	0.204958	0.203758	0.202552	0.201343	0.200134	0.198929	1.000000	0.616246	
1222	0.232475	0.233724	0.230311	0.232475	0.229544	0.225226	0.221488	0.218591	0.216390	0.214656	0.213197	0.211886	0.210645	0.209431	0.208223	0.207010	0.205792	0.204567	0.203339	0.202111	0.200886	0.199667	1.000000	0.706436	
1223	0.234057	0.239051	0.232059	0.234057	0.231048	0.226832	0.223059	0.220064	0.217749	0.215907	0.214356	0.212968	0.211663	0.210397	0.209145	0.207897	0.206648	0.205398	0.204148	0.202900	0.201658	0.200422	1.000000	0.675702	
1224	0.236138	0.237886	0.229228	0.236138	0.232745	0.228524	0.224694	0.221595	0.219163	0.217213	0.215566	0.214098	0.212727	0.211406	0.210110	0.208823	0.207542	0.206264	0.204989	0.203721	0.202459	0.201207	1.000000	0.764554	
1225	0.238718	0.239551	0.235805	0.238718	0.234736	0.230377	0.226447	0.223225	0.220668	0.218600	0.216852	0.215299	0.213857	0.212477	0.211131	0.209803	0.208486	0.207178	0.205877	0.204585	0.203303	0.202032	1.000000	0.616945	
1226	0.234140	0.239551	0.233724	0.234140	0.234537	0.231061	0.227408	0.224265	0.221704	0.219603	0.217813	0.216218	0.214739	0.213327	0.211953	0.210601	0.209264	0.207937	0.206621	0.205315	0.204020	0.202737	1.000000	0.689275	
1227	0.234140	0.238136	0.234057	0.234140	0.234405	0.231621	0.228250	0.225205	0.222661	0.220541	0.218720	0.217092	0.215583	0.214143	0.212745	0.211373	0.210018	0.208675	0.207345	0.206026	0.204720	0.203428	1.000000	0.643662	
1228	0.234057	0.237470	0.232059	0.234057	0.234289	0.232064	0.228976	0.226048	0.223537	0.221413	0.219572	0.217920	0.216386	0.214924	0.213506	0.212117	0.210746	0.209390	0.208048	0.206719	0.205403	0.204101	1.000000	0.631537	
1229	0.234140	0.235805	0.231143	0.234140	0.234239	0.232441	0.229621	0.226819	0.224353	0.222234	0.220381	0.218711	0.217158	0.215678	0.214243	0.212839	0.211455	0.210088	0.208735	0.207396	0.206071	0.204761	1.000000	0.648467	
1230	0.238385	0.240633	0.235805	0.238385	0.235621	0.233522	0.230717	0.227921	0.225432	0.223276	0.221382	0.219671	0.218081	0.216568	0.215106	0.213676	0.212271	0.210885	0.209515	0.208161	0.206822	0.205500	1.000000	0.633912	
1231	0.239135	0.241632	0.237803	0.239135	0.236792	0.234543	0.231769	0.228989	0.226486	0.224299	0.222368	0.220620	0.218996	0.217453	0.215964	0.214511	0.213085	0.211680	0.210294	0.208926	0.207574	0.206239	1.000000	0.601222	
1232	0.237053	0.241216	0.234972	0.237053	0.236879	0.234999	0.232429	0.229757	0.227299	0.225122	0.223184	0.221422	0.219781	0.218222	0.216717	0.215250	0.213811	0.212395	0.210999	0.209620	0.208259	0.206916	1.000000	0.611198	
1233	0.236138	0.238302	0.235305	0.236138	0.236632	0.235206	0.232893	0.230364	0.227979	0.225832	0.223903	0.222140	0.220492	0.218924	0.217411	0.215935	0.214488	0.213064	0.211660	0.210275	0.208908	0.207559	1.000000	0.669814	
1234	0.234140	0.238718	0.232558	0.234140	0.235801	0.235012	0.233049	0.230724	0.228453	0.226368	0.224472	0.222725	0.221086	0.219521	0.218008	0.216532	0.215084	0.213658	0.212252	0.210864	0.209494	0.208143	1.000000	0.601836	
1235	0.239135	0.239717	0.236804	0.239135	0.236912	0.235762	0.233810	0.231525	0.229275	0.227192	0.225287	0.223526	0.221870	0.220290	0.218763	0.217273	0.215812	0.214375	0.212959	0.211562	0.210184	0.208824	1.000000	0.601580	
1236	0.241715	0.243963	0.239301	0.241715	0.238513	0.236844	0.234798	0.232495	0.230232	0.228129	0.226199	0.224413	0.222733	0.221130	0.219582	0.218074	0.216597	0.215145	0.213716	0.212307	0.210917	0.209547	1.000000	0.651156	
1237	0.249041	0.249041	0.237719	0.249041	0.242022	0.239062	0.236578	0.234071	0.231678	0.229478	0.227468	0.225614	0.223877	0.222225	0.220634	0.219090	0.217580	0.216100	0.214645	0.213214	0.211804	0.210415	1.000000	0.614927	
1238	0.259030	0.259363	0.250789	0.259030	0.247692	0.242692	0.239385	0.236448	0.233782	0.231385	0.229222	0.227244	0.225405	0.223668	0.222006	0.220399	0.218836	0.217310	0.215813	0.214345	0.212902	0.211483	1.000000	0.623200	
1239	0.260612	0.261527	0.257116	0.260612	0.251998	0.245950	0.242038	0.238749	0.235846	0.233270	0.230966	0.228872	0.226936	0.225117	0.223384	0.221718	0.220102	0.218529	0.216992	0.215487	0.214011	0.212563	1.000000	0.648946	
1240	0.259946	0.263026	0.256699	0.259946	0.254647	0.248495	0.244276	0.240768	0.237700	0.234991	0.232576	0.230388	0.228371	0.226483	0.224690	0.222971	0.221310	0.219696	0.218123	0.216585	0.215080	0.213604	1.000000	0.618423	
1241	0.272016	0.272349	0.261111	0.272016	0.260437	0.252772	0.247744	0.243744	0.240340	0.237380	0.234767	0.232418	0.230269	0.228268	0.226380	0.224579	0.222846	0.221170	0.219541	0.217954	0.216404	0.214888	1.000000	0.614499	
1242	0.270684	0.275762	0.267937	0.271933	0.264269	0.256255	0.250768	0.246429	0.242770	0.239609	0.236832	0.234346	0.232080	0.229981	0.228007	0.226132	0.224334	0.222600	0.220920	0.219287	0.217695	0.216142	1.000000	0.643959	
1243	0.272516	0.275346	0.268686	0.272516	0.267018	0.259212	0.253486	0.248913	0.245058	0.241732	0.238814	0.236208	0.233838	0.231649	0.229597	0.227652	0.225794	0.224006	0.222277	0.220601	0.218970	0.217381	1.000000	0.649260	
1244	0.275346	0.285335	0.275013	0.284087	0.272707	0.263735	0.257311	0.252263	0.248060	0.244465	0.241329	0.238543	0.236023	0.233705	0.231543	0.229503	0.227560	0.225698	0.223904	0.222168	0.220484	0.218847	1.000000	0.693462	
1245	0.284003	0.294825	0.280757	0.287000	0.277472	0.267965	0.261022	0.255571	0.251056	0.247209	0.243866	0.240907	0.238240	0.235795	0.233524	0.231388	0.229362	0.227425	0.225564	0.223769	0.222031	0.220345	1.000000	0.663218	
1246	0.288665	0.291912	0.282921	0.286584	0.280509	0.271350	0.264217	0.258525	0.253789	0.249749	0.246240	0.243135	0.240342	0.237787	0.235419	0.233198	0.231096	0.229092	0.227170	0.225320	0.223533	0.221801	1.000000	0.539623	
1247	0.286667	0.296490	0.286667	0.293660	0.284893	0.275406	0.267898	0.261871	0.256856	0.252582	0.248874	0.245600	0.242660	0.239978	0.237499	0.235180	0.232991	0.230910	0.228920	0.227008	0.225163	0.223380	1.000000	0.660195	
1248	0.289498	0.298322	0.283670	0.288249	0.286011	0.277741	0.270442	0.264383	0.259270	0.254883	0.251062	0.247680	0.244642	0.241871	0.239311	0.236920	0.234666	0.232526	0.230481	0.228520	0.226631	0.224806	1.000000	0.586569	
1249	0.283254	0.287000	0.279258	0.284753	0.285592	0.279016	0.272231	0.266323	0.261231	0.256810	0.252933	0.249489	0.246386	0.243553	0.240934	0.238488	0.236184	0.233997	0.231909	0.229908	0.227982	0.226123	1.000000	0.515365	
1250	0.294076	0.298072	0.291579	0.295741	0.288975	0.282057	0.275169	0.269125	0.263885	0.259322	0.255311	0.251745	0.248532	0.245599	0.242891	0.240365	0.237988	0.235736	0.233589	0.231534	0.229558	0.227653	1.000000	0.654928	
1251	0.297822	0.300569	0.293327	0.300319	0.292756	0.285377	0.278313	0.272096	0.266688	0.261967	0.257812	0.254114	0.250783	0.247745	0.244942	0.242331	0.239877	0.237555	0.235345	0.233232	0.231204	0.229250	1.000000	0.638543	
1252	0.298238	0.304481	0.296573	0.304065	0.296526	0.288775	0.281532	0.275141	0.269563	0.264683	0.260382	0.256551	0.253100	0.249954	0.247054	0.244355	0.241822	0.239429	0.237154	0.234981	0.232898	0.230895	1.000000	0.698390	
1253	0.306147	0.315553	0.306147	0.311141	0.301398	0.292842	0.285233	0.278569	0.272761	0.267680	0.263202	0.259214	0.255623	0.252353	0.249343	0.246545	0.243923	0.241449	0.239101	0.236862	0.234718	0.232658	0.000000	0.683623	
1254	0.308644	0.311641	0.304648	0.310725	0.304507	0.296093	0.288420	0.281632	0.275682	0.270457	0.265842	0.261727	0.258019	0.254642	0.251535	0.248649	0.245947	0.243400	0.240986	0.238685	0.236485	0.234374	0.000000	0.663313	
1255	0.317384	0.318217	0.305480	0.306479	0.305164	0.297982	0.290677	0.283998	0.278051	0.272781	0.268099	0.263910	0.260126	0.256675	0.253497	0.250545	0.247782	0.245177	0.242709	0.240359	0.238113	0.235959	0.000000	0.655355	
1256	0.306896	0.318217	0.304898	0.317634	0.309321	0.301555	0.294047	0.287202	0.281096	0.275675	0.270851	0.266530	0.262626	0.259066	0.255788	0.252745	0.249898	0.247218	0.244681	0.242267	0.239962	0.237754	0.000000	0.655999	
1257	0.317384	0.323212	0.314471	0.323212	0.313951	0.305492	0.297692	0.290631	0.284335	0.278742	0.273760	0.269295	0.265261	0.261581	0.258196	0.255055	0.252120	0.249359	0.246747	0.244266	0.241898	0.239632	0.000000	0.647690	
1258	0.320798	0.325709	0.319049	0.321131	0.316344	0.308336	0.300622	0.293536	0.287166	0.281477	0.276392	0.271824	0.267690	0.263917	0.260444	0.257222	0.254211	0.251381	0.248705	0.246164	0.243741	0.241423	0.000000	0.612354	
1259	0.319049	0.321547	0.296573	0.304065	0.312251	0.307559	0.301053	0.294539	0.288466	0.282934	0.277929	0.273397	0.269271	0.265491	0.262001	0.258757	0.255722	0.252865	0.250162	0.247593	0.245144	0.242800	0.000000	0.681263	
1260	0.298238	0.310309	0.294159	0.299820	0.308107	0.306152	0.300898	0.295042	0.289339	0.284023	0.279145	0.274686	0.270599	0.266837	0.263352	0.260104	0.257058	0.254187	0.251469	0.248883	0.246415	0.244053	1.000000	0.595349	
1261	0.307978	0.310309	0.300736	0.309476	0.308564	0.306756	0.301971	0.296416	0.290888	0.285666	0.280830	0.276383	0.272290	0.268509	0.264999	0.261723	0.258647	0.255745	0.252995	0.250379	0.247882	0.245491	0.000000	0.698543	
1262	0.307811	0.309060	0.292827	0.293077	0.303402	0.304269	0.300859	0.296098	0.291056	0.286144	0.281511	0.277197	0.273194	0.269473	0.266002	0.262751	0.259690	0.256796	0.254050	0.251433	0.248933	0.246537	1.000000	0.636422	
1263	0.291495	0.294076	0.282505	0.286001	0.297601	0.300948	0.299002	0.295137	0.290668	0.286135	0.281760	0.277627	0.273750	0.270121	0.266716	0.263513	0.260487	0.257619	0.254891	0.252287	0.249795	0.247404	1.000000	0.647606	
1264	0.290746	0.293660	0.281922	0.283254	0.292819	0.297731	0.297033	0.294005	0.290097	0.285949	0.281843	0.277901	0.274164	0.270636	0.267307	0.264160	0.261177	0.258341	0.255637	0.253052	0.250573	0.248192	1.000000	0.660549	
1265	0.293993	0.293993	0.273348	0.276262	0.287300	0.293827	0.294437	0.292315	0.289033	0.285324	0.281533	0.277821	0.274255	0.270857	0.267627	0.264557	0.261634	0.258846	0.256180	0.253625	0.251171	0.248809	1.000000	0.608526	
1266	0.275679	0.282921	0.270768	0.271600	0.282067	0.289786	0.291582	0.290342	0.287692	0.284438	0.280981	0.277518	0.274139	0.270886	0.267769	0.264788	0.261936	0.259205	0.256586	0.254068	0.251646	0.249310	1.000000	0.605058	
1267	0.273265	0.276928	0.265939	0.272432	0.278855	0.286631	0.289189	0.288637	0.286518	0.283664	0.280506	0.277270	0.274065	0.270946	0.267935	0.265038	0.262254	0.259578	0.257003	0.254522	0.252129	0.249818	1.000000	0.592670	
1268	0.273265	0.281589	0.271683	0.274513	0.277408	0.284428	0.287354	0.287292	0.285595	0.283073	0.280173	0.277135	0.274085	0.271086	0.268170	0.265349	0.262626	0.259999	0.257463	0.255016	0.252650	0.250361	1.000000	0.647300	
1269	0.285335	0.292411	0.275596	0.283254	0.279357	0.284214	0.286842	0.286907	0.285415	0.283085	0.280345	0.277434	0.274483	0.271563	0.268709	0.265936	0.263251	0.260654	0.258142	0.255713	0.253361	0.251084	1.000000	0.610022	
1270	0.298654	0.305314	0.293660	0.298238	0.285651	0.286764	0.288266	0.287986	0.286401	0.284063	0.281339	0.278448	0.275516	0.272610	0.269764	0.266995	0.264311	0.261712	0.259197	0.256763	0.254405	0.252120	1.000000	0.640251	
1271	0.303649	0.310225	0.297239	0.304149	0.291817	0.289925	0.290252	0.289525	0.287766	0.285359	0.282606	0.279702	0.276761	0.273846	0.270992	0.268213	0.265518	0.262908	0.260380	0.257933	0.255562	0.253264	1.000000	0.624481	
1272	0.309892	0.312223	0.298738	0.298738	0.294124	0.291527	0.291312	0.290403	0.288610	0.286222	0.283502	0.280631	0.277717	0.274822	0.271983	0.269214	0.266525	0.263917	0.261390	0.258940	0.256566	0.254263	0.000000	0.568237	
1273	0.299237	0.304065	0.289081	0.294492	0.294246	0.292066	0.291710	0.290792	0.289063	0.286755	0.284113	0.281307	0.278446	0.275594	0.272786	0.270043	0.267372	0.264778	0.262261	0.259818	0.257448	0.255147	1.000000	0.626533	
1274	0.292411	0.298654	0.288415	0.298155	0.295549	0.293173	0.292515	0.291493	0.289762	0.287491	0.284893	0.282129	0.279303	0.276479	0.273692	0.270965	0.268305	0.265719	0.263205	0.260765	0.258395	0.256092	1.000000	0.578388	
1275	0.302400	0.306646	0.299154	0.304232	0.298443	0.295184	0.293980	0.292707	0.290875	0.288571	0.285967	0.283207	0.280387	0.277567	0.274783	0.272055	0.269394	0.266803	0.264285	0.261838	0.259461	0.257150	1.000000	0.536108	
1276	0.306646	0.311557	0.302650	0.310725	0.302537	0.298010	0.296073	0.294423	0.292402	0.290000	0.287343	0.284549	0.281706	0.278867	0.276067	0.273323	0.270646	0.268041	0.265507	0.263045	0.260653	0.258328	0.000000	0.696872	
1277	0.311557	0.311724	0.300319	0.300319	0.301798	0.298430	0.296604	0.294984	0.293011	0.290666	0.288064	0.285319	0.282515	0.279709	0.276933	0.274208	0.271546	0.268950	0.266423	0.263965	0.261575	0.259251	0.000000	0.563582	
1278	0.297406	0.297406	0.282422	0.284503	0.296033	0.295897	0.295091	0.293986	0.292357	0.290268	0.287866	0.285279	0.282601	0.279897	0.277203	0.274546	0.271938	0.269388	0.266899	0.264473	0.262108	0.259806	1.000000	0.637483	
1279	0.278259	0.287416	0.270101	0.282255	0.291440	0.293417	0.293487	0.292869	0.291580	0.289751	0.287554	0.285131	0.282586	0.279989	0.277384	0.274799	0.272251	0.269750	0.267303	0.264912	0.262577	0.260299	1.000000	0.553893	
1280	0.287000	0.291579	0.270767	0.272432	0.285104	0.289602	0.290855	0.290922	0.290107	0.288634	0.286714	0.284512	0.282145	0.279693	0.277207	0.274721	0.272256	0.269826	0.267438	0.265097	0.262806	0.260566	1.000000	0.610457	
1281	0.274597	0.281090	0.270101	0.275013	0.281741	0.286949	0.288875	0.289407	0.288946	0.287755	0.286064	0.284048	0.281835	0.279509	0.277129	0.274731	0.272340	0.269972	0.267637	0.265342	0.263090	0.260883	1.000000	0.630506	
1282	0.277011	0.282838	0.274514	0.278926	0.280802	0.285490	0.287631	0.288409	0.288175	0.287186	0.285667	0.283799	0.281708	0.279486	0.277193	0.274868	0.272539	0.270224	0.267934	0.265678	0.263458	0.261280	1.000000	0.569641	
1283	0.286168	0.294242	0.272432	0.294242	0.285282	0.287082	0.288457	0.288965	0.288642	0.287641	0.286144	0.284308	0.282253	0.280065	0.277802	0.275503	0.273197	0.270901	0.268627	0.266383	0.264174	0.262004	1.000000	0.547874	
1284	0.294908	0.302400	0.292661	0.298821	0.289795	0.289216	0.289753	0.289903	0.289425	0.288362	0.286848	0.285016	0.282974	0.280800	0.278552	0.276268	0.273974	0.271687	0.269421	0.267184	0.264980	0.262813	1.000000	0.572138	
1285	0.299570	0.301568	0.290913	0.295741	0.291777	0.290402	0.290501	0.290459	0.289911	0.288838	0.287342	0.285539	0.283529	0.281386	0.279166	0.276906	0.274633	0.272365	0.270114	0.267889	0.265695	0.263537	1.000000	0.613236	
1286	0.293244	0.297406	0.286168	0.288249	0.290601	0.290011	0.290220	0.290249	0.289783	0.288800	0.287392	0.285671	0.283734	0.281655	0.279491	0.277278	0.275046	0.272812	0.270591	0.268392	0.266220	0.264080	1.000000	0.624668	
1287	0.294076	0.296990	0.289165	0.293660	0.291621	0.290674	0.290650	0.290574	0.290081	0.289114	0.287741	0.286061	0.284166	0.282126	0.279997	0.277815	0.275610	0.273400	0.271198	0.269016	0.266858	0.264730	1.000000	0.577503	
1288	0.291162	0.294908	0.286667	0.287999	0.290413	0.290188	0.290318	0.290328	0.289921	0.289042	0.287755	0.286156	0.284332	0.282357	0.280282	0.278149	0.275985	0.273811	0.271640	0.269484	0.267350	0.265242	1.000000	0.656222	
1289	0.288665	0.290746	0.279508	0.282172	0.287666	0.288730	0.289300	0.289552	0.289325	0.288599	0.287445	0.285961	0.284238	0.282349	0.280350	0.278281	0.276173	0.274046	0.271918	0.269798	0.267694	0.265614	1.000000	0.588093	
1290	0.285752	0.288915	0.280341	0.284919	0.286751	0.288037	0.288753	0.289110	0.288986	0.288361	0.287305	0.285910	0.284268	0.282450	0.280513	0.278499	0.276438	0.274353	0.272260	0.270171	0.268095	0.266038	1.000000	0.657433	
1291	0.285419	0.288499	0.283754	0.285335	0.286279	0.287546	0.288325	0.288751	0.288705	0.288166	0.287195	0.285882	0.284314	0.282563	0.280685	0.278723	0.276707	0.274662	0.272604	0.270545	0.268496	0.266462	1.000000	0.633911	
1292	0.281090	0.287167	0.280341	0.286584	0.286381	0.287371	0.288108	0.288545	0.288542	0.288064	0.287161	0.285917	0.284413	0.282721	0.280896	0.278981	0.277007	0.274998	0.272972	0.270941	0.268917	0.266905	1.000000	0.536774	
1293	0.283670	0.288665	0.279258	0.279258	0.284006	0.285896	0.287002	0.287660	0.287828	0.287496	0.286722	0.285592	0.284189	0.282585	0.280838	0.278990	0.277075	0.275118	0.273137	0.271147	0.269157	0.267176	1.000000	0.601808	
1294	0.282172	0.291162	0.281007	0.289165	0.285726	0.286490	0.287272	0.287803	0.287931	0.287603	0.286858	0.285766	0.284405	0.282843	0.281135	0.279323	0.277441	0.275514	0.273559	0.271592	0.269622	0.267659	1.000000	0.586342	
1295	0.290330	0.293826	0.290163	0.291162	0.287538	0.287340	0.287758	0.288123	0.288179	0.287833	0.287097	0.286029	0.284699	0.283169	0.281493	0.279712	0.277857	0.275954	0.274022	0.272075	0.270123	0.268176	1.000000	0.619976	
1296	0.291828	0.292078	0.285918	0.291079	0.288718	0.288020	0.288173	0.288405	0.288402	0.288042	0.287318	0.286276	0.284976	0.283480	0.281835	0.280084	0.278258	0.276380	0.274471	0.272544	0.270611	0.268679	1.000000	0.648756	
1297	0.300236	0.301318	0.289498	0.300319	0.292585	0.290256	0.289692	0.289540	0.289319	0.288835	0.288040	0.286961	0.285643	0.284140	0.282496	0.280748	0.278926	0.277055	0.275151	0.273230	0.271302	0.269375	1.000000	0.606251	
1298	0.304239	0.304493	0.297889	0.298482	0.294551	0.291752	0.290790	0.290391	0.290024	0.289457	0.288621	0.287523	0.286202	0.284702	0.283066	0.281329	0.279519	0.277658	0.275765	0.273853	0.271934	0.270014	1.000000	0.544062	
1299	0.299837	0.305340	0.295603	0.305340	0.298147	0.294222	0.292609	0.291815	0.291202	0.290482	0.289549	0.288392	0.287034	0.285512	0.283862	0.282116	0.280301	0.278438	0.276544	0.274631	0.272711	0.270791	1.000000	0.613443	
1300	0.307033	0.308642	0.303393	0.307880	0.301392	0.296706	0.294518	0.293345	0.292485	0.291604	0.290568	0.289342	0.287940	0.286389	0.284720	0.282961	0.281137	0.279267	0.277368	0.275452	0.273528	0.271606	0.000000	0.697577	
1301	0.308303	0.308303	0.301361	0.303054	0.301946	0.297860	0.295585	0.294270	0.293298	0.292343	0.291261	0.290011	0.288597	0.287042	0.285375	0.283620	0.281801	0.279938	0.278044	0.276133	0.274215	0.272297	0.000000	0.538345	
1302	0.303647	0.306610	0.299752	0.303647	0.302513	0.298912	0.296593	0.295163	0.294094	0.293072	0.291950	0.290676	0.289252	0.287694	0.286027	0.284277	0.282463	0.280605	0.278718	0.276813	0.274900	0.272986	1.000000	0.627079	
1303	0.306187	0.307795	0.298482	0.299837	0.301621	0.299080	0.296998	0.295608	0.294536	0.293509	0.292388	0.291123	0.289712	0.288170	0.286520	0.284787	0.282990	0.281147	0.279274	0.277381	0.275479	0.273576	1.000000	0.673034	
1304	0.300514	0.302377	0.295434	0.299413	0.300885	0.299141	0.297300	0.295970	0.294911	0.293890	0.292778	0.291528	0.290134	0.288611	0.286981	0.285266	0.283487	0.281662	0.279804	0.277925	0.276036	0.274144	1.000000	0.667667	
1305	0.298567	0.300260	0.295180	0.298990	0.300253	0.299113	0.297511	0.296258	0.295225	0.294219	0.293123	0.291892	0.290519	0.289018	0.287410	0.285716	0.283957	0.282150	0.280309	0.278445	0.276570	0.274690	1.000000	0.613068	
1306	0.299329	0.305086	0.299329	0.304747	0.301751	0.300138	0.298416	0.297066	0.295957	0.294898	0.293769	0.292519	0.291137	0.289635	0.288029	0.286340	0.284587	0.282786	0.280952	0.279095	0.277225	0.275351	1.000000	0.628299	
1307	0.307880	0.322358	0.307880	0.322358	0.308620	0.304178	0.301409	0.299475	0.297988	0.296669	0.295357	0.293974	0.292495	0.290918	0.289255	0.287521	0.285732	0.283901	0.282041	0.280163	0.278275	0.276384	0.000000	0.600720	
1308	0.325914	0.328200	0.319818	0.327269	0.314836	0.308376	0.304641	0.302122	0.300240	0.298644	0.297130	0.295599	0.294007	0.292343	0.290613	0.288824	0.286990	0.285123	0.283231	0.281326	0.279414	0.277502	0.000000	0.645601	
1309	0.324813	0.330655	0.319395	0.324051	0.317908	0.311226	0.307067	0.304211	0.302072	0.300283	0.298626	0.296986	0.295313	0.293587	0.291807	0.289979	0.288113	0.286219	0.284306	0.282381	0.280452	0.278525	0.000000	0.582318	
1310	0.329893	0.330740	0.321427	0.321427	0.319081	0.313081	0.308862	0.305850	0.303561	0.301647	0.299892	0.298179	0.296448	0.294679	0.292865	0.291010	0.289123	0.287211	0.285283	0.283345	0.281405	0.279468	0.000000	0.644066	
1311	0.322697	0.325575	0.317617	0.321342	0.319835	0.314583	0.310422	0.307326	0.304929	0.302918	0.301084	0.299309	0.297531	0.295724	0.293882	0.292005	0.290099	0.288172	0.286231	0.284283	0.282334	0.280388	0.000000	0.638285	
1312	0.327353	0.329639	0.318294	0.324390	0.321353	0.316366	0.312168	0.308951	0.306426	0.304303	0.302379	0.300532	0.298698	0.296848	0.294971	0.293067	0.291138	0.289193	0.287236	0.285274	0.283312	0.281355	0.000000	0.722762	
1313	0.320326	0.323967	0.312960	0.316347	0.319684	0.316362	0.312691	0.309655	0.307189	0.305080	0.303155	0.301303	0.299466	0.297613	0.295735	0.293830	0.291902	0.289958	0.288002	0.286041	0.284080	0.282125	0.000000	0.698777	
1314	0.317024	0.326422	0.317024	0.323374	0.320914	0.317637	0.314026	0.310962	0.308434	0.306260	0.304278	0.302380	0.300505	0.298623	0.296722	0.294799	0.292856	0.290899	0.288933	0.286963	0.284994	0.283031	0.000000	0.671552	
1315	0.318040	0.330740	0.318040	0.330317	0.324048	0.319943	0.316062	0.312805	0.310117	0.307812	0.305725	0.303743	0.301801	0.299866	0.297922	0.295963	0.293991	0.292009	0.290022	0.288033	0.286048	0.284070	0.000000	0.586531	
1316	0.329978	0.329978	0.320749	0.329470	0.325856	0.321675	0.317738	0.314392	0.311606	0.309209	0.307044	0.304998	0.303004	0.301027	0.299048	0.297062	0.295066	0.293064	0.291060	0.289056	0.287058	0.285068	0.000000	0.562994	
1317	0.327353	0.333280	0.324051	0.325660	0.325790	0.322399	0.318728	0.315465	0.312687	0.310271	0.308078	0.306006	0.303989	0.301993	0.299999	0.297999	0.295993	0.293983	0.291970	0.289960	0.287956	0.285960	0.000000	0.641557	
1318	0.324898	0.334973	0.324898	0.333957	0.328513	0.324501	0.320632	0.317226	0.314323	0.311799	0.309516	0.307369	0.305292	0.303247	0.301212	0.299178	0.297144	0.295109	0.293075	0.291046	0.289025	0.287015	0.000000	0.634884	
1319	0.330740	0.335820	0.328623	0.334635	0.330553	0.326343	0.322382	0.318884	0.315885	0.313272	0.310911	0.308699	0.306568	0.304477	0.302405	0.300341	0.298280	0.296222	0.294169	0.292123	0.290086	0.288062	0.000000	0.543952	
1320	0.332941	0.340307	0.332941	0.334635	0.331914	0.327851	0.323914	0.320384	0.317328	0.314650	0.312229	0.309964	0.307788	0.305660	0.303556	0.301465	0.299382	0.297304	0.295234	0.293172	0.291122	0.289085	0.000000	0.653652	
1321	0.338360	0.339207	0.334296	0.339630	0.334486	0.329992	0.325878	0.322217	0.319043	0.316262	0.313752	0.311411	0.309173	0.306992	0.304845	0.302716	0.300601	0.298496	0.296402	0.294319	0.292250	0.290196	0.000000	0.620183	
1322	0.339968	0.341662	0.332518	0.338021	0.335664	0.331452	0.327396	0.323722	0.320503	0.317666	0.315100	0.312710	0.310427	0.308209	0.306030	0.303874	0.301735	0.299610	0.297497	0.295398	0.293315	0.291247	0.000000	0.591686	
1323	0.326930	0.331587	0.325660	0.332941	0.334757	0.331723	0.328089	0.324600	0.321460	0.318651	0.316091	0.313696	0.311406	0.309179	0.306991	0.304827	0.302681	0.300549	0.298430	0.296325	0.294236	0.292164	0.000000	0.566571	
1324	0.325660	0.329809	0.311267	0.329047	0.332853	0.331236	0.328209	0.325024	0.322043	0.319322	0.316811	0.314445	0.312173	0.309958	0.307778	0.305621	0.303480	0.301351	0.299236	0.297133	0.295046	0.292974	0.000000	0.527541	
1325	0.323543	0.326422	0.314738	0.318887	0.328198	0.328991	0.327044	0.324439	0.321801	0.319294	0.316926	0.314662	0.312465	0.310308	0.308175	0.306056	0.303947	0.301845	0.299753	0.297670	0.295600	0.293544	0.000000	0.559153	
1326	0.316770	0.322697	0.304578	0.321427	0.325941	0.327616	0.326342	0.324152	0.321772	0.319432	0.317176	0.314992	0.312854	0.310744	0.308648	0.306560	0.304476	0.302397	0.300323	0.298257	0.296201	0.294157	0.000000	0.574067	
1327	0.312875	0.312875	0.298651	0.300175	0.317352	0.322626	0.323071	0.321869	0.320111	0.318189	0.316232	0.314269	0.312303	0.310330	0.308346	0.306351	0.304346	0.302334	0.300319	0.298304	0.296293	0.294289	0.000000	0.458139	
1328	0.305001	0.307033	0.289423	0.298397	0.311034	0.318221	0.319987	0.319634	0.318440	0.316912	0.315241	0.313495	0.311699	0.309862	0.307990	0.306090	0.304166	0.302223	0.300269	0.298307	0.296342	0.294379	0.000000	0.593230	
1329	0.288830	0.297720	0.280787	0.295942	0.306003	0.314170	0.316981	0.317377	0.316710	0.315559	0.314169	0.312639	0.311014	0.309316	0.307560	0.305757	0.303916	0.302047	0.300155	0.298248	0.296333	0.294413	0.000000	0.592111	
1330	0.299498	0.308727	0.287560	0.295942	0.302650	0.310856	0.314351	0.315336	0.315112	0.314294	0.313156	0.311824	0.310358	0.308791	0.307145	0.305435	0.303675	0.301875	0.300044	0.298191	0.296324	0.294447	0.000000	0.550706	
1331	0.293487	0.299413	0.285528	0.291793	0.299031	0.307390	0.311531	0.313094	0.313318	0.312842	0.311969	0.310847	0.309551	0.308125	0.306597	0.304988	0.303315	0.301591	0.299827	0.298033	0.296218	0.294389	0.000000	0.557306	
1332	0.299921	0.301953	0.292640	0.295180	0.297747	0.305170	0.309488	0.311388	0.311923	0.311703	0.311037	0.310083	0.308926	0.307617	0.306189	0.304667	0.303068	0.301410	0.299705	0.297963	0.296194	0.294406	0.000000	0.593145	
1333	0.304493	0.313807	0.300683	0.299667	0.298387	0.304170	0.308260	0.310271	0.310980	0.310926	0.310405	0.309575	0.308524	0.307305	0.305956	0.304503	0.302965	0.301361	0.299704	0.298005	0.296275	0.294522	0.000000	0.563342	
1334	0.312960	0.317193	0.309573	0.310843	0.302539	0.305383	0.308583	0.310326	0.310970	0.310921	0.310429	0.309637	0.308625	0.307444	0.306131	0.304711	0.303204	0.301628	0.299997	0.298322	0.296614	0.294880	0.000000	0.526165	
1335	0.307880	0.309573	0.298143	0.310843	0.305307	0.306376	0.308866	0.310375	0.310960	0.310916	0.310452	0.309696	0.308721	0.307578	0.306299	0.304912	0.303435	0.301888	0.300282	0.298631	0.296945	0.295231	0.000000	0.579824	
1336	0.301530	0.307033	0.299752	0.301107	0.303907	0.305418	0.307896	0.309492	0.310202	0.310283	0.309933	0.309277	0.308390	0.307324	0.306114	0.304787	0.303365	0.301866	0.300304	0.298692	0.297041	0.295360	0.000000	0.570887	
1337	0.305001	0.306949	0.298990	0.304493	0.304103	0.305250	0.307470	0.309016	0.309763	0.309909	0.309631	0.309043	0.308221	0.307213	0.306056	0.304777	0.303399	0.301940	0.300414	0.298836	0.297215	0.295561	0.000000	0.565237	
1338	0.311267	0.314061	0.305340	0.306102	0.304769	0.305405	0.307299	0.308739	0.309481	0.309664	0.309435	0.308900	0.308128	0.307169	0.306057	0.304821	0.303481	0.302057	0.300564	0.299015	0.297421	0.295793	0.000000	0.547532	
1339	0.311944	0.312113	0.295180	0.310251	0.306596	0.306286	0.307668	0.308883	0.309541	0.309702	0.309480	0.308966	0.308221	0.307290	0.306207	0.304999	0.303686	0.302288	0.300819	0.299292	0.297720	0.296111	0.000000	0.628756	
1340	0.294333	0.297381	0.285105	0.296111	0.303101	0.304436	0.306224	0.307666	0.308508	0.308825	0.308737	0.308339	0.307694	0.306852	0.305847	0.304707	0.303457	0.302114	0.300695	0.299214	0.297682	0.296111	0.000000	0.535859	
1341	0.293910	0.293910	0.275284	0.292217	0.299473	0.302214	0.304473	0.306195	0.307254	0.307753	0.307820	0.307552	0.307021	0.306278	0.305360	0.304298	0.303116	0.301835	0.300472	0.299041	0.297555	0.296025	0.000000	0.553903	
1342	0.274691	0.276553	0.259197	0.275283	0.291410	0.297318	0.300824	0.303251	0.304795	0.305659	0.306012	0.305978	0.305641	0.305062	0.304286	0.303346	0.302273	0.301087	0.299809	0.298454	0.297037	0.295569	1.000000	0.604830	
1343	0.280618	0.282395	0.265378	0.273082	0.285301	0.292911	0.297356	0.300378	0.302356	0.303557	0.304183	0.304373	0.304226	0.303808	0.303171	0.302354	0.301388	0.300298	0.299106	0.297828	0.296480	0.295075	1.000000	0.568324	
1344	0.269018	0.270627	0.253694	0.265378	0.278660	0.287905	0.293359	0.297044	0.299511	0.301094	0.302027	0.302471	0.302537	0.302301	0.301822	0.301142	0.300297	0.299314	0.298218	0.297027	0.295757	0.294422	1.000000	0.641848	
1345	0.249460	0.253694	0.239470	0.253694	0.270338	0.281685	0.288401	0.292916	0.295987	0.298036	0.299342	0.300092	0.300413	0.300395	0.300103	0.299586	0.298885	0.298029	0.297046	0.295957	0.294779	0.293527	1.000000	0.652851	
1346	0.243957	0.254540	0.240232	0.240994	0.260556	0.274286	0.282475	0.287971	0.291757	0.294355	0.296100	0.297209	0.297830	0.298065	0.297992	0.297665	0.297130	0.296423	0.295571	0.294600	0.293528	0.292373	1.000000	0.501962	
1347	0.267325	0.276807	0.261737	0.254540	0.258551	0.270696	0.278983	0.284787	0.288894	0.291787	0.293791	0.295128	0.295948	0.296359	0.296440	0.296251	0.295840	0.295243	0.294491	0.293611	0.292621	0.291541	1.000000	0.578595	
1348	0.274860	0.275707	0.259959	0.273167	0.263423	0.271145	0.278256	0.283680	0.287684	0.290585	0.292645	0.294056	0.294957	0.295449	0.295609	0.295494	0.295153	0.294621	0.293930	0.293106	0.292169	0.291137	1.000000	0.596718	
1349	0.265039	0.271220	0.262584	0.264870	0.263905	0.270004	0.276583	0.281889	0.285929	0.288926	0.291102	0.292633	0.293649	0.294250	0.294511	0.294490	0.294235	0.293783	0.293166	0.292409	0.291534	0.290560	1.000000	0.575298	
1350	0.266394	0.277739	0.261314	0.264700	0.264170	0.269040	0.275097	0.280252	0.284296	0.287363	0.289636	0.291270	0.292390	0.293091	0.293446	0.293514	0.293340	0.292964	0.292416	0.291724	0.290910	0.289992	1.000000	0.452692	
1351	0.274860	0.278416	0.270627	0.274183	0.267508	0.269975	0.274983	0.279674	0.283518	0.286513	0.288777	0.290436	0.291599	0.292350	0.292758	0.292880	0.292759	0.292435	0.291937	0.291291	0.290521	0.289644	1.000000	0.578296	
1352	0.272405	0.283750	0.267833	0.273675	0.269563	0.270648	0.274820	0.279103	0.282761	0.285685	0.287938	0.289619	0.290819	0.291617	0.292077	0.292250	0.292181	0.291906	0.291456	0.290856	0.290129	0.289293	1.000000	0.541770	
1353	0.280363	0.281549	0.276638	0.279432	0.272853	0.272245	0.275396	0.279134	0.282505	0.285281	0.287465	0.289122	0.290324	0.291139	0.291625	0.291830	0.291795	0.291555	0.291140	0.290574	0.289880	0.289076	1.000000	0.674726	
1354	0.279432	0.284597	0.275707	0.279432	0.275046	0.273552	0.275901	0.279162	0.282269	0.284904	0.287019	0.288649	0.289851	0.290680	0.291190	0.291423	0.291420	0.291213	0.290832	0.290299	0.289637	0.288864	1.000000	0.556059	
1355	0.277400	0.282734	0.277400	0.275792	0.275295	0.273959	0.275887	0.278841	0.281770	0.284316	0.286395	0.288022	0.289239	0.290096	0.290640	0.290911	0.290947	0.290779	0.290436	0.289941	0.289315	0.288577	1.000000	0.610477	
1356	0.284428	0.296873	0.284173	0.282480	0.277690	0.275508	0.276711	0.279188	0.281825	0.284198	0.286178	0.287752	0.288946	0.289798	0.290348	0.290634	0.290690	0.290545	0.290226	0.289757	0.289156	0.288443	1.000000	0.544901	
1357	0.298143	0.303223	0.294503	0.296027	0.283802	0.279239	0.279126	0.280792	0.282917	0.284961	0.286725	0.288155	0.289253	0.290042	0.290551	0.290811	0.290852	0.290700	0.290379	0.289912	0.289316	0.288610	0.000000	0.589561	
1358	0.296027	0.303562	0.291370	0.297551	0.288385	0.282568	0.281429	0.282388	0.284043	0.285773	0.287326	0.288614	0.289614	0.290336	0.290801	0.291032	0.291055	0.290893	0.290568	0.290100	0.289508	0.288806	0.000000	0.511810	
1359	0.301107	0.303647	0.297297	0.301107	0.292626	0.285939	0.283888	0.284170	0.285356	0.286762	0.288092	0.289223	0.290114	0.290759	0.291169	0.291362	0.291359	0.291180	0.290845	0.290372	0.289777	0.289077	0.000000	0.696823	
1360	0.294333	0.297974	0.288491	0.299498	0.294916	0.288404	0.285840	0.285630	0.286443	0.287584	0.288726	0.289724	0.290522	0.291102	0.291467	0.291629	0.291606	0.291415	0.291073	0.290597	0.290003	0.289306	0.000000	0.658607	
1361	0.296873	0.299413	0.294757	0.294333	0.294722	0.289482	0.286901	0.286459	0.287050	0.288019	0.289037	0.289949	0.290688	0.291228	0.291569	0.291718	0.291689	0.291497	0.291159	0.290690	0.290104	0.289416	0.000000	0.567772	
1362	0.299837	0.299837	0.291963	0.297297	0.295580	0.290903	0.288201	0.287491	0.287839	0.288618	0.289496	0.290308	0.290975	0.291466	0.291773	0.291901	0.291859	0.291660	0.291320	0.290853	0.290271	0.289589	0.000000	0.568659	
1363	0.294503	0.295603	0.289423	0.294333	0.295165	0.291527	0.288967	0.288143	0.288338	0.288987	0.289765	0.290504	0.291121	0.291579	0.291865	0.291981	0.291934	0.291736	0.291399	0.290939	0.290366	0.289694	0.000000	0.647449	
1364	0.292640	0.304493	0.289253	0.292809	0.294380	0.291760	0.289448	0.288587	0.288682	0.289233	0.289934	0.290616	0.291194	0.291627	0.291899	0.292008	0.291960	0.291766	0.291437	0.290985	0.290423	0.289762	0.000000	0.599543	
1365	0.302377	0.307372	0.301530	0.302715	0.297158	0.293752	0.291106	0.289933	0.289762	0.290103	0.290644	0.291207	0.291695	0.292062	0.292285	0.292359	0.292286	0.292074	0.291733	0.291274	0.290709	0.290047	0.000000	0.585985	
1366	0.300260	0.302800	0.297720	0.302885	0.299067	0.295412	0.292578	0.291166	0.290771	0.290928	0.291324	0.291776	0.292182	0.292486	0.292664	0.292704	0.292607	0.292379	0.292027	0.291561	0.290992	0.290329	0.000000	0.587275	
1367	0.302546	0.307203	0.301953	0.301107	0.299747	0.296448	0.293644	0.292113	0.291566	0.291584	0.291868	0.292231	0.292570	0.292824	0.292965	0.292979	0.292865	0.292625	0.292266	0.291797	0.291227	0.290566	0.000000	0.572976	
1368	0.303985	0.306949	0.288830	0.290100	0.296531	0.295294	0.293201	0.291921	0.291453	0.291489	0.291769	0.292127	0.292462	0.292717	0.292863	0.292885	0.292781	0.292554	0.292209	0.291755	0.291201	0.290556	0.000000	0.562564	
1369	0.303985	0.306949	0.288830	0.290523	0.294529	0.294426	0.292867	0.291788	0.291382	0.291426	0.291700	0.292049	0.292378	0.292631	0.292779	0.292808	0.292713	0.292496	0.292164	0.291725	0.291185	0.290555	0.000000	0.634711	
1370	0.291793	0.301953	0.288491	0.290523	0.293194	0.293717	0.292574	0.291668	0.291316	0.291368	0.291635	0.291975	0.292297	0.292549	0.292699	0.292733	0.292646	0.292441	0.292121	0.291695	0.291170	0.290554	0.000000	0.638332	
1371	0.302123	0.305594	0.290523	0.290523	0.292304	0.293136	0.292317	0.291559	0.291255	0.291314	0.291573	0.291904	0.292220	0.292469	0.292621	0.292660	0.292582	0.292387	0.292079	0.291666	0.291155	0.290554	0.000000	0.613035	
1372	0.292809	0.295180	0.286713	0.290523	0.291710	0.292661	0.292093	0.291460	0.291199	0.291263	0.291515	0.291837	0.292147	0.292393	0.292546	0.292590	0.292520	0.292334	0.292038	0.291638	0.291140	0.290553	0.000000	0.545382	
1373	0.292217	0.302123	0.287560	0.287560	0.290327	0.291734	0.291527	0.291089	0.290919	0.291024	0.291295	0.291628	0.291947	0.292204	0.292368	0.292425	0.292369	0.292200	0.291920	0.291537	0.291057	0.290487	0.000000	0.496059	
1374	0.303647	0.305763	0.296958	0.304493	0.295049	0.294054	0.293147	0.292365	0.291963	0.291893	0.292028	0.292256	0.292493	0.292685	0.292801	0.292821	0.292737	0.292546	0.292251	0.291857	0.291369	0.290795	0.000000	0.596378	
1375	0.306610	0.308727	0.302123	0.306271	0.298790	0.296275	0.294788	0.293690	0.293064	0.292820	0.292820	0.292939	0.293092	0.293218	0.293282	0.293262	0.293147	0.292933	0.292620	0.292213	0.291716	0.291135	0.000000	0.689875	
1376	0.308388	0.312960	0.306695	0.310759	0.302779	0.298908	0.296784	0.295315	0.294425	0.293978	0.293816	0.293809	0.293860	0.293906	0.293906	0.293836	0.293680	0.293435	0.293098	0.292671	0.292159	0.291566	0.000000	0.644128	
1377	0.312113	0.315246	0.309150	0.310759	0.305439	0.301063	0.298531	0.296786	0.295681	0.295060	0.294757	0.294635	0.294595	0.294567	0.294508	0.294390	0.294198	0.293923	0.293562	0.293117	0.292591	0.291988	0.000000	0.594995	
1378	0.311775	0.314145	0.311267	0.313807	0.308228	0.303380	0.300441	0.298407	0.297075	0.296270	0.295816	0.295571	0.295430	0.295321	0.295197	0.295027	0.294792	0.294483	0.294095	0.293628	0.293085	0.292468	0.000000	0.654846	
1379	0.309573	0.315415	0.307880	0.312113	0.309523	0.304968	0.301900	0.299713	0.298232	0.297292	0.296721	0.296378	0.296155	0.295980	0.295802	0.295587	0.295317	0.294980	0.294569	0.294085	0.293527	0.292899	0.000000	0.470640	
1380	0.314230	0.319987	0.313976	0.313045	0.310697	0.306436	0.303293	0.300982	0.299372	0.298308	0.297628	0.297191	0.296890	0.296649	0.296417	0.296160	0.295854	0.295488	0.295055	0.294553	0.293981	0.293342	0.000000	0.521145	
1381	0.317193	0.323374	0.314823	0.318887	0.313427	0.308700	0.305242	0.302687	0.300873	0.299636	0.298809	0.298249	0.297846	0.297521	0.297220	0.296905	0.296552	0.296148	0.295683	0.295154	0.294560	0.293904	0.000000	0.630506	
1382	0.324475	0.326337	0.316770	0.320749	0.315868	0.310891	0.307180	0.304408	0.302402	0.300998	0.300028	0.299346	0.298842	0.298432	0.298060	0.297687	0.297285	0.296841	0.296342	0.295786	0.295169	0.294494	0.000000	0.569784	
1383	0.320157	0.324813	0.316939	0.318802	0.316846	0.312329	0.308633	0.305778	0.303663	0.302147	0.301071	0.300296	0.299710	0.299231	0.298801	0.298379	0.297938	0.297459	0.296933	0.296354	0.295719	0.295028	0.000000	0.571109	
1384	0.323713	0.325914	0.321003	0.323543	0.319078	0.314368	0.310497	0.307470	0.305193	0.303527	0.302319	0.301430	0.300746	0.300184	0.299685	0.299204	0.298713	0.298194	0.297634	0.297025	0.296366	0.295655	0.000000	0.653233	
1385	0.325660	0.326845	0.318887	0.323120	0.320425	0.315959	0.312075	0.308961	0.306572	0.304791	0.303475	0.302488	0.301719	0.301084	0.300522	0.299988	0.299453	0.298896	0.298304	0.297670	0.296988	0.296258	0.000000	0.603840	
1386	0.317701	0.321342	0.315500	0.320157	0.320336	0.316722	0.313085	0.310027	0.307617	0.305783	0.304402	0.303350	0.302520	0.301832	0.301223	0.300649	0.300080	0.299495	0.298879	0.298225	0.297527	0.296783	0.000000	0.594856	
1387	0.320241	0.322697	0.314738	0.316347	0.319006	0.316654	0.313493	0.310629	0.308288	0.306464	0.305065	0.303984	0.303121	0.302401	0.301763	0.301164	0.300573	0.299970	0.299339	0.298672	0.297965	0.297213	0.000000	0.494564	
1388	0.316347	0.318040	0.306610	0.316347	0.318120	0.316598	0.313849	0.311173	0.308908	0.307102	0.305692	0.304587	0.303696	0.302948	0.302284	0.301662	0.301051	0.300431	0.299787	0.299109	0.298392	0.297634	0.000000	0.551182	
1389	0.310420	0.318887	0.307965	0.307118	0.314452	0.314875	0.313008	0.310787	0.308770	0.307103	0.305771	0.304710	0.303845	0.303111	0.302456	0.301841	0.301235	0.300619	0.299979	0.299306	0.298595	0.297842	0.000000	0.629750	
1390	0.317109	0.318294	0.313383	0.314653	0.314519	0.314834	0.313214	0.311155	0.309223	0.307590	0.306265	0.305195	0.304315	0.303564	0.302892	0.302261	0.301642	0.301015	0.300366	0.299685	0.298968	0.298212	0.000000	0.653185	
1391	0.314653	0.315500	0.305425	0.315415	0.314818	0.314940	0.313489	0.311561	0.309699	0.308095	0.306773	0.305694	0.304798	0.304029	0.303339	0.302692	0.302059	0.301420	0.300762	0.300074	0.299351	0.298590	0.000000	0.623107	
1392	0.307795	0.312029	0.304747	0.307457	0.312364	0.313579	0.312735	0.311170	0.309527	0.308054	0.306811	0.305780	0.304913	0.304163	0.303486	0.302848	0.302223	0.301590	0.300938	0.300256	0.299539	0.298785	0.000000	0.660432	
1393	0.311097	0.313383	0.307457	0.312029	0.312252	0.313297	0.312647	0.311252	0.309719	0.308310	0.307101	0.306085	0.305223	0.304472	0.303791	0.303149	0.302520	0.301884	0.301230	0.300547	0.299830	0.299076	0.000000	0.447488	
1394	0.308388	0.310420	0.304917	0.307457	0.310654	0.312235	0.311998	0.310891	0.309545	0.308255	0.307121	0.306151	0.305320	0.304589	0.303922	0.303291	0.302669	0.302041	0.301394	0.300717	0.300007	0.299260	0.000000	0.598421	
1395	0.306187	0.307033	0.294333	0.306610	0.309306	0.311213	0.311324	0.310483	0.309319	0.308149	0.307092	0.306174	0.305376	0.304668	0.304018	0.303399	0.302789	0.302170	0.301531	0.300863	0.300161	0.299422	0.000000	0.642552	
1396	0.296281	0.301953	0.290354	0.294757	0.304456	0.308221	0.309253	0.308985	0.308199	0.307285	0.306407	0.305617	0.304914	0.304279	0.303688	0.303116	0.302545	0.301961	0.301353	0.300712	0.300035	0.299319	0.000000	0.544214	
1397	0.301953	0.303647	0.298990	0.298567	0.302493	0.306465	0.307918	0.307993	0.307458	0.306722	0.305971	0.305273	0.304638	0.304055	0.303505	0.302967	0.302425	0.301866	0.301279	0.300659	0.300001	0.299303	0.000000	0.554688	
1398	0.300260	0.302377	0.298228	0.303647	0.302878	0.305953	0.307384	0.307579	0.307165	0.306524	0.305842	0.305194	0.304595	0.304039	0.303510	0.302989	0.302462	0.301916	0.301342	0.300733	0.300086	0.299398	0.000000	0.621273	
1399	0.301615	0.304324	0.294503	0.301530	0.302428	0.305149	0.306652	0.307003	0.306732	0.306202	0.305603	0.305015	0.304462	0.303941	0.303439	0.302941	0.302434	0.301905	0.301347	0.300753	0.300119	0.299445	0.000000	0.598162	
1400	0.298567	0.299837	0.290608	0.297297	0.300718	0.303721	0.305483	0.306079	0.306006	0.305627	0.305141	0.304638	0.304150	0.303680	0.303220	0.302756	0.302278	0.301775	0.301240	0.300667	0.300054	0.299398	0.000000	0.674744	
1401	0.300175	0.301615	0.293571	0.296873	0.299436	0.302476	0.304406	0.305202	0.305303	0.305062	0.304682	0.304260	0.303834	0.303413	0.302993	0.302563	0.302114	0.301637	0.301125	0.300574	0.299980	0.299342	0.000000	0.585096	
1402	0.298567	0.305340	0.296450	0.296027	0.298300	0.301303	0.303359	0.304328	0.304590	0.304480	0.304201	0.303858	0.303495	0.303124	0.302744	0.302349	0.301930	0.301479	0.300991	0.300461	0.299888	0.299269	0.000000	0.565809	
1403	0.304493	0.307880	0.301191	0.303477	0.300026	0.301699	0.303374	0.304247	0.304504	0.304415	0.304161	0.303839	0.303494	0.303138	0.302770	0.302386	0.301977	0.301535	0.301056	0.300536	0.299971	0.299362	0.000000	0.706975	
1404	0.304070	0.305255	0.300260	0.305933	0.301995	0.302469	0.303694	0.304408	0.304614	0.304513	0.304259	0.303942	0.303600	0.303247	0.302883	0.302502	0.302097	0.301659	0.301185	0.300669	0.300110	0.299506	0.000000	0.584805	
1405	0.299413	0.299837	0.290523	0.301191	0.301727	0.302236	0.303381	0.304101	0.304351	0.304299	0.304089	0.303807	0.303495	0.303167	0.302823	0.302459	0.302069	0.301646	0.301185	0.300682	0.300135	0.299543	0.000000	0.606256	
1406	0.288407	0.289762	0.279517	0.290608	0.298021	0.300122	0.301784	0.302816	0.303294	0.303415	0.303340	0.303164	0.302935	0.302674	0.302387	0.302071	0.301722	0.301335	0.300906	0.300433	0.299914	0.299347	1.000000	0.614288	
1407	0.276808	0.276808	0.264785	0.268680	0.288240	0.294405	0.297646	0.299565	0.300631	0.301174	0.301414	0.301481	0.301445	0.301341	0.301183	0.300976	0.300721	0.300415	0.300058	0.299649	0.299187	0.298673	1.000000	0.542722	
1408	0.269780	0.272151	0.261737	0.268934	0.281805	0.289774	0.294057	0.296648	0.298193	0.299094	0.299610	0.299894	0.300032	0.300070	0.300031	0.299925	0.299757	0.299528	0.299239	0.298891	0.298484	0.298019	1.000000	0.480823	
1409	0.277739	0.280702	0.265716	0.276638	0.280083	0.287386	0.291880	0.294742	0.296535	0.297645	0.298334	0.298759	0.299015	0.299151	0.299196	0.299162	0.299057	0.298884	0.298645	0.298341	0.297976	0.297549	1.000000	0.606589	
1410	0.276554	0.279178	0.266648	0.268087	0.276084	0.283877	0.288906	0.292204	0.294346	0.295738	0.296653	0.297263	0.297670	0.297933	0.298085	0.298143	0.298118	0.298016	0.297840	0.297594	0.297280	0.296902	1.000000	0.612687	
1411	0.269780	0.271474	0.259620	0.265124	0.272431	0.280467	0.285933	0.289624	0.292099	0.293763	0.294902	0.295695	0.296255	0.296646	0.296907	0.297060	0.297118	0.297090	0.296979	0.296793	0.296533	0.296203	1.000000	0.593767	
1412	0.267664	0.276300	0.265547	0.275876	0.273579	0.279632	0.284676	0.288315	0.290851	0.292609	0.293845	0.294729	0.295369	0.295832	0.296156	0.296366	0.296475	0.296492	0.296424	0.296276	0.296052	0.295757	1.000000	0.516111	
1413	0.275284	0.277739	0.267071	0.268172	0.271777	0.277549	0.282613	0.286397	0.289106	0.291033	0.292418	0.293433	0.294186	0.294747	0.295157	0.295441	0.295617	0.295694	0.295681	0.295582	0.295404	0.295150	1.000000	0.647218	
1414	0.268934	0.271558	0.255810	0.259366	0.267640	0.274243	0.279707	0.283822	0.286818	0.288990	0.290582	0.291771	0.292673	0.293360	0.293879	0.294259	0.294519	0.294671	0.294725	0.294688	0.294566	0.294364	1.000000	0.528216	
1415	0.268934	0.271558	0.255810	0.259366	0.264882	0.271538	0.277164	0.281493	0.284707	0.287078	0.288848	0.290191	0.291224	0.292027	0.292646	0.293115	0.293453	0.293676	0.293794	0.293816	0.293747	0.293595	1.000000	0.556778	
1416	0.260552	0.263684	0.255387	0.258350	0.262705	0.269140	0.274813	0.279289	0.282679	0.285225	0.287154	0.288637	0.289795	0.290706	0.291421	0.291975	0.292390	0.292681	0.292862	0.292940	0.292924	0.292820	1.000000	0.448121	
1417	0.254540	0.257842	0.246497	0.256234	0.260548	0.266794	0.272490	0.277093	0.280645	0.283355	0.285436	0.287057	0.288336	0.289354	0.290165	0.290803	0.291294	0.291655	0.291898	0.292034	0.292071	0.292016	1.000000	0.542343	
1418	0.254540	0.257842	0.246497	0.257758	0.259618	0.265151	0.270649	0.275252	0.278884	0.281703	0.283898	0.285627	0.287006	0.288115	0.289007	0.289720	0.290278	0.290700	0.290999	0.291187	0.291273	0.291263	1.000000	0.652163	
1419	0.257504	0.265124	0.257080	0.263430	0.260889	0.264838	0.269746	0.274126	0.277696	0.280524	0.282761	0.284545	0.285981	0.287147	0.288094	0.288858	0.289464	0.289932	0.290274	0.290502	0.290625	0.290651	1.000000	0.543957	
1420	0.263854	0.272320	0.260890	0.270627	0.264135	0.265890	0.269856	0.273793	0.277152	0.279886	0.282087	0.283866	0.285314	0.286499	0.287470	0.288260	0.288893	0.289388	0.289757	0.290011	0.290160	0.290211	1.000000	0.489172	
1421	0.270119	0.278924	0.270119	0.275368	0.267879	0.267614	0.270545	0.273943	0.277015	0.279594	0.281714	0.283451	0.284881	0.286063	0.287038	0.287837	0.288483	0.288993	0.289378	0.289650	0.289816	0.289885	1.000000	0.485703	
1422	0.279094	0.282057	0.274606	0.274945	0.270234	0.268947	0.271095	0.274038	0.276855	0.279294	0.281338	0.283036	0.284449	0.285627	0.286606	0.287414	0.288073	0.288597	0.288998	0.289287	0.289470	0.289557	1.000000	0.601179	
1423	0.271897	0.272744	0.260128	0.261314	0.267261	0.267559	0.269873	0.272826	0.275660	0.278134	0.280225	0.281977	0.283443	0.284673	0.285702	0.286559	0.287262	0.287829	0.288270	0.288596	0.288816	0.288936	1.000000	0.662431	
1424	0.262499	0.271643	0.256403	0.271474	0.268665	0.268271	0.270073	0.272698	0.275338	0.277705	0.279739	0.281464	0.282923	0.284156	0.285194	0.286064	0.286784	0.287368	0.287828	0.288173	0.288412	0.288552	1.000000	0.564569	
1425	0.276554	0.278755	0.268510	0.271304	0.269545	0.268822	0.270227	0.272565	0.275028	0.277292	0.279270	0.280969	0.282418	0.283652	0.284698	0.285580	0.286315	0.286915	0.287393	0.287757	0.288014	0.288173	1.000000	0.579114	
1426	0.268426	0.274014	0.266563	0.272574	0.270555	0.269504	0.270520	0.272566	0.274839	0.276987	0.278898	0.280559	0.281990	0.283217	0.284265	0.285154	0.285898	0.286511	0.287003	0.287382	0.287655	0.287830	1.000000	0.469183	
1427	0.270627	0.282904	0.269696	0.278162	0.273090	0.271078	0.271475	0.273099	0.275095	0.277063	0.278858	0.280442	0.281823	0.283019	0.284047	0.284925	0.285664	0.286276	0.286770	0.287154	0.287435	0.287618	1.000000	0.535092	
1428	0.276977	0.280533	0.275029	0.279178	0.275120	0.272551	0.272438	0.273678	0.275409	0.277200	0.278875	0.280381	0.281708	0.282868	0.283873	0.284736	0.285467	0.286076	0.286571	0.286957	0.287243	0.287432	1.000000	0.582935	
1429	0.277824	0.279517	0.274945	0.276384	0.275541	0.273248	0.272931	0.273935	0.275484	0.277147	0.278737	0.280186	0.281477	0.282614	0.283606	0.284462	0.285192	0.285803	0.286303	0.286696	0.286990	0.287190	1.000000	0.605911	
1430	0.283327	0.285952	0.280956	0.284597	0.278560	0.275311	0.274390	0.274951	0.276185	0.277628	0.279062	0.280401	0.281613	0.282692	0.283641	0.284467	0.285174	0.285769	0.286258	0.286644	0.286934	0.287133	1.000000	0.640408	
1431	0.284512	0.289592	0.280956	0.287560	0.281560	0.277539	0.276036	0.276152	0.277060	0.278268	0.279535	0.280750	0.281871	0.282883	0.283781	0.284568	0.285246	0.285820	0.286292	0.286667	0.286949	0.287142	1.000000	0.595857	
1432	0.287137	0.288238	0.281634	0.282396	0.281838	0.278422	0.276831	0.276746	0.277470	0.278535	0.279694	0.280830	0.281894	0.282864	0.283732	0.284497	0.285160	0.285723	0.286189	0.286561	0.286843	0.287038	1.000000	0.489129	
1433	0.285443	0.287137	0.277993	0.279602	0.281093	0.278636	0.277177	0.277018	0.277634	0.278604	0.279688	0.280770	0.281794	0.282736	0.283584	0.284336	0.284992	0.285551	0.286016	0.286390	0.286675	0.286874	1.000000	0.624680	
1434	0.281633	0.286036	0.275453	0.285443	0.282543	0.279874	0.278211	0.277821	0.278235	0.279045	0.280008	0.280998	0.281953	0.282842	0.283651	0.284373	0.285005	0.285548	0.286001	0.286366	0.286646	0.286843	1.000000	0.654385	
1435	0.285867	0.286883	0.277400	0.280956	0.282014	0.280071	0.278554	0.278119	0.278444	0.279168	0.280061	0.280996	0.281910	0.282768	0.283554	0.284261	0.284883	0.285418	0.285868	0.286233	0.286514	0.286713	1.000000	0.621702	
1436	0.277823	0.280617	0.273167	0.280533	0.281520	0.280155	0.278801	0.278349	0.278605	0.279256	0.280087	0.280974	0.281850	0.282680	0.283446	0.284138	0.284751	0.285281	0.285728	0.286092	0.286375	0.286578	1.000000	0.575125	
1437	0.278501	0.287475	0.276977	0.286629	0.283223	0.281332	0.279780	0.279138	0.279222	0.279732	0.280450	0.281250	0.282058	0.282835	0.283560	0.284220	0.284808	0.285319	0.285752	0.286105	0.286380	0.286579	1.000000	0.690119	
1438	0.286967	0.299075	0.285867	0.297805	0.288084	0.284327	0.282033	0.280916	0.280652	0.280898	0.281415	0.282057	0.282742	0.283422	0.284069	0.284666	0.285202	0.285671	0.286069	0.286394	0.286646	0.286825	1.000000	0.595036	
1439	0.299413	0.302800	0.294503	0.298567	0.291578	0.286916	0.284099	0.282597	0.282030	0.282038	0.282367	0.282862	0.283430	0.284016	0.284587	0.285121	0.285607	0.286034	0.286398	0.286695	0.286923	0.287083	1.000000	0.603084	
1440	0.297297	0.302377	0.296027	0.297297	0.293484	0.288803	0.285749	0.283997	0.283204	0.283022	0.283197	0.283567	0.284033	0.284537	0.285041	0.285520	0.285961	0.286351	0.286684	0.286956	0.287165	0.287308	1.000000	0.616919	
1441	0.295603	0.296535	0.291116	0.292640	0.293203	0.289501	0.286610	0.284820	0.283930	0.283643	0.283721	0.284009	0.284407	0.284855	0.285312	0.285754	0.286163	0.286528	0.286841	0.287097	0.287292	0.287425	1.000000	0.613096	
1442	0.294249	0.298143	0.289761	0.296958	0.294455	0.290857	0.287904	0.285976	0.284932	0.284502	0.284457	0.284641	0.284953	0.285329	0.285728	0.286121	0.286490	0.286822	0.287107	0.287340	0.287517	0.287635	1.000000	0.722063	
1443	0.290947	0.295180	0.288407	0.291370	0.293426	0.290950	0.288337	0.286490	0.285427	0.284945	0.284841	0.284969	0.285232	0.285566	0.285929	0.286293	0.286638	0.286950	0.287220	0.287440	0.287606	0.287717	1.000000	0.603951	
1444	0.291793	0.297720	0.291201	0.297720	0.294858	0.292181	0.289510	0.287559	0.286373	0.285769	0.285556	0.285591	0.285775	0.286043	0.286351	0.286668	0.286974	0.287254	0.287496	0.287694	0.287842	0.287937	1.000000	0.522025	
1445	0.298990	0.305340	0.297720	0.305340	0.298352	0.294574	0.291489	0.289253	0.287832	0.287032	0.286656	0.286554	0.286626	0.286800	0.287029	0.287280	0.287531	0.287763	0.287965	0.288129	0.288249	0.288319	1.000000	0.581056	
1446	0.303647	0.308134	0.301107	0.301953	0.299552	0.295915	0.292797	0.290462	0.288918	0.287994	0.287505	0.287306	0.287292	0.287394	0.287562	0.287761	0.287968	0.288163	0.288334	0.288471	0.288567	0.288619	1.000000	0.642793	
1447	0.299837	0.310081	0.297805	0.309997	0.303034	0.298476	0.294947	0.292323	0.290540	0.289414	0.288755	0.288413	0.288279	0.288280	0.288363	0.288490	0.288635	0.288778	0.288904	0.289002	0.289066	0.289089	1.000000	0.716424	
1448	0.313129	0.317193	0.307880	0.311351	0.305806	0.300817	0.296997	0.294135	0.292140	0.290829	0.290010	0.289531	0.289282	0.289185	0.289184	0.289240	0.289324	0.289414	0.289494	0.289554	0.289584	0.289578	1.000000	0.629873	
1449	0.311267	0.316770	0.306610	0.313383	0.308332	0.303101	0.299046	0.295968	0.293775	0.292284	0.291309	0.290695	0.290330	0.290134	0.290048	0.290031	0.290053	0.290089	0.290123	0.290142	0.290137	0.290101	1.000000	0.673622	
1450	0.306102	0.310166	0.304070	0.305340	0.307335	0.303508	0.299832	0.296861	0.294664	0.293127	0.292088	0.291409	0.290983	0.290730	0.290594	0.290533	0.290516	0.290518	0.290523	0.290518	0.290491	0.290436	1.000000	0.626501	
1451	0.306695	0.312537	0.303901	0.309150	0.307940	0.304534	0.300997	0.298031	0.295778	0.294160	0.293036	0.292275	0.291773	0.291453	0.291257	0.291144	0.291081	0.291043	0.291014	0.290978	0.290925	0.290847	1.000000	0.590017	
1452	0.311944	0.313637	0.301784	0.303393	0.306424	0.304327	0.301297	0.298542	0.296364	0.294756	0.293612	0.292817	0.292278	0.291921	0.291691	0.291545	0.291454	0.291391	0.291339	0.291284	0.291215	0.291123	1.000000	0.538985	
1453	0.297381	0.300260	0.294757	0.300260	0.304369	0.303587	0.301167	0.298705	0.296664	0.295111	0.293981	0.293180	0.292625	0.292248	0.291997	0.291831	0.291720	0.291641	0.291574	0.291506	0.291425	0.291324	1.000000	0.540727	
1454	0.301107	0.308134	0.299244	0.308134	0.305624	0.304414	0.302038	0.299603	0.297546	0.295951	0.294767	0.293910	0.293299	0.292871	0.292573	0.292366	0.292218	0.292106	0.292010	0.291916	0.291814	0.291693	1.000000	0.585378	
1455	0.309997	0.312113	0.301615	0.308642	0.306630	0.305183	0.302863	0.300464	0.298400	0.296770	0.295538	0.294628	0.293966	0.293489	0.293147	0.292899	0.292716	0.292571	0.292448	0.292329	0.292205	0.292066	1.000000	0.579738	
1456	0.307541	0.311097	0.305509	0.306187	0.306482	0.305365	0.303279	0.301009	0.298999	0.297378	0.296130	0.295192	0.294498	0.293987	0.293613	0.293335	0.293124	0.292955	0.292809	0.292672	0.292530	0.292376	1.000000	0.400762	
1457	0.303647	0.309912	0.303223	0.307033	0.306666	0.305669	0.303748	0.301583	0.299617	0.298001	0.296735	0.295770	0.295043	0.294499	0.294092	0.293784	0.293545	0.293352	0.293184	0.293026	0.292867	0.292698	1.000000	0.481908	
1458	0.305425	0.309573	0.301107	0.303901	0.305744	0.305347	0.303767	0.301804	0.299946	0.298381	0.297133	0.296166	0.295428	0.294868	0.294442	0.294116	0.293859	0.293649	0.293466	0.293295	0.293124	0.292944	1.000000	0.604920	
1459	0.304493	0.307711	0.300260	0.306864	0.306118	0.305623	0.304154	0.302286	0.300478	0.298928	0.297674	0.296688	0.295925	0.295338	0.294886	0.294534	0.294253	0.294021	0.293818	0.293630	0.293444	0.293250	1.000000	0.568625	
1460	0.307880	0.318463	0.307880	0.317278	0.309838	0.307742	0.305795	0.303713	0.301771	0.300112	0.298763	0.297693	0.296853	0.296198	0.295686	0.295279	0.294951	0.294676	0.294436	0.294214	0.293998	0.293778	1.000000	0.583965	
1461	0.317786	0.322697	0.316685	0.319818	0.313164	0.309938	0.307548	0.305247	0.303159	0.301384	0.299933	0.298772	0.297852	0.297125	0.296547	0.296084	0.295704	0.295384	0.295103	0.294846	0.294598	0.294351	1.000000	0.466891	
1462	0.318209	0.319310	0.312960	0.317193	0.314507	0.311257	0.308753	0.306385	0.304239	0.302404	0.300892	0.299670	0.298693	0.297912	0.297285	0.296776	0.296356	0.295999	0.295685	0.295398	0.295124	0.294853	1.000000	0.614085	
1463	0.313299	0.323289	0.312960	0.322781	0.317265	0.313352	0.310507	0.307946	0.305665	0.303718	0.302108	0.300798	0.299740	0.298887	0.298195	0.297629	0.297156	0.296753	0.296398	0.296074	0.295767	0.295467	1.000000	0.500319	
1464	0.323967	0.329893	0.323967	0.325660	0.320064	0.315590	0.312401	0.309633	0.307203	0.305134	0.303416	0.302011	0.300867	0.299937	0.299176	0.298548	0.298020	0.297567	0.297168	0.296804	0.296462	0.296130	1.000000	0.607206	
1465	0.323967	0.330655	0.322781	0.323543	0.321223	0.317036	0.313794	0.310958	0.308460	0.306322	0.304534	0.303061	0.301853	0.300863	0.300046	0.299367	0.298794	0.298299	0.297862	0.297464	0.297092	0.296733	1.000000	0.610948	
1466	0.328962	0.330317	0.323120	0.327353	0.323267	0.318912	0.315489	0.312520	0.309913	0.307678	0.305802	0.304246	0.302962	0.301901	0.301022	0.300285	0.299659	0.299117	0.298638	0.298202	0.297796	0.297406	1.000000	0.609857	
1467	0.327353	0.333195	0.326168	0.331587	0.326040	0.321216	0.317501	0.314336	0.311580	0.309221	0.307235	0.305580	0.304206	0.303066	0.302113	0.301311	0.300627	0.300032	0.299505	0.299027	0.298582	0.298157	0.000000	0.591082	
1468	0.332433	0.333703	0.329470	0.330655	0.327578	0.322933	0.319145	0.315890	0.313048	0.310604	0.308536	0.306803	0.305356	0.304148	0.303133	0.302273	0.301536	0.300895	0.300325	0.299808	0.299327	0.298871	0.000000	0.575468	
1469	0.329893	0.332687	0.327353	0.329047	0.328068	0.324044	0.320383	0.317143	0.314278	0.311794	0.309675	0.307888	0.306386	0.305124	0.304058	0.303151	0.302370	0.301688	0.301081	0.300530	0.300019	0.299534	0.000000	0.669642	
1470	0.330571	0.330740	0.324475	0.329047	0.328394	0.324954	0.321466	0.318277	0.315414	0.312907	0.310751	0.308920	0.307371	0.306062	0.304951	0.304000	0.303179	0.302458	0.301817	0.301234	0.300694	0.300183	0.000000	0.631636	
1471	0.331163	0.333280	0.329978	0.331756	0.329515	0.326190	0.322752	0.319560	0.316671	0.314123	0.311918	0.310034	0.308432	0.307070	0.305908	0.304910	0.304044	0.303284	0.302605	0.301987	0.301416	0.300877	0.000000	0.639167	
1472	0.332772	0.335904	0.329893	0.331671	0.330234	0.327187	0.323867	0.320714	0.317825	0.315255	0.313016	0.311089	0.309442	0.308034	0.306828	0.305788	0.304882	0.304083	0.303369	0.302720	0.302120	0.301554	0.000000	0.551244	
1473	0.335058	0.341323	0.332010	0.333280	0.331249	0.328295	0.325044	0.321910	0.319014	0.316418	0.314142	0.312172	0.310479	0.309024	0.307773	0.306689	0.305742	0.304906	0.304157	0.303475	0.302844	0.302251	0.000000	0.574177	
1474	0.332010	0.336243	0.327861	0.336243	0.332914	0.329740	0.326444	0.323276	0.320339	0.317697	0.315369	0.313346	0.311599	0.310092	0.308790	0.307658	0.306666	0.305789	0.305001	0.304284	0.303621	0.302998	0.000000	0.586501	
1475	0.332010	0.338699	0.327861	0.338699	0.334842	0.331369	0.327975	0.324744	0.321752	0.319052	0.316665	0.314583	0.312777	0.311214	0.309858	0.308676	0.307637	0.306716	0.305888	0.305134	0.304437	0.303783	0.000000	0.629093	
1476	0.339715	0.343863	0.336836	0.341323	0.337002	0.333179	0.329644	0.326323	0.323257	0.320489	0.318035	0.315887	0.314018	0.312394	0.310982	0.309746	0.308658	0.307690	0.306820	0.306027	0.305295	0.304608	0.000000	0.682241	
1477	0.342424	0.343016	0.338529	0.339799	0.337935	0.334382	0.330913	0.327607	0.324530	0.321735	0.319244	0.317054	0.315139	0.313469	0.312011	0.310731	0.309602	0.308595	0.307688	0.306861	0.306097	0.305381	0.000000	0.596074	
1478	0.340985	0.343355	0.340223	0.343270	0.339713	0.335998	0.332458	0.329099	0.325971	0.323124	0.320579	0.318333	0.316362	0.314638	0.313127	0.311798	0.310622	0.309572	0.308624	0.307760	0.306962	0.306214	0.000000	0.700563	
1479	0.343863	0.354023	0.342593	0.352753	0.344060	0.339045	0.334995	0.331351	0.328031	0.325036	0.322367	0.320012	0.317944	0.316133	0.314542	0.313141	0.311899	0.310788	0.309786	0.308871	0.308026	0.307237	0.000000	0.546728	
1480	0.350213	0.354954	0.348943	0.353600	0.347240	0.341691	0.337320	0.333470	0.329998	0.326878	0.324102	0.321650	0.319495	0.317602	0.315937	0.314468	0.313162	0.311994	0.310939	0.309976	0.309086	0.308256	0.000000	0.621698	
1481	0.363084	0.366965	0.361015	0.365844	0.353441	0.346082	0.340886	0.336553	0.332756	0.329392	0.326421	0.323806	0.321510	0.319494	0.317720	0.316152	0.314759	0.313511	0.312384	0.311355	0.310406	0.309521	0.000000	0.590806	
1482	0.364464	0.366533	0.345926	0.352651	0.353178	0.347277	0.342357	0.338087	0.334286	0.330893	0.327878	0.325213	0.322864	0.320794	0.318967	0.317349	0.315907	0.314613	0.313443	0.312375	0.311389	0.310469	0.000000	0.626893	
1483	0.350151	0.352306	0.340666	0.343253	0.349870	0.346545	0.342469	0.338579	0.334976	0.331690	0.328732	0.326093	0.323750	0.321675	0.319835	0.318198	0.316736	0.315420	0.314228	0.313137	0.312130	0.311190	0.000000	0.621683	
1484	0.338942	0.345753	0.320834	0.330750	0.343496	0.343673	0.341004	0.337833	0.334651	0.331630	0.328844	0.326320	0.324055	0.322031	0.320224	0.318610	0.317160	0.315852	0.314663	0.313572	0.312563	0.311620	0.000000	0.554372	
1485	0.332906	0.338424	0.326870	0.335406	0.340800	0.342170	0.340304	0.337602	0.334709	0.331873	0.329209	0.326763	0.324548	0.322555	0.320767	0.319160	0.317713	0.316403	0.315208	0.314111	0.313094	0.312142	0.000000	0.578444	
1486	0.328336	0.331958	0.316610	0.323076	0.334892	0.338699	0.338151	0.336219	0.333814	0.331306	0.328868	0.326584	0.324484	0.322576	0.320849	0.319289	0.317876	0.316591	0.315416	0.314332	0.313326	0.312383	0.000000	0.562328	
1487	0.317817	0.322214	0.313937	0.322128	0.330637	0.335686	0.336148	0.334877	0.332915	0.330714	0.328494	0.326366	0.324382	0.322558	0.320895	0.319382	0.318005	0.316747	0.315592	0.314525	0.313531	0.312597	0.000000	0.563495	
1488	0.319110	0.332302	0.317903	0.321524	0.327600	0.333111	0.334320	0.333605	0.332039	0.330121	0.328107	0.326130	0.324257	0.322518	0.320917	0.319452	0.318111	0.316881	0.315748	0.314698	0.313717	0.312793	0.000000	0.660380	
1489	0.322559	0.325232	0.318248	0.321783	0.325661	0.331051	0.332753	0.332479	0.331250	0.329583	0.327755	0.325918	0.324150	0.322489	0.320948	0.319528	0.318222	0.317019	0.315907	0.314873	0.313904	0.312991	0.000000	0.591068	
1490	0.325059	0.327301	0.319024	0.319024	0.323448	0.328865	0.331037	0.331198	0.330309	0.328902	0.327270	0.325582	0.323927	0.322353	0.320879	0.319512	0.318247	0.317076	0.315989	0.314975	0.314023	0.313123	0.000000	0.516633	
1491	0.315920	0.317041	0.311350	0.313850	0.320249	0.326135	0.328888	0.329545	0.329043	0.327931	0.326525	0.325009	0.323489	0.322019	0.320628	0.319326	0.318114	0.316985	0.315933	0.314947	0.314019	0.313139	1.000000	0.628340	
1492	0.313505	0.315661	0.307901	0.311867	0.317455	0.323541	0.326761	0.327862	0.327722	0.326894	0.325710	0.324368	0.322984	0.321621	0.320315	0.319082	0.317924	0.316841	0.315826	0.314871	0.313969	0.313111	1.000000	0.558048	
1493	0.315489	0.317817	0.304452	0.305745	0.313552	0.320305	0.324134	0.325755	0.326032	0.325530	0.324601	0.323460	0.322234	0.320999	0.319795	0.318644	0.317555	0.316528	0.315561	0.314646	0.313778	0.312949	1.000000	0.461268	
1494	0.309022	0.322990	0.307470	0.322904	0.316669	0.320778	0.323980	0.325484	0.325791	0.325360	0.324507	0.323433	0.322263	0.321073	0.319906	0.318784	0.317717	0.316708	0.315754	0.314850	0.313990	0.313168	1.000000	0.555061	
1495	0.324283	0.326784	0.318506	0.322386	0.318575	0.321070	0.323781	0.325189	0.325529	0.325168	0.324389	0.323382	0.322269	0.321125	0.319995	0.318902	0.317859	0.316868	0.315928	0.315036	0.314186	0.313371	0.000000	0.562036	
1496	0.322559	0.335493	0.321007	0.334630	0.323927	0.323536	0.325137	0.326088	0.326229	0.325779	0.324958	0.323930	0.322806	0.321655	0.320517	0.319418	0.318367	0.317368	0.316420	0.315520	0.314661	0.313838	0.000000	0.516448	
1497	0.336355	0.339028	0.329026	0.338079	0.328644	0.326180	0.326755	0.327230	0.327141	0.326573	0.325687	0.324621	0.323470	0.322299	0.321145	0.320030	0.318964	0.317952	0.316990	0.316077	0.315206	0.314371	0.000000	0.525542	
1498	0.330405	0.333854	0.328940	0.332906	0.330065	0.327403	0.327524	0.327771	0.327584	0.326981	0.326088	0.325025	0.323880	0.322715	0.321565	0.320452	0.319387	0.318373	0.317409	0.316492	0.315617	0.314778	0.000000	0.467086	
1499	0.329974	0.332906	0.322300	0.329457	0.329862	0.327776	0.327765	0.327931	0.327728	0.327141	0.326275	0.325241	0.324123	0.322979	0.321847	0.320747	0.319692	0.318685	0.317726	0.316813	0.315939	0.315101	0.000000	0.551085	
1500	0.332906	0.332906	0.322300	0.322645	0.327457	0.326843	0.327125	0.327428	0.327337	0.326851	0.326074	0.325114	0.324059	0.322966	0.321875	0.320809	0.319781	0.318797	0.317856	0.316957	0.316095	0.315267	0.000000	0.524928	
1501	0.331699	0.336096	0.326180	0.336096	0.330336	0.328526	0.328247	0.328253	0.328011	0.327447	0.326630	0.325650	0.324582	0.323481	0.322383	0.321311	0.320276	0.319284	0.318336	0.317429	0.316560	0.315724	0.000000	0.667379	
1502	0.338855	0.339459	0.333510	0.334975	0.331883	0.329698	0.329088	0.328894	0.328547	0.327933	0.327094	0.326105	0.325034	0.323932	0.322833	0.321759	0.320721	0.319726	0.318774	0.317862	0.316988	0.316148	0.000000	0.579715	
1503	0.335406	0.341097	0.332475	0.339200	0.334322	0.331426	0.330352	0.329875	0.329366	0.328660	0.327767	0.326744	0.325650	0.324530	0.323417	0.322330	0.321281	0.320275	0.319311	0.318389	0.317505	0.316654	0.000000	0.581350	
1504	0.338855	0.342391	0.336096	0.336958	0.335201	0.332432	0.331178	0.330550	0.329950	0.329195	0.328277	0.327242	0.326141	0.325018	0.323901	0.322810	0.321756	0.320745	0.319776	0.318848	0.317957	0.317100	0.000000	0.600051	
1505	0.340407	0.340494	0.328164	0.330837	0.333746	0.332142	0.331135	0.330577	0.330018	0.329301	0.328419	0.327417	0.326346	0.325246	0.324149	0.323073	0.322031	0.321029	0.320067	0.319144	0.318257	0.317402	0.000000	0.583453	
1506	0.331613	0.331613	0.317041	0.319196	0.328896	0.329788	0.329643	0.329493	0.329186	0.328649	0.327907	0.327016	0.326035	0.325009	0.323972	0.322946	0.321946	0.320977	0.320044	0.319145	0.318279	0.317442	0.000000	0.512468	
1507	0.318593	0.326008	0.314454	0.325146	0.327646	0.328944	0.329081	0.329079	0.328875	0.328423	0.327754	0.326925	0.325996	0.325014	0.324014	0.323018	0.322043	0.321095	0.320178	0.319293	0.318438	0.317611	0.000000	0.552193	
1508	0.325146	0.327732	0.317213	0.318248	0.324513	0.326999	0.327726	0.328048	0.328058	0.327767	0.327225	0.326502	0.325659	0.324749	0.323808	0.322862	0.321928	0.321014	0.320127	0.319267	0.318434	0.317625	0.000000	0.510623	
1509	0.319972	0.319972	0.311953	0.313505	0.320844	0.324546	0.325949	0.326663	0.326938	0.326847	0.326463	0.325868	0.325131	0.324308	0.323440	0.322555	0.321672	0.320803	0.319953	0.319125	0.318319	0.317535	0.000000	0.580297	
1510	0.313074	0.320490	0.311436	0.320490	0.320726	0.323808	0.325266	0.326075	0.326442	0.326437	0.326131	0.325605	0.324929	0.324158	0.323334	0.322487	0.321636	0.320794	0.319967	0.319159	0.318370	0.317599	0.000000	0.569764	
1511	0.313074	0.321869	0.311436	0.321352	0.320935	0.323362	0.324777	0.325625	0.326051	0.326108	0.325866	0.325398	0.324773	0.324048	0.323264	0.322450	0.321628	0.320810	0.320004	0.319213	0.318439	0.317682	0.000000	0.556907	
1512	0.317472	0.322387	0.312643	0.313937	0.318602	0.321648	0.323422	0.324512	0.325119	0.325323	0.325203	0.324839	0.324302	0.323651	0.322930	0.322171	0.321395	0.320616	0.319844	0.319083	0.318335	0.317600	0.000000	0.551729	
1513	0.313419	0.315575	0.309712	0.314195	0.317133	0.320293	0.322269	0.323529	0.324279	0.324605	0.324592	0.324320	0.323863	0.323281	0.322619	0.321909	0.321177	0.320435	0.319695	0.318962	0.318238	0.317525	1.000000	0.541698	
1514	0.311264	0.313937	0.307901	0.313937	0.316067	0.319137	0.321227	0.322616	0.323483	0.323917	0.324000	0.323813	0.323431	0.322914	0.322308	0.321648	0.320957	0.320252	0.319544	0.318838	0.318138	0.317446	1.000000	0.542926	
1515	0.317386	0.321697	0.315230	0.320748	0.317628	0.319430	0.321167	0.322438	0.323273	0.323713	0.323819	0.323664	0.323315	0.322829	0.322253	0.321619	0.320951	0.320266	0.319575	0.318885	0.318199	0.317519	0.000000	0.557748	
1516	0.322559	0.327560	0.322473	0.323680	0.319645	0.320203	0.321481	0.322556	0.323304	0.323710	0.323811	0.323664	0.323331	0.322863	0.322304	0.321686	0.321034	0.320362	0.319683	0.319003	0.318326	0.317654	0.000000	0.584927	
1517	0.327819	0.328508	0.323852	0.325232	0.321507	0.321117	0.321950	0.322811	0.323452	0.323809	0.323890	0.323741	0.323413	0.322956	0.322408	0.321802	0.321161	0.320500	0.319829	0.319157	0.318487	0.317820	0.000000	0.498258	
1518	0.327819	0.328508	0.323852	0.325232	0.322749	0.321865	0.322360	0.323041	0.323589	0.323900	0.323965	0.323814	0.323492	0.323045	0.322509	0.321915	0.321284	0.320633	0.319972	0.319307	0.318644	0.317983	0.000000	0.598636	
1519	0.303590	0.307039	0.298589	0.301693	0.315730	0.318198	0.319777	0.321008	0.321905	0.322468	0.322727	0.322735	0.322544	0.322207	0.321766	0.321252	0.320690	0.320099	0.319491	0.318872	0.318250	0.317625	1.000000	0.479109	
1520	0.295398	0.299710	0.284620	0.297381	0.309614	0.314413	0.316977	0.318758	0.320018	0.320849	0.321319	0.321498	0.321450	0.321234	0.320895	0.320469	0.319984	0.319459	0.318909	0.318342	0.317764	0.317180	1.000000	0.583983	
1521	0.293932	0.296692	0.285655	0.286776	0.302001	0.309388	0.313202	0.315712	0.317461	0.318651	0.319400	0.319804	0.319943	0.319883	0.319676	0.319365	0.318978	0.318539	0.318063	0.317562	0.317044	0.316512	1.000000	0.544327	
1522	0.277377	0.282465	0.274360	0.278326	0.294109	0.303740	0.308843	0.312152	0.314451	0.316049	0.317118	0.317781	0.318133	0.318253	0.318199	0.318019	0.317746	0.317406	0.317017	0.316593	0.316143	0.315673	1.000000	0.601772	
1523	0.289535	0.293588	0.286345	0.292898	0.293706	0.301769	0.306850	0.310318	0.312793	0.314556	0.315773	0.316567	0.317036	0.317259	0.317296	0.317195	0.316993	0.316716	0.316383	0.316008	0.315603	0.315172	1.000000	0.550958	
1524	0.293156	0.297554	0.287207	0.287638	0.291683	0.299200	0.304448	0.308158	0.310858	0.312819	0.314210	0.315156	0.315758	0.316097	0.316237	0.316226	0.316103	0.315897	0.315626	0.315308	0.314952	0.314567	1.000000	0.579974	
1525	0.294536	0.298416	0.293243	0.297123	0.293496	0.298822	0.303532	0.307107	0.309801	0.311806	0.313260	0.314276	0.314948	0.315353	0.315554	0.315600	0.315528	0.315368	0.315139	0.314859	0.314538	0.314184	1.000000	0.563996	
1526	0.294536	0.298416	0.293243	0.297209	0.294734	0.298529	0.302742	0.306164	0.308833	0.310865	0.312369	0.313444	0.314177	0.314641	0.314899	0.314997	0.314973	0.314856	0.314667	0.314423	0.314135	0.313811	1.000000	0.482453	
1527	0.294536	0.297554	0.292639	0.293243	0.294237	0.297568	0.301555	0.304934	0.307634	0.309728	0.311306	0.312458	0.313266	0.313802	0.314125	0.314284	0.314315	0.314247	0.314104	0.313900	0.313649	0.313359	1.000000	0.565690	
1528	0.290225	0.294881	0.286345	0.286776	0.291750	0.295605	0.299707	0.303204	0.306029	0.308247	0.309943	0.311205	0.312115	0.312742	0.313149	0.313382	0.313480	0.313473	0.313385	0.313230	0.313024	0.312774	1.000000	0.579869	
1529	0.285482	0.289794	0.279016	0.288587	0.290695	0.294329	0.298317	0.301812	0.304687	0.306979	0.308757	0.310102	0.311092	0.311795	0.312271	0.312569	0.312726	0.312772	0.312732	0.312622	0.312456	0.312243	1.000000	0.585293	
1530	0.287379	0.289707	0.282896	0.284534	0.288642	0.292548	0.296594	0.300167	0.303137	0.305530	0.307411	0.308855	0.309937	0.310726	0.311281	0.311650	0.311871	0.311977	0.311990	0.311928	0.311806	0.311634	1.000000	0.517652	
1531	0.284534	0.290483	0.278757	0.280309	0.285864	0.290323	0.294559	0.298275	0.301381	0.303903	0.305905	0.307462	0.308649	0.309533	0.310175	0.310622	0.310915	0.311085	0.311156	0.311148	0.311074	0.310945	1.000000	0.554058	
1532	0.282034	0.287552	0.281775	0.286431	0.286053	0.289615	0.293543	0.297147	0.300231	0.302776	0.304824	0.306436	0.307683	0.308627	0.309327	0.309829	0.310173	0.310390	0.310506	0.310537	0.310501	0.310407	1.000000	0.596917	
1533	0.287207	0.294708	0.286603	0.293243	0.288450	0.290275	0.293505	0.296775	0.299693	0.302161	0.304180	0.305793	0.307055	0.308024	0.308752	0.309285	0.309660	0.309907	0.310051	0.310110	0.310099	0.310029	1.000000	0.599632	
1534	0.294967	0.306176	0.294967	0.305659	0.294186	0.293072	0.295024	0.297622	0.300152	0.302387	0.304262	0.305786	0.306994	0.307931	0.308642	0.309166	0.309539	0.309788	0.309936	0.310000	0.309996	0.309933	1.000000	0.644093	
1535	0.307987	0.315230	0.307987	0.311350	0.299907	0.296395	0.297065	0.298929	0.301014	0.302965	0.304656	0.306058	0.307184	0.308065	0.308738	0.309238	0.309594	0.309832	0.309973	0.310034	0.310028	0.309964	1.000000	0.592822	
1536	0.312643	0.315575	0.308332	0.313505	0.304440	0.299506	0.299120	0.300317	0.301975	0.303645	0.305148	0.306421	0.307458	0.308279	0.308909	0.309378	0.309712	0.309935	0.310066	0.310119	0.310108	0.310042	1.000000	0.636710	
1537	0.314368	0.317558	0.309884	0.316954	0.308611	0.302679	0.301349	0.301902	0.303127	0.304504	0.305804	0.306935	0.307871	0.308619	0.309196	0.309626	0.309932	0.310133	0.310247	0.310288	0.310268	0.310194	1.000000	0.504650	
1538	0.315833	0.317299	0.311522	0.314885	0.310703	0.304898	0.303041	0.303138	0.304031	0.305173	0.306308	0.307323	0.308176	0.308865	0.309399	0.309799	0.310082	0.310267	0.310369	0.310402	0.310375	0.310297	1.000000	0.575245	
1539	0.313850	0.317989	0.311350	0.313074	0.311493	0.306385	0.304295	0.304085	0.304727	0.305683	0.306684	0.307603	0.308389	0.309030	0.309530	0.309906	0.310172	0.310346	0.310440	0.310468	0.310438	0.310358	1.000000	0.611269	
1540	0.315661	0.332820	0.315661	0.331009	0.317998	0.310862	0.307635	0.306649	0.306749	0.307317	0.308035	0.308745	0.309373	0.309892	0.310298	0.310598	0.310804	0.310928	0.310982	0.310975	0.310916	0.310812	1.000000	0.515126	
1541	0.331268	0.335493	0.325146	0.330492	0.322163	0.314431	0.310492	0.308919	0.308575	0.308812	0.309283	0.309806	0.310291	0.310699	0.311019	0.311250	0.311400	0.311479	0.311495	0.311457	0.311371	0.311245	1.000000	0.645782	
1542	0.328508	0.330664	0.326008	0.328767	0.324364	0.317037	0.312776	0.310810	0.310128	0.310100	0.310365	0.310731	0.311094	0.311408	0.311653	0.311824	0.311927	0.311966	0.311950	0.311884	0.311776	0.311630	1.000000	0.689344	
1543	0.334721	0.336034	0.327892	0.329380	0.326036	0.319282	0.314852	0.312578	0.311609	0.311344	0.311422	0.311640	0.311889	0.312113	0.312286	0.312400	0.312456	0.312457	0.312408	0.312316	0.312185	0.312020	1.000000	0.666016	
1544	0.329468	0.336297	0.325790	0.333408	0.328493	0.321850	0.317171	0.314562	0.313286	0.312767	0.312643	0.312702	0.312825	0.312948	0.313040	0.313089	0.313091	0.313047	0.312961	0.312837	0.312679	0.312490	1.000000	0.575143	
1545	0.333320	0.338836	0.332182	0.336472	0.331153	0.324508	0.319584	0.316649	0.315070	0.314296	0.313967	0.313862	0.313853	0.313870	0.313877	0.313855	0.313799	0.313707	0.313580	0.313421	0.313232	0.313017	1.000000	0.618578	
1546	0.339099	0.342163	0.334984	0.334984	0.332430	0.326413	0.321509	0.318395	0.316601	0.315631	0.315135	0.314892	0.314772	0.314698	0.314631	0.314548	0.314441	0.314306	0.314143	0.313953	0.313738	0.313500	1.000000	0.613626	
1547	0.335421	0.341288	0.332970	0.340850	0.335237	0.329038	0.323926	0.320534	0.318467	0.317258	0.316563	0.316158	0.315906	0.315724	0.315567	0.315411	0.315241	0.315054	0.314846	0.314617	0.314369	0.314101	1.000000	0.560323	
1548	0.342251	0.345140	0.332970	0.335597	0.335357	0.330230	0.325385	0.321968	0.319784	0.318441	0.317621	0.317107	0.316762	0.316503	0.316283	0.316072	0.315858	0.315632	0.315392	0.315135	0.314862	0.314573	1.000000	0.602128	
1549	0.334283	0.342951	0.333408	0.341288	0.337334	0.332241	0.327373	0.323808	0.321438	0.319915	0.318936	0.318286	0.317828	0.317475	0.317176	0.316899	0.316629	0.316355	0.316073	0.315781	0.315477	0.315161	1.000000	0.622478	
1550	0.343477	0.352320	0.342251	0.349255	0.341308	0.335334	0.330108	0.326232	0.323578	0.321808	0.320620	0.319797	0.319194	0.318721	0.318321	0.317960	0.317617	0.317282	0.316946	0.316607	0.316262	0.315910	1.000000	0.565500	
1551	0.352320	0.359149	0.352320	0.356698	0.346438	0.339219	0.333432	0.329133	0.326126	0.324059	0.322624	0.321597	0.320825	0.320211	0.319692	0.319230	0.318802	0.318392	0.317993	0.317597	0.317203	0.316806	1.000000	0.598308	
1552	0.351444	0.360988	0.347942	0.350043	0.347639	0.341187	0.335508	0.331125	0.327966	0.325735	0.324148	0.322984	0.322095	0.321381	0.320776	0.320240	0.319748	0.319284	0.318836	0.318398	0.317966	0.317537	1.000000	0.527553	
1553	0.347854	0.352145	0.345665	0.346891	0.347390	0.342224	0.336931	0.332626	0.329421	0.327100	0.325411	0.324151	0.323173	0.322381	0.321709	0.321114	0.320571	0.320061	0.319574	0.319102	0.318639	0.318182	1.000000	0.565725	
1554	0.339186	0.341988	0.337348	0.340850	0.345210	0.341974	0.337421	0.333409	0.330301	0.327987	0.326269	0.324965	0.323942	0.323105	0.322392	0.321761	0.321185	0.320647	0.320134	0.319639	0.319156	0.318680	1.000000	0.527269	
1555	0.342951	0.346979	0.337785	0.343477	0.344632	0.342247	0.338178	0.334368	0.331314	0.328987	0.327225	0.325868	0.324791	0.323904	0.323145	0.322473	0.321861	0.321290	0.320748	0.320228	0.319721	0.319225	1.000000	0.594224	
1556	0.344352	0.344352	0.339361	0.340500	0.343255	0.341930	0.338468	0.334952	0.332021	0.329729	0.327962	0.326582	0.325474	0.324555	0.323765	0.323064	0.322426	0.321831	0.321268	0.320728	0.320204	0.319693	1.000000	0.519533	
1557	0.340850	0.341288	0.333583	0.336560	0.341023	0.340953	0.338230	0.335105	0.332370	0.330170	0.328440	0.327069	0.325956	0.325026	0.324222	0.323507	0.322854	0.322246	0.321671	0.321119	0.320585	0.320063	1.000000	0.490628	
1558	0.343039	0.351707	0.339011	0.347767	0.343271	0.342192	0.339422	0.336311	0.333554	0.331305	0.329514	0.328078	0.326905	0.325918	0.325063	0.324302	0.323609	0.322965	0.322357	0.321777	0.321217	0.320672	1.000000	0.478173	
1559	0.350481	0.351357	0.338573	0.339011	0.341851	0.341614	0.339370	0.336568	0.333974	0.331803	0.330041	0.328612	0.327431	0.326431	0.325561	0.324784	0.324076	0.323417	0.322796	0.322202	0.321631	0.321075	1.000000	0.487057	
1560	0.335597	0.338311	0.331044	0.338311	0.340671	0.341013	0.339238	0.336734	0.334308	0.332222	0.330501	0.329085	0.327904	0.326897	0.326016	0.325228	0.324507	0.323837	0.323204	0.322600	0.322019	0.321454	1.000000	0.606665	
1561	0.338223	0.339974	0.327716	0.327716	0.336353	0.338596	0.337798	0.335875	0.333801	0.331932	0.330346	0.329018	0.327896	0.326929	0.326077	0.325309	0.324604	0.323946	0.323323	0.322727	0.322151	0.321592	1.000000	0.505325	
1562	0.332970	0.332970	0.328242	0.331306	0.334671	0.337270	0.336986	0.335440	0.333609	0.331891	0.330399	0.329130	0.328044	0.327101	0.326264	0.325506	0.324807	0.324153	0.323533	0.322938	0.322364	0.321805	1.000000	0.453882	
1563	0.332970	0.332970	0.328242	0.331219	0.333520	0.336170	0.336265	0.335038	0.333425	0.331848	0.330445	0.329232	0.328182	0.327262	0.326441	0.325693	0.325002	0.324352	0.323735	0.323143	0.322570	0.322012	1.000000	0.603608	
1564	0.333495	0.338748	0.332182	0.336297	0.334446	0.336193	0.336269	0.335158	0.333646	0.332135	0.330770	0.329576	0.328535	0.327616	0.326793	0.326041	0.325344	0.324689	0.324066	0.323468	0.322889	0.322326	1.000000	0.550380	
1565	0.333845	0.333845	0.325965	0.326140	0.331677	0.334365	0.335003	0.334299	0.333068	0.331748	0.330513	0.329409	0.328431	0.327559	0.326769	0.326044	0.325368	0.324730	0.324120	0.323534	0.322965	0.322410	1.000000	0.472622	
1566	0.324915	0.330343	0.318523	0.326841	0.330065	0.332997	0.333983	0.333589	0.332589	0.331432	0.330309	0.329283	0.328362	0.327530	0.326772	0.326070	0.325413	0.324789	0.324192	0.323615	0.323055	0.322507	1.000000	0.478254	
1567	0.324915	0.330343	0.318523	0.326841	0.328990	0.331878	0.333090	0.332946	0.332147	0.331135	0.330116	0.329164	0.328296	0.327503	0.326774	0.326096	0.325456	0.324847	0.324261	0.323695	0.323143	0.322603	1.000000	0.483386	
1568	0.328592	0.330343	0.319661	0.321150	0.326377	0.329927	0.331598	0.331823	0.331301	0.330491	0.329618	0.328773	0.327985	0.327254	0.326574	0.325934	0.325326	0.324743	0.324180	0.323632	0.323097	0.322571	1.000000	0.603420	
1569	0.324214	0.332970	0.322551	0.324214	0.325656	0.328889	0.330675	0.331098	0.330756	0.330086	0.329318	0.328551	0.327821	0.327135	0.326489	0.325877	0.325292	0.324728	0.324181	0.323646	0.323123	0.322607	1.000000	0.561555	
1570	0.322025	0.331306	0.322025	0.327892	0.326401	0.328707	0.330327	0.330793	0.330536	0.329945	0.329239	0.328519	0.327824	0.327165	0.326539	0.325943	0.325371	0.324817	0.324278	0.323751	0.323234	0.322723	1.000000	0.530343	
1571	0.329292	0.330781	0.325090	0.326491	0.326431	0.328304	0.329847	0.330383	0.330225	0.329722	0.329086	0.328420	0.327766	0.327138	0.326538	0.325961	0.325405	0.324864	0.324336	0.323819	0.323309	0.322806	1.000000	0.535086	
1572	0.327717	0.336385	0.325352	0.335509	0.329457	0.329614	0.330555	0.330871	0.330631	0.330095	0.329443	0.328766	0.328103	0.327467	0.326858	0.326274	0.325711	0.325164	0.324630	0.324108	0.323593	0.323085	1.000000	0.507071	
1573	0.336209	0.339974	0.332182	0.336735	0.331883	0.330909	0.331327	0.331430	0.331101	0.330524	0.329848	0.329154	0.328478	0.327830	0.327211	0.326617	0.326045	0.325490	0.324949	0.324419	0.323899	0.323385	1.000000	0.596260	
1574	0.337873	0.339974	0.333495	0.339011	0.334259	0.332382	0.332288	0.332152	0.331709	0.331071	0.330357	0.329635	0.328936	0.328268	0.327632	0.327024	0.326438	0.325871	0.325319	0.324780	0.324250	0.323728	1.000000	0.518650	
1575	0.340325	0.345928	0.336209	0.342864	0.337127	0.334288	0.333610	0.333172	0.332567	0.331832	0.331052	0.330280	0.329542	0.328841	0.328176	0.327543	0.326935	0.326349	0.325781	0.325226	0.324683	0.324149	1.000000	0.698438	
1576	0.342864	0.344527	0.339974	0.341726	0.338660	0.335640	0.334624	0.333987	0.333272	0.332470	0.331645	0.330839	0.330071	0.329346	0.328660	0.328008	0.327384	0.326783	0.326200	0.325634	0.325079	0.324535	1.000000	0.585991	
1577	0.344352	0.349606	0.343039	0.344352	0.340557	0.337224	0.335840	0.334974	0.334124	0.333237	0.332351	0.331498	0.330692	0.329935	0.329221	0.328544	0.327898	0.327277	0.326678	0.326096	0.325528	0.324971	1.000000	0.646363	
1578	0.344878	0.350394	0.332970	0.335421	0.338845	0.336896	0.335788	0.335016	0.334224	0.333378	0.332521	0.331689	0.330898	0.330150	0.329442	0.328769	0.328126	0.327507	0.326908	0.326326	0.325758	0.325200	1.000000	0.630704	
1579	0.339537	0.342338	0.336472	0.340850	0.339514	0.337615	0.336421	0.335572	0.334734	0.333860	0.332984	0.332136	0.331330	0.330569	0.329849	0.329165	0.328511	0.327883	0.327275	0.326685	0.326109	0.325544	1.000000	0.512764	
1580	0.340937	0.344440	0.339974	0.343126	0.340718	0.338617	0.337259	0.336291	0.335379	0.334458	0.333547	0.332672	0.331843	0.331062	0.330324	0.329623	0.328954	0.328312	0.327692	0.327091	0.326504	0.325931	1.000000	0.543636	
1581	0.343477	0.344877	0.334721	0.335684	0.339040	0.338084	0.337062	0.336234	0.335403	0.334537	0.333666	0.332819	0.332010	0.331243	0.330515	0.329822	0.329158	0.328520	0.327902	0.327303	0.326718	0.326145	1.000000	0.617295	
1582	0.328592	0.341550	0.326841	0.340587	0.339556	0.338539	0.337503	0.336648	0.335801	0.334927	0.334051	0.333198	0.332383	0.331610	0.330875	0.330175	0.329505	0.328860	0.328236	0.327631	0.327040	0.326463	1.000000	0.643297	
1583	0.341725	0.343302	0.334196	0.335597	0.338236	0.338004	0.337264	0.336548	0.335786	0.334970	0.334137	0.333315	0.332523	0.331766	0.331043	0.330353	0.329689	0.329049	0.328430	0.327827	0.327239	0.326663	1.000000	0.642399	
1584	0.339099	0.344965	0.336997	0.343389	0.339954	0.338983	0.338030	0.337200	0.336370	0.335513	0.334651	0.333807	0.332995	0.332222	0.331484	0.330780	0.330104	0.329453	0.328824	0.328212	0.327615	0.327031	1.000000	0.544086	
1585	0.340412	0.350481	0.339099	0.347767	0.342558	0.340580	0.339247	0.338206	0.337247	0.336304	0.335379	0.334488	0.333638	0.332831	0.332066	0.331337	0.330640	0.329969	0.329322	0.328695	0.328084	0.327487	1.000000	0.469815	
1586	0.348555	0.354771	0.347854	0.350919	0.345345	0.342460	0.340706	0.339417	0.338299	0.337247	0.336243	0.335289	0.334389	0.333541	0.332739	0.331979	0.331254	0.330559	0.329890	0.329243	0.328615	0.328002	1.000000	0.605793	
1587	0.349606	0.350306	0.342689	0.342689	0.344460	0.342502	0.340954	0.339728	0.338636	0.337598	0.336601	0.335650	0.334750	0.333899	0.333095	0.332330	0.331601	0.330901	0.330227	0.329575	0.328942	0.328324	1.000000	0.486281	
1588	0.337348	0.349605	0.336910	0.346979	0.345299	0.343316	0.341707	0.340419	0.339278	0.338203	0.337177	0.336203	0.335282	0.334412	0.333590	0.332810	0.332067	0.331354	0.330668	0.330005	0.329361	0.328734	1.000000	0.613123	
1589	0.349605	0.353983	0.346103	0.352232	0.347610	0.344937	0.343023	0.341544	0.340275	0.339108	0.338014	0.336985	0.336019	0.335111	0.334256	0.333447	0.332678	0.331942	0.331236	0.330554	0.329893	0.329251	1.000000	0.599222	
1590	0.349606	0.353983	0.346103	0.351532	0.348917	0.346136	0.344086	0.342495	0.341141	0.339910	0.338765	0.337694	0.336693	0.335755	0.334873	0.334040	0.333249	0.332494	0.331770	0.331072	0.330397	0.329741	1.000000	0.535107	
1591	0.356523	0.365366	0.354859	0.362301	0.353379	0.349075	0.346363	0.344381	0.342768	0.341354	0.340072	0.338895	0.337806	0.336796	0.335853	0.334967	0.334129	0.333334	0.332573	0.331843	0.331138	0.330456	1.000000	0.567773	
1592	0.365191	0.371319	0.363615	0.369306	0.358688	0.352753	0.349231	0.346755	0.344810	0.343158	0.341696	0.340378	0.339176	0.338071	0.337047	0.336093	0.335195	0.334347	0.333540	0.332768	0.332026	0.331310	1.000000	0.470232	
1593	0.374997	0.378499	0.371932	0.376310	0.364562	0.357036	0.352616	0.349570	0.347233	0.345297	0.343619	0.342131	0.340790	0.339571	0.338450	0.337411	0.336441	0.335529	0.334665	0.333843	0.333056	0.332299	1.000000	0.575751	
1594	0.378412	0.380163	0.375435	0.376836	0.368653	0.360636	0.355643	0.352167	0.349510	0.347331	0.345465	0.343824	0.342358	0.341032	0.339821	0.338704	0.337665	0.336692	0.335775	0.334905	0.334074	0.333278	1.000000	0.580676	
1595	0.376660	0.386817	0.375697	0.383928	0.373745	0.364871	0.359179	0.355192	0.352157	0.349692	0.347601	0.345780	0.344165	0.342714	0.341396	0.340186	0.339067	0.338023	0.337042	0.336115	0.335233	0.334391	1.000000	0.570850	
1596	0.386292	0.388130	0.375872	0.375960	0.374483	0.366887	0.361276	0.357169	0.353988	0.351387	0.349177	0.347252	0.345547	0.344018	0.342630	0.341359	0.340185	0.339092	0.338066	0.337099	0.336181	0.335305	1.000000	0.679281	
1597	0.378499	0.383753	0.376748	0.381038	0.376668	0.369460	0.363747	0.359443	0.356069	0.353300	0.350947	0.348900	0.347091	0.345470	0.344002	0.342660	0.341423	0.340273	0.339197	0.338184	0.337224	0.336310	1.000000	0.524533	
1598	0.381213	0.382877	0.377624	0.379200	0.377512	0.371231	0.365678	0.361324	0.357848	0.354971	0.352517	0.350378	0.348487	0.346792	0.345259	0.343858	0.342568	0.341370	0.340250	0.339196	0.338200	0.337252	1.000000	0.607825	
1599	0.380951	0.383752	0.372370	0.379375	0.378133	0.372712	0.367390	0.363043	0.359504	0.356545	0.354009	0.351793	0.349830	0.348070	0.346477	0.345023	0.343683	0.342440	0.341279	0.340189	0.339158	0.338178	1.000000	0.489536	
1600	0.380951	0.382877	0.374121	0.375872	0.377379	0.373286	0.368451	0.364265	0.360763	0.357792	0.355223	0.352967	0.350962	0.349160	0.347527	0.346034	0.344659	0.343382	0.342190	0.341070	0.340011	0.339007	1.000000	0.560369	
1601	0.374121	0.380951	0.372370	0.380163	0.378307	0.374537	0.369915	0.365779	0.362256	0.359236	0.356609	0.354294	0.352231	0.350376	0.348693	0.347153	0.345735	0.344418	0.343189	0.342035	0.340945	0.339911	1.000000	0.562037	
1602	0.381126	0.385329	0.378937	0.380250	0.378955	0.375575	0.371207	0.367157	0.363640	0.360591	0.357922	0.355560	0.353450	0.351548	0.349820	0.348238	0.346780	0.345428	0.344164	0.342978	0.341859	0.340798	1.000000	0.619595	
1603	0.382789	0.387692	0.378587	0.384015	0.380642	0.377110	0.372808	0.368763	0.365207	0.362103	0.359372	0.356948	0.354779	0.352821	0.351041	0.349411	0.347909	0.346515	0.345213	0.343992	0.342840	0.341748	1.000000	0.584571	
1604	0.385504	0.394434	0.383840	0.394434	0.385239	0.380260	0.375511	0.371208	0.367455	0.364189	0.361320	0.358777	0.356503	0.354453	0.352591	0.350888	0.349319	0.347864	0.346508	0.345237	0.344039	0.342905	1.000000	0.547047	
1605	0.395135	0.402840	0.395135	0.402489	0.390989	0.384302	0.378883	0.374187	0.370150	0.366660	0.363607	0.360909	0.358502	0.356337	0.354373	0.352579	0.350930	0.349403	0.347982	0.346651	0.345399	0.344215	0.000000	0.610407	
1606	0.402577	0.408268	0.400651	0.403365	0.395115	0.387768	0.381944	0.376966	0.372705	0.369028	0.365816	0.362980	0.360453	0.358181	0.356123	0.354245	0.352519	0.350923	0.349439	0.348051	0.346747	0.345515	0.000000	0.565671	
1607	0.402402	0.408093	0.402402	0.405466	0.398565	0.390986	0.384884	0.379680	0.375225	0.371379	0.368019	0.365053	0.362410	0.360035	0.357885	0.355924	0.354123	0.352460	0.350913	0.349469	0.348112	0.346833	0.000000	0.520543	
1608	0.407918	0.412121	0.407918	0.411245	0.402792	0.394669	0.388179	0.382686	0.377996	0.373951	0.370420	0.367306	0.364533	0.362043	0.359791	0.357738	0.355854	0.354116	0.352501	0.350994	0.349581	0.348248	0.000000	0.575920	
1609	0.411333	0.413346	0.401351	0.403190	0.402925	0.396218	0.390055	0.384639	0.379934	0.375837	0.372241	0.369056	0.366214	0.363657	0.361341	0.359228	0.357289	0.355498	0.353835	0.352283	0.350827	0.349456	0.000000	0.660904	
1610	0.404591	0.408969	0.401264	0.405379	0.403743	0.397884	0.391971	0.386614	0.381891	0.377743	0.374082	0.370828	0.367917	0.365293	0.362913	0.360741	0.358746	0.356903	0.355191	0.353594	0.352096	0.350685	0.000000	0.591697	
1611	0.410457	0.419213	0.407830	0.415798	0.407761	0.401141	0.394949	0.389394	0.384500	0.380198	0.376399	0.373022	0.369998	0.367274	0.364802	0.362546	0.360475	0.358562	0.356786	0.355130	0.353577	0.352116	0.000000	0.544867	
1612	0.415711	0.426568	0.413522	0.418337	0.411286	0.404268	0.397873	0.392150	0.387103	0.382659	0.378729	0.375232	0.372100	0.369276	0.366714	0.364375	0.362228	0.360246	0.358406	0.356691	0.355083	0.353571	0.000000	0.581428	
1613	0.420876	0.420876	0.411771	0.416148	0.412907	0.406428	0.400157	0.394436	0.389337	0.384819	0.380808	0.377228	0.374015	0.371114	0.368480	0.366073	0.363862	0.361821	0.359926	0.358159	0.356504	0.354947	0.000000	0.521978	
1614	0.414397	0.424991	0.413522	0.423941	0.416585	0.409612	0.403130	0.397246	0.391999	0.387343	0.383204	0.379507	0.376186	0.373186	0.370460	0.367970	0.365683	0.363570	0.361610	0.359783	0.358072	0.356463	0.000000	0.515477	
1615	0.420526	0.426480	0.419913	0.424904	0.419358	0.412392	0.405852	0.399880	0.394530	0.389767	0.385521	0.381721	0.378304	0.375214	0.372405	0.369837	0.367477	0.365298	0.363276	0.361391	0.359626	0.357967	0.000000	0.610601	
1616	0.429282	0.432259	0.427531	0.431033	0.423250	0.415781	0.408999	0.402847	0.397338	0.392429	0.388049	0.384127	0.380597	0.377403	0.374499	0.371843	0.369403	0.367150	0.365059	0.363110	0.361287	0.359573	0.000000	0.671875	
1617	0.431033	0.431033	0.422277	0.427443	0.424647	0.417902	0.411305	0.405189	0.399654	0.394688	0.390238	0.386240	0.382633	0.379365	0.376390	0.373666	0.371162	0.368848	0.366701	0.364699	0.362825	0.361065	0.000000	0.479658	
1618	0.428932	0.435848	0.424028	0.434535	0.427943	0.420926	0.414209	0.407984	0.402337	0.397259	0.392699	0.388596	0.384890	0.381529	0.378466	0.375662	0.373082	0.370699	0.368486	0.366423	0.364493	0.362679	0.000000	0.543450	
1619	0.429282	0.431908	0.400388	0.410282	0.422056	0.418991	0.413718	0.408203	0.402948	0.398099	0.393676	0.389654	0.385994	0.382657	0.379602	0.376797	0.374210	0.371814	0.369586	0.367506	0.365558	0.363726	0.000000	0.548192	
1620	0.412996	0.416586	0.393384	0.413697	0.419270	0.418028	0.413715	0.408726	0.403775	0.399105	0.394788	0.390826	0.387199	0.383874	0.380820	0.378007	0.375406	0.372993	0.370747	0.368647	0.366677	0.364824	0.000000	0.548477	
1621	0.402577	0.407305	0.379812	0.390669	0.409736	0.413054	0.410835	0.407007	0.402767	0.398561	0.394559	0.390819	0.387349	0.384140	0.381172	0.378422	0.375869	0.373491	0.371271	0.369190	0.367235	0.365392	0.000000	0.454412	
1622	0.387255	0.400301	0.379024	0.380425	0.399966	0.407121	0.407033	0.404475	0.401048	0.397391	0.393774	0.390312	0.387048	0.383995	0.381145	0.378488	0.376007	0.373687	0.371512	0.369468	0.367542	0.365722	0.000000	0.543877	
1623	0.383840	0.401264	0.382176	0.401264	0.400399	0.406056	0.406312	0.404169	0.401065	0.397641	0.394190	0.390846	0.387666	0.384672	0.381864	0.379235	0.376772	0.374463	0.372295	0.370253	0.368326	0.366503	0.000000	0.500099	
1624	0.407655	0.411333	0.393296	0.393734	0.398177	0.403816	0.404740	0.403175	0.400501	0.397389	0.394165	0.390987	0.387930	0.385027	0.382288	0.379710	0.377286	0.375006	0.372859	0.370833	0.368917	0.367102	0.000000	0.562650	
1625	0.389794	0.395135	0.380776	0.395135	0.397163	0.402238	0.403539	0.402410	0.400088	0.397243	0.394219	0.391189	0.388244	0.385424	0.382747	0.380216	0.377827	0.375573	0.373445	0.371433	0.369527	0.367718	0.000000	0.549430	
1626	0.396185	0.397761	0.389006	0.394347	0.396224	0.400803	0.402390	0.401642	0.399646	0.397056	0.394226	0.391343	0.388509	0.385774	0.383161	0.380679	0.378328	0.376102	0.373995	0.371999	0.370104	0.368303	0.000000	0.457734	
1627	0.393384	0.394259	0.371495	0.373246	0.388565	0.395792	0.398747	0.398937	0.397616	0.395520	0.393060	0.390460	0.387845	0.385282	0.382807	0.380435	0.378174	0.376022	0.373975	0.372029	0.370177	0.368412	0.000000	0.435546	
1628	0.378061	0.378061	0.359237	0.374909	0.384013	0.391996	0.395767	0.396649	0.395869	0.394191	0.392052	0.389702	0.387283	0.384875	0.382525	0.380254	0.378075	0.375990	0.374000	0.372100	0.370287	0.368555	1.000000	0.521088	
1629	0.374121	0.381914	0.368430	0.378236	0.382087	0.389494	0.393576	0.394895	0.394513	0.393161	0.391284	0.389143	0.386890	0.384615	0.382372	0.380188	0.378080	0.376054	0.374111	0.372252	0.370472	0.368768	1.000000	0.521081	
1630	0.381914	0.394785	0.379375	0.392771	0.385649	0.390090	0.393475	0.394693	0.394379	0.393136	0.391367	0.389320	0.387145	0.384935	0.382743	0.380600	0.378525	0.376524	0.374602	0.372759	0.370991	0.369295	0.000000	0.632303	
1631	0.378499	0.384540	0.374121	0.374296	0.381865	0.387218	0.391078	0.392750	0.392834	0.391921	0.390418	0.388587	0.386587	0.384518	0.382441	0.380394	0.378397	0.376462	0.374594	0.372797	0.371067	0.369405	0.000000	0.553586	
1632	0.364052	0.373246	0.361075	0.365366	0.376365	0.383245	0.387864	0.390142	0.390721	0.390207	0.389027	0.387454	0.385664	0.383767	0.381831	0.379901	0.378002	0.376149	0.374352	0.372613	0.370935	0.369316	1.000000	0.588544	
1633	0.374121	0.379462	0.364140	0.369743	0.374158	0.380790	0.385599	0.388200	0.389107	0.388887	0.387955	0.386590	0.384972	0.383217	0.381400	0.379568	0.377752	0.375969	0.374230	0.372542	0.370907	0.369326	1.000000	0.494441	
1634	0.379375	0.380250	0.363002	0.363177	0.370497	0.377588	0.382796	0.385817	0.387113	0.387228	0.386579	0.385448	0.384024	0.382431	0.380749	0.379031	0.377310	0.375608	0.373939	0.372311	0.370727	0.369190	1.000000	0.507892	
1635	0.360988	0.375172	0.352407	0.353633	0.364876	0.373232	0.379151	0.382751	0.384537	0.385061	0.384748	0.383896	0.382703	0.381302	0.379780	0.378198	0.376592	0.374989	0.373405	0.371850	0.370330	0.368849	1.000000	0.472252	
1636	0.333408	0.346016	0.313883	0.343477	0.357743	0.367822	0.374691	0.379011	0.381379	0.382378	0.382456	0.381924	0.380997	0.379818	0.378484	0.377059	0.375589	0.374102	0.372617	0.371149	0.369705	0.368291	1.000000	0.525191	
1637	0.356610	0.356610	0.330518	0.341726	0.352404	0.363077	0.370571	0.375460	0.378328	0.379755	0.380193	0.379963	0.379290	0.378324	0.377171	0.375901	0.374563	0.373190	0.371805	0.370423	0.369055	0.367707	1.000000	0.527377	
1638	0.349661	0.350645	0.339997	0.345992	0.350266	0.359971	0.367498	0.372654	0.375841	0.377577	0.378293	0.378306	0.377842	0.377056	0.376058	0.374920	0.373697	0.372424	0.371125	0.369819	0.368518	0.367230	1.000000	0.545380	
1639	0.347603	0.348497	0.338565	0.343486	0.348006	0.356974	0.364497	0.369876	0.373352	0.375378	0.376359	0.376608	0.376348	0.375740	0.374894	0.373890	0.372782	0.371608	0.370398	0.369169	0.367936	0.366708	1.000000	0.521575	
1640	0.352614	0.371405	0.350287	0.366573	0.354195	0.358719	0.364756	0.369561	0.372831	0.374810	0.375815	0.376118	0.375923	0.375380	0.374597	0.373650	0.372593	0.371467	0.370297	0.369105	0.367904	0.366705	1.000000	0.543662	
1641	0.372210	0.376237	0.361562	0.368094	0.358828	0.360424	0.365174	0.369421	0.372466	0.374376	0.375386	0.375727	0.375583	0.375095	0.374365	0.373468	0.372457	0.371372	0.370239	0.369080	0.367909	0.366736	1.000000	0.555517	
1642	0.367736	0.378742	0.364246	0.376684	0.364780	0.363380	0.366612	0.370113	0.372791	0.374525	0.375458	0.375773	0.375631	0.375157	0.374448	0.373573	0.372585	0.371521	0.370409	0.369268	0.368113	0.366954	1.000000	0.546291	
1643	0.374894	0.382232	0.371494	0.375073	0.368211	0.365506	0.367670	0.370585	0.372966	0.374561	0.375437	0.375739	0.375607	0.375154	0.374470	0.373622	0.372661	0.371621	0.370532	0.369411	0.368275	0.367133	1.000000	0.585465	
1644	0.370331	0.373105	0.362367	0.362814	0.366412	0.365017	0.367063	0.369845	0.372185	0.373803	0.374736	0.375109	0.375050	0.374670	0.374054	0.373268	0.372362	0.371373	0.370329	0.369248	0.368148	0.367038	1.000000	0.524195	
1645	0.370510	0.376595	0.368183	0.375700	0.369508	0.366959	0.368143	0.370403	0.372456	0.373925	0.374789	0.375138	0.375079	0.374710	0.374113	0.373348	0.372463	0.371495	0.370470	0.369408	0.368323	0.367228	1.000000	0.499387	
1646	0.374536	0.387422	0.370778	0.380353	0.373123	0.369394	0.369669	0.371351	0.373063	0.374340	0.375098	0.375392	0.375308	0.374932	0.374335	0.373577	0.372702	0.371745	0.370730	0.369678	0.368603	0.367517	1.000000	0.525371	
1647	0.389301	0.402186	0.389301	0.399054	0.381767	0.374787	0.373342	0.373989	0.375063	0.375934	0.376429	0.376546	0.376340	0.375878	0.375218	0.374413	0.373501	0.372514	0.371475	0.370403	0.369311	0.368210	1.000000	0.582789	
1648	0.399054	0.404960	0.398339	0.401202	0.388245	0.379590	0.376825	0.376581	0.377073	0.377564	0.377806	0.377749	0.377421	0.376871	0.376146	0.375291	0.374340	0.373322	0.372258	0.371164	0.370053	0.368935	1.000000	0.595563	
1649	0.399054	0.404960	0.398338	0.401381	0.392624	0.383552	0.379894	0.378943	0.378943	0.379101	0.379115	0.378902	0.378463	0.377832	0.377047	0.376146	0.375160	0.374112	0.373024	0.371910	0.370782	0.369648	1.000000	0.493978	
1650	0.404871	0.413550	0.404602	0.410597	0.398615	0.388469	0.383732	0.381957	0.381378	0.381133	0.380864	0.380448	0.379860	0.379117	0.378246	0.377276	0.376234	0.375140	0.374013	0.372865	0.371708	0.370548	1.000000	0.553723	
1651	0.420440	0.423662	0.414087	0.415877	0.404369	0.393452	0.387750	0.385188	0.384032	0.383375	0.382809	0.382176	0.381426	0.380558	0.379590	0.378542	0.377435	0.376288	0.375114	0.373927	0.372735	0.371544	1.000000	0.544610	
1652	0.407555	0.410239	0.398696	0.404423	0.404387	0.395447	0.389834	0.387020	0.385600	0.384733	0.384010	0.383261	0.382426	0.381494	0.380477	0.379390	0.378253	0.377080	0.375886	0.374680	0.373472	0.372267	1.000000	0.455257	
1653	0.412655	0.421246	0.407287	0.417845	0.408873	0.399519	0.393336	0.389955	0.388081	0.386869	0.385890	0.384948	0.383966	0.382920	0.381811	0.380651	0.379453	0.378228	0.376990	0.375746	0.374504	0.373268	1.000000	0.591370	
1654	0.412655	0.421246	0.407286	0.418740	0.412162	0.403014	0.396511	0.392697	0.390439	0.388925	0.387715	0.386597	0.385478	0.384324	0.383130	0.381900	0.380643	0.379370	0.378089	0.376807	0.375532	0.374268	1.000000	0.502747	
1655	0.416951	0.429925	0.412924	0.419903	0.414743	0.406085	0.399435	0.395288	0.392706	0.390924	0.389503	0.388222	0.386975	0.385720	0.384443	0.383146	0.381833	0.380511	0.379189	0.377872	0.376564	0.375271	1.000000	0.455382	
1656	0.425093	0.429925	0.424109	0.426346	0.418610	0.409769	0.402799	0.398246	0.395293	0.393209	0.391550	0.390081	0.388686	0.387313	0.385940	0.384562	0.383182	0.381803	0.380430	0.379068	0.377722	0.376393	1.000000	0.511032	
1657	0.415161	0.420619	0.409524	0.419546	0.418922	0.411546	0.404892	0.400274	0.397159	0.394908	0.393105	0.391519	0.390028	0.388577	0.387140	0.385709	0.384284	0.382866	0.381459	0.380068	0.378695	0.377342	1.000000	0.500291	
1658	0.424109	0.444242	0.421962	0.440663	0.426169	0.416840	0.409364	0.404121	0.400505	0.397860	0.395747	0.393916	0.392230	0.390620	0.389052	0.387511	0.385992	0.384494	0.383017	0.381564	0.380136	0.378733	1.000000	0.447246	
1659	0.424109	0.444242	0.421962	0.439410	0.430583	0.420944	0.413120	0.407482	0.403498	0.400541	0.398173	0.396135	0.394281	0.392533	0.390850	0.389213	0.387611	0.386041	0.384501	0.382992	0.381514	0.380067	1.000000	0.570419	
1660	0.450059	0.452922	0.436368	0.438874	0.433346	0.424204	0.416339	0.410472	0.406219	0.403014	0.400434	0.398220	0.396220	0.394350	0.392565	0.390841	0.389164	0.387529	0.385932	0.384372	0.382848	0.381359	1.000000	0.571218	
1661	0.442005	0.444242	0.434399	0.443616	0.436770	0.427733	0.419748	0.413628	0.409096	0.405633	0.402833	0.400434	0.398281	0.396282	0.394389	0.392571	0.390814	0.389109	0.387450	0.385835	0.384261	0.382728	1.000000	0.574622	
1662	0.459275	0.468939	0.456322	0.468134	0.447224	0.435079	0.425797	0.418819	0.413637	0.409666	0.406461	0.403737	0.401318	0.399100	0.397022	0.395049	0.393157	0.391335	0.389573	0.387867	0.386212	0.384605	1.000000	0.633763	
1663	0.464286	0.465270	0.457575	0.460886	0.451778	0.439771	0.430183	0.422826	0.417272	0.412970	0.409485	0.406524	0.403908	0.401523	0.399303	0.397207	0.395210	0.393294	0.391450	0.389670	0.387948	0.386281	1.000000	0.539342	
1664	0.464286	0.465270	0.457575	0.462765	0.455440	0.443952	0.434256	0.426629	0.420771	0.416183	0.412445	0.409268	0.406467	0.403925	0.401570	0.399357	0.397257	0.395251	0.393327	0.391475	0.389688	0.387962	1.000000	0.603747	
1665	0.464465	0.469744	0.454980	0.464644	0.458508	0.447714	0.438054	0.430250	0.424146	0.419309	0.415345	0.411969	0.408996	0.406306	0.403822	0.401497	0.399299	0.397206	0.395204	0.393281	0.391432	0.389648	1.000000	0.529201	
1666	0.473324	0.473324	0.464734	0.471087	0.462701	0.451964	0.442183	0.434139	0.427757	0.422650	0.418441	0.414853	0.411696	0.408846	0.406225	0.403779	0.401474	0.399287	0.397201	0.395203	0.393284	0.391437	1.000000	0.521520	
1667	0.460617	0.472876	0.460349	0.471982	0.465795	0.455603	0.445908	0.437743	0.431159	0.425832	0.421416	0.417640	0.414317	0.411322	0.408573	0.406015	0.403611	0.401335	0.399168	0.397098	0.395114	0.393208	1.000000	0.478582	
1668	0.468939	0.478514	0.463928	0.475203	0.468931	0.459167	0.449570	0.441311	0.434547	0.429018	0.424404	0.420448	0.416964	0.413827	0.410953	0.408283	0.405780	0.403416	0.401169	0.399027	0.396977	0.395010	1.000000	0.522275	
1669	0.468939	0.478514	0.463928	0.474129	0.470664	0.461887	0.452640	0.444436	0.437592	0.431928	0.427167	0.423066	0.419449	0.416192	0.413209	0.410442	0.407851	0.405407	0.403089	0.400881	0.398771	0.396749	1.000000	0.507211	
1670	0.469834	0.477529	0.456949	0.458470	0.466599	0.461266	0.453369	0.445773	0.439198	0.433640	0.428906	0.424793	0.421146	0.417850	0.414825	0.412017	0.409385	0.406902	0.404547	0.402303	0.400159	0.398105	1.000000	0.574196	
1671	0.459991	0.468044	0.444690	0.461602	0.464933	0.461327	0.454398	0.447280	0.440921	0.435444	0.430722	0.426589	0.422905	0.419566	0.416496	0.413643	0.410968	0.408443	0.406048	0.403767	0.401588	0.399501	1.000000	0.488225	
1672	0.487153	0.497352	0.484694	0.495075	0.474981	0.467463	0.459482	0.451832	0.445087	0.439292	0.434297	0.429930	0.426043	0.422527	0.419302	0.416313	0.413516	0.410883	0.408391	0.406022	0.403762	0.401601	1.000000	0.495156	
1673	0.487153	0.497352	0.484694	0.496350	0.482104	0.472715	0.464091	0.456072	0.449030	0.442973	0.437745	0.433170	0.429100	0.425422	0.422054	0.418937	0.416026	0.413291	0.410706	0.408252	0.405916	0.403684	1.000000	0.536109	
1674	0.499719	0.507915	0.498809	0.504728	0.489645	0.478536	0.469170	0.460706	0.453315	0.446957	0.441466	0.436660	0.432388	0.428532	0.425007	0.421750	0.418714	0.415867	0.413180	0.410634	0.408213	0.405904	1.000000	0.552003	
1675	0.503817	0.527401	0.501541	0.524761	0.501350	0.486940	0.476119	0.466806	0.458810	0.451977	0.446093	0.440958	0.436404	0.432306	0.428569	0.425127	0.421928	0.418934	0.416116	0.413452	0.410924	0.408517	1.000000	0.602001	
1676	0.533412	0.545340	0.532046	0.542973	0.515224	0.497128	0.484476	0.474060	0.465284	0.457847	0.451476	0.445934	0.441037	0.436645	0.432655	0.428991	0.425596	0.422428	0.419455	0.416650	0.413995	0.411472	1.000000	0.590335	
1677	0.533411	0.545340	0.532045	0.542790	0.524413	0.505430	0.491765	0.480606	0.471246	0.463327	0.456549	0.450659	0.445461	0.440808	0.436589	0.432722	0.429147	0.425819	0.422700	0.419765	0.416990	0.414358	1.000000	0.526233	
1678	0.547070	0.550531	0.527037	0.546979	0.531935	0.512985	0.498667	0.486927	0.477072	0.468724	0.461573	0.455357	0.449875	0.444972	0.440531	0.436468	0.432718	0.429232	0.425971	0.422906	0.420013	0.417273	1.000000	0.599987	
1679	0.547070	0.550531	0.527037	0.549347	0.537739	0.519596	0.505002	0.492872	0.482632	0.473926	0.466449	0.459942	0.454200	0.449065	0.444417	0.440169	0.436252	0.432615	0.429218	0.426028	0.423021	0.420175	1.000000	0.457249	
1680	0.534868	0.545887	0.531590	0.540787	0.538755	0.523449	0.509475	0.497435	0.487105	0.478239	0.470579	0.463886	0.457965	0.452662	0.447859	0.443468	0.439420	0.435662	0.432154	0.428862	0.425760	0.422826	1.000000	0.550354	
1681	0.488337	0.507915	0.483784	0.502087	0.526532	0.519565	0.508552	0.497878	0.488258	0.479778	0.472329	0.465749	0.459883	0.454600	0.449796	0.445390	0.441319	0.437533	0.433994	0.430670	0.427535	0.424568	1.000000	0.525533	
1682	0.488337	0.507915	0.483784	0.504454	0.519173	0.516818	0.508039	0.498505	0.489503	0.481370	0.474114	0.467637	0.461821	0.456555	0.451748	0.447327	0.443232	0.439418	0.435848	0.432491	0.429323	0.426324	1.000000	0.415095	
1683	0.512377	0.521392	0.508097	0.515746	0.518031	0.516623	0.509003	0.500147	0.491522	0.483588	0.476427	0.469984	0.464166	0.458876	0.454034	0.449570	0.445429	0.441568	0.437951	0.434547	0.431333	0.428289	1.000000	0.351149	
1684	0.511102	0.546433	0.511102	0.542153	0.526071	0.521265	0.513147	0.504147	0.495417	0.487366	0.480078	0.473505	0.467556	0.462142	0.457181	0.452605	0.448361	0.444402	0.440693	0.437204	0.433910	0.430792	1.000000	0.440149	
1685	0.545704	0.554355	0.538693	0.552989	0.535044	0.527033	0.518127	0.508799	0.499845	0.491600	0.484129	0.477382	0.471271	0.465705	0.460602	0.455897	0.451531	0.447461	0.443648	0.440063	0.436680	0.433477	1.000000	0.459393	
1686	0.583221	0.605804	0.583221	0.595150	0.555079	0.539418	0.527755	0.517023	0.507177	0.498281	0.490297	0.483127	0.476657	0.470781	0.465408	0.460462	0.455883	0.451621	0.447635	0.443892	0.440365	0.437031	1.000000	0.516856	
1687	0.583221	0.605804	0.583221	0.593966	0.568042	0.549336	0.536031	0.524351	0.513853	0.504454	0.496056	0.488534	0.481757	0.475612	0.469999	0.464839	0.460067	0.455631	0.451486	0.447598	0.443937	0.440480	1.000000	0.445318	
1688	0.590233	0.601251	0.566284	0.570291	0.568791	0.553146	0.540314	0.528726	0.518194	0.508701	0.500180	0.492522	0.485607	0.479325	0.473581	0.468297	0.463408	0.458860	0.454612	0.450627	0.446876	0.443333	1.000000	0.426826	
1689	0.579397	0.603072	0.572112	0.587137	0.574906	0.559326	0.546166	0.534289	0.523497	0.513762	0.505011	0.497137	0.490021	0.483553	0.477637	0.472193	0.467157	0.462474	0.458100	0.453998	0.450138	0.446493	1.000000	0.525029	
1690	0.569380	0.572567	0.550257	0.552079	0.567297	0.558008	0.546905	0.535983	0.525696	0.516234	0.507626	0.499817	0.492719	0.486240	0.480295	0.474812	0.469730	0.464998	0.460573	0.456420	0.452508	0.448814	1.000000	0.458890	
1691	0.569380	0.572567	0.550257	0.558089	0.564228	0.558023	0.548303	0.538088	0.528188	0.518934	0.510430	0.502660	0.495561	0.489057	0.483074	0.477543	0.472408	0.467620	0.463139	0.458930	0.454964	0.451215	1.000000	0.469327	
1692	0.564827	0.586681	0.562095	0.571656	0.566704	0.560502	0.551223	0.541285	0.531531	0.522336	0.513831	0.506025	0.498870	0.492297	0.486237	0.480628	0.475415	0.470551	0.465995	0.461713	0.457677	0.453862	1.000000	0.453337	
1693	0.603072	0.696864	0.596698	0.676830	0.603413	0.581652	0.566923	0.554194	0.542708	0.532303	0.522887	0.514357	0.506607	0.499533	0.493044	0.487061	0.481519	0.476362	0.471543	0.467025	0.462774	0.458763	1.000000	0.462144	
1694	0.751499	0.759604	0.634579	0.660622	0.622482	0.596010	0.578636	0.564330	0.551779	0.540582	0.530539	0.521492	0.513303	0.505850	0.499029	0.492752	0.486946	0.481552	0.476519	0.471805	0.467375	0.463199	0.000000	0.419971	
1695	0.639951	0.664628	0.621466	0.627112	0.624025	0.601665	0.584695	0.570310	0.557573	0.546164	0.535904	0.526644	0.518252	0.510606	0.503603	0.497157	0.491194	0.485652	0.480482	0.475640	0.471090	0.466802	1.000000	0.430176	
1696	0.632120	0.645779	0.598792	0.639496	0.629182	0.608543	0.591545	0.576899	0.563875	0.552186	0.541659	0.532149	0.523523	0.515660	0.508457	0.501824	0.495688	0.489986	0.484666	0.479686	0.475006	0.470597	1.000000	0.441433	
1697	0.659984	0.671276	0.646781	0.652517	0.636961	0.616539	0.599167	0.584101	0.570694	0.558659	0.547818	0.538021	0.529132	0.521027	0.513602	0.506765	0.500440	0.494564	0.489084	0.483953	0.479134	0.474595	1.000000	0.447222	
1698	0.636764	0.655522	0.633122	0.649513	0.641145	0.622534	0.605460	0.590330	0.576757	0.564520	0.553467	0.543460	0.534365	0.526066	0.518456	0.511445	0.504957	0.498929	0.493305	0.488041	0.483097	0.478440	1.000000	0.495189	
1699	0.647600	0.647600	0.630390	0.635854	0.639381	0.624956	0.609259	0.594666	0.581303	0.569122	0.558044	0.547967	0.538778	0.530371	0.522648	0.515524	0.508924	0.502786	0.497057	0.491691	0.486649	0.481899	1.000000	0.464812	
1700	0.640862	0.655887	0.615183	0.617186	0.631983	0.623543	0.610250	0.596811	0.584063	0.572223	0.561330	0.551343	0.542187	0.533776	0.526025	0.518857	0.512205	0.506009	0.500218	0.494789	0.489685	0.484873	1.000000	0.461160	
1701	0.623834	0.632940	0.617095	0.620829	0.628265	0.623050	0.611572	0.599098	0.586891	0.575359	0.564636	0.554733	0.545606	0.537190	0.529411	0.522200	0.515496	0.509243	0.503392	0.497901	0.492735	0.487861	1.000000	0.396187	
1702	0.630481	0.637766	0.624016	0.627658	0.628063	0.623888	0.613583	0.601818	0.590027	0.578733	0.568137	0.558290	0.549174	0.540737	0.532920	0.525658	0.518895	0.512579	0.506662	0.501105	0.495873	0.490933	1.000000	0.483486	
1703	0.633122	0.640862	0.612633	0.613817	0.623314	0.622057	0.613612	0.602961	0.591857	0.580997	0.570675	0.560999	0.551984	0.543603	0.535809	0.528549	0.521772	0.515430	0.509482	0.503888	0.498615	0.493634	1.000000	0.401782	
1704	0.596698	0.614910	0.586772	0.605804	0.617477	0.619102	0.612636	0.603232	0.592930	0.582597	0.572626	0.563184	0.554324	0.546043	0.538309	0.531081	0.524318	0.517976	0.512017	0.506405	0.501108	0.496099	1.000000	0.450151	
1705	0.607170	0.623925	0.598519	0.604802	0.613252	0.616502	0.611657	0.603381	0.593843	0.584030	0.574414	0.565214	0.556519	0.548347	0.540683	0.533499	0.526757	0.520422	0.514458	0.508834	0.503520	0.498488	1.000000	0.425798	
1706	0.612178	0.616731	0.592418	0.600340	0.608948	0.613563	0.610242	0.603092	0.594343	0.585082	0.575854	0.566928	0.558424	0.550386	0.542814	0.535690	0.528987	0.522673	0.516718	0.511094	0.505771	0.500727	1.000000	0.443833	
1707	0.605804	0.610357	0.586681	0.593966	0.603954	0.610000	0.608208	0.602222	0.594314	0.585655	0.576860	0.568247	0.559970	0.552095	0.544641	0.537601	0.530956	0.524681	0.518751	0.513140	0.507822	0.502776	1.000000	0.362378	
1708	0.594421	0.602344	0.583039	0.598519	0.602143	0.607913	0.606997	0.601870	0.594637	0.586485	0.578064	0.569723	0.561646	0.553915	0.546565	0.539598	0.533003	0.526761	0.520850	0.515248	0.509932	0.504880	1.000000	0.343929	
1709	0.594421	0.603892	0.583039	0.603436	0.602574	0.607099	0.606552	0.602019	0.595314	0.587579	0.579473	0.571368	0.563463	0.555857	0.548596	0.541691	0.535138	0.528921	0.523024	0.517425	0.512106	0.507046	1.000000	0.345403	
1710	0.630026	0.649330	0.622195	0.646781	0.617309	0.614314	0.611580	0.606282	0.599273	0.591398	0.583212	0.575047	0.567085	0.559423	0.552103	0.545137	0.538521	0.532241	0.526281	0.520619	0.515238	0.510118	1.000000	0.390127	
1711	0.654066	0.666359	0.648056	0.666359	0.633659	0.623776	0.618428	0.612004	0.604434	0.596234	0.587832	0.579501	0.571401	0.563617	0.556183	0.549111	0.542395	0.536019	0.529967	0.524218	0.518753	0.513551	1.000000	0.383740	
1712	0.648055	0.666358	0.648055	0.663262	0.643527	0.630956	0.624032	0.616885	0.608959	0.600559	0.592022	0.583587	0.575395	0.567524	0.560008	0.552854	0.546057	0.539603	0.533475	0.527651	0.522113	0.516842	1.000000	0.428780	
1713	0.652244	0.668999	0.643138	0.657708	0.648254	0.635820	0.628242	0.620773	0.612709	0.604246	0.595672	0.587203	0.578974	0.571061	0.563497	0.556292	0.549441	0.542930	0.536744	0.530862	0.525267	0.519938	1.000000	0.515022	
1714	0.661350	0.684935	0.653974	0.654794	0.650434	0.639270	0.631561	0.624013	0.615946	0.607507	0.598956	0.590500	0.582271	0.574344	0.566757	0.559521	0.552633	0.546081	0.539850	0.533922	0.528279	0.522902	0.000000	0.385053	
1715	0.672733	0.714074	0.667269	0.705970	0.668946	0.651397	0.640862	0.631819	0.622871	0.613859	0.604901	0.596132	0.587649	0.579506	0.571729	0.564323	0.557280	0.550585	0.544222	0.538171	0.532411	0.526925	0.000000	0.413715	
1716	0.683205	0.705878	0.678287	0.685026	0.674306	0.657511	0.646382	0.636886	0.627652	0.618451	0.609353	0.600469	0.591883	0.583644	0.575776	0.568280	0.561151	0.554372	0.547927	0.541797	0.535960	0.530400	0.000000	0.463311	
1717	0.692311	0.701417	0.669090	0.670001	0.672871	0.659782	0.649335	0.640040	0.630910	0.621777	0.612722	0.603860	0.595279	0.587031	0.579141	0.571615	0.564449	0.557629	0.551140	0.544962	0.539078	0.533468	0.000000	0.344361	
1718	0.659984	0.664993	0.630117	0.631665	0.659135	0.654670	0.647126	0.639242	0.630968	0.622415	0.613774	0.605217	0.596861	0.588781	0.581017	0.573584	0.566486	0.559715	0.553259	0.547103	0.541231	0.535626	1.000000	0.334374	
1719	0.651425	0.656342	0.630572	0.649513	0.655928	0.653732	0.647424	0.640220	0.632394	0.624163	0.615760	0.607378	0.599150	0.591163	0.583463	0.576074	0.569002	0.562244	0.555792	0.549632	0.543749	0.538129	1.000000	0.372238	
1720	0.654521	0.672551	0.649513	0.666541	0.659465	0.656061	0.649814	0.642727	0.635021	0.626897	0.618581	0.610264	0.602080	0.594119	0.586430	0.579040	0.571958	0.565182	0.558706	0.552518	0.546605	0.540951	1.000000	0.297342	
1721	0.675920	0.697228	0.669546	0.697228	0.672053	0.663546	0.655740	0.647918	0.639806	0.631434	0.622950	0.614506	0.606217	0.598162	0.590387	0.582915	0.575754	0.568902	0.562352	0.556091	0.550107	0.544386	0.000000	0.350155	
1722	0.715986	0.719446	0.701417	0.706243	0.683450	0.671309	0.662053	0.653472	0.644917	0.636261	0.627578	0.618981	0.610566	0.602401	0.594525	0.586958	0.579708	0.572771	0.566138	0.559799	0.553739	0.547943	0.000000	0.483357	
1723	0.720539	0.726913	0.708792	0.726913	0.697937	0.681419	0.670161	0.660467	0.651224	0.642109	0.633096	0.624246	0.615625	0.607284	0.599253	0.591547	0.584169	0.577113	0.570369	0.563925	0.557766	0.551877	0.000000	0.380971	
1724	0.728735	0.732286	0.710249	0.718172	0.704682	0.688101	0.676162	0.665962	0.656374	0.647016	0.637823	0.628827	0.620083	0.611632	0.603500	0.595699	0.588229	0.581086	0.574259	0.567734	0.561496	0.555532	0.000000	0.371010	
1725	0.716897	0.736930	0.713892	0.736930	0.715431	0.696979	0.683758	0.672721	0.662571	0.652817	0.643329	0.634101	0.625164	0.616546	0.608265	0.600329	0.592736	0.585476	0.578540	0.571911	0.565576	0.559518	0.000000	0.442224	
1726	0.724090	0.730920	0.714256	0.724181	0.718348	0.701925	0.688811	0.677622	0.667310	0.657421	0.647820	0.638495	0.629469	0.620767	0.612405	0.604390	0.596719	0.589383	0.582372	0.575671	0.569265	0.563137	0.000000	0.372765	
1727	0.721450	0.726458	0.711342	0.711433	0.716043	0.703654	0.691639	0.680842	0.670704	0.660906	0.651355	0.642053	0.633032	0.624322	0.615942	0.607900	0.600195	0.592821	0.585769	0.579023	0.572571	0.566397	0.000000	0.345574	
1728	0.711888	0.718263	0.668635	0.673188	0.701758	0.698115	0.689332	0.680113	0.670895	0.661699	0.652567	0.643572	0.634778	0.626239	0.617986	0.610040	0.602407	0.595085	0.588069	0.581348	0.574911	0.568744	0.000000	0.432841	
1729	0.673735	0.675920	0.647874	0.651425	0.684980	0.689626	0.684594	0.677381	0.669397	0.661036	0.652504	0.643955	0.635502	0.627226	0.619181	0.611397	0.603892	0.596672	0.589736	0.583079	0.576690	0.570561	0.000000	0.326628	
1730	0.663171	0.702418	0.662716	0.690945	0.686968	0.689865	0.685388	0.678673	0.671055	0.662965	0.654640	0.646247	0.637913	0.629725	0.621744	0.614005	0.606530	0.599328	0.592400	0.585742	0.579347	0.573207	0.000000	0.265864	
1731	0.688668	0.705241	0.680928	0.705241	0.693059	0.692661	0.687869	0.681203	0.673685	0.665693	0.657451	0.649125	0.640840	0.632686	0.624726	0.616997	0.609521	0.602311	0.595369	0.588692	0.582275	0.576108	0.000000	0.319644	
1732	0.705788	0.710249	0.681930	0.697774	0.694631	0.693591	0.689108	0.682781	0.675538	0.667763	0.659691	0.651498	0.643315	0.635239	0.627335	0.619645	0.612196	0.605000	0.598064	0.591386	0.584961	0.578782	0.000000	0.313531	
1733	0.689670	0.699413	0.674645	0.674645	0.687969	0.690146	0.687300	0.682006	0.675469	0.668207	0.660522	0.652627	0.644677	0.636784	0.629024	0.621448	0.614088	0.606962	0.600079	0.593442	0.587047	0.580889	0.000000	0.328321	
1734	0.685392	0.688053	0.669609	0.676032	0.683990	0.687580	0.685891	0.681438	0.675512	0.668711	0.661383	0.653769	0.646041	0.638323	0.630703	0.623238	0.615965	0.608908	0.602078	0.595481	0.589116	0.582980	0.000000	0.412459	
1735	0.666031	0.669518	0.640338	0.643275	0.670418	0.679524	0.680564	0.677803	0.673032	0.667070	0.660377	0.653257	0.645920	0.638518	0.631152	0.623895	0.616793	0.609876	0.603162	0.596661	0.590376	0.584305	0.000000	0.312992	
1736	0.631621	0.644926	0.603176	0.616481	0.652439	0.668062	0.672554	0.671963	0.668682	0.663807	0.657939	0.651463	0.644640	0.637653	0.630628	0.623652	0.616783	0.610062	0.603513	0.597150	0.590983	0.585013	0.000000	0.330166	
1737	0.616389	0.625657	0.578952	0.582072	0.628983	0.652427	0.661244	0.663402	0.662020	0.658533	0.653724	0.648078	0.641920	0.635474	0.628894	0.622288	0.615731	0.609274	0.602949	0.596778	0.590776	0.584948	1.000000	0.325204	
1738	0.596202	0.603176	0.566473	0.590789	0.616252	0.641220	0.652437	0.656486	0.656541	0.654163	0.650227	0.645283	0.639697	0.633721	0.627533	0.621256	0.614976	0.608753	0.602629	0.596630	0.590776	0.585076	1.000000	0.397456	
1739	0.553168	0.556838	0.539404	0.541881	0.591462	0.623159	0.638617	0.645571	0.647721	0.646919	0.644208	0.640239	0.635444	0.630120	0.624474	0.618653	0.612761	0.606869	0.601030	0.595278	0.589639	0.584127	1.000000	0.266062	
1740	0.560508	0.603727	0.549497	0.601433	0.594785	0.619209	0.633969	0.641368	0.644160	0.643984	0.641832	0.638346	0.633965	0.628995	0.623651	0.618089	0.612417	0.606716	0.601041	0.595430	0.589913	0.584507	1.000000	0.354764	
1741	0.587485	0.593542	0.562435	0.589963	0.593178	0.613891	0.628468	0.636472	0.639991	0.640499	0.638950	0.635986	0.632052	0.627464	0.622448	0.617167	0.611737	0.606244	0.600749	0.595295	0.589914	0.584627	1.000000	0.392831	
1742	0.615564	0.638044	0.603176	0.636117	0.607491	0.617932	0.629425	0.636438	0.639693	0.640216	0.638793	0.635993	0.632229	0.627804	0.622936	0.617788	0.612476	0.607086	0.601680	0.596303	0.590989	0.585759	1.000000	0.311045	
1743	0.620335	0.674014	0.620243	0.674014	0.629665	0.628129	0.634998	0.640017	0.642333	0.642397	0.640750	0.637847	0.634046	0.629616	0.624760	0.619631	0.614341	0.608971	0.603583	0.598222	0.592919	0.587699	1.000000	0.395816	
1744	0.681171	0.688053	0.662452	0.673372	0.644234	0.636355	0.639795	0.643194	0.644721	0.644395	0.642562	0.639580	0.635756	0.631332	0.626497	0.621393	0.616129	0.610785	0.605420	0.600078	0.594790	0.589582	0.000000	0.339651	
1745	0.664196	0.690163	0.661902	0.690163	0.659544	0.646138	0.646091	0.647667	0.648216	0.647348	0.645206	0.642048	0.638121	0.633639	0.628770	0.623648	0.618373	0.613021	0.607650	0.602302	0.597008	0.591792	0.000000	0.314539	
1746	0.666948	0.670619	0.650524	0.669701	0.662930	0.650422	0.649042	0.649765	0.649869	0.648790	0.646567	0.643397	0.639494	0.635053	0.630232	0.625158	0.619928	0.614618	0.609283	0.603966	0.598699	0.593504	0.000000	0.289803	
1747	0.688512	0.688970	0.664196	0.681630	0.669163	0.656096	0.653116	0.652800	0.652312	0.650909	0.648515	0.645262	0.641326	0.636879	0.632068	0.627010	0.621798	0.616505	0.611187	0.605884	0.600628	0.595441	0.000000	0.284440	
1748	0.656396	0.663094	0.651349	0.655020	0.664449	0.655901	0.653354	0.653011	0.652520	0.651174	0.648877	0.645738	0.641921	0.637591	0.632887	0.627928	0.622805	0.617590	0.612340	0.607097	0.601893	0.596751	0.000000	0.328780	
1749	0.654286	0.685300	0.650890	0.677500	0.668799	0.659828	0.656372	0.655344	0.654442	0.652872	0.650467	0.647287	0.643468	0.639156	0.634481	0.629553	0.624462	0.619278	0.614055	0.608835	0.603651	0.598525	0.000000	0.313836	
1750	0.677959	0.690805	0.674748	0.682547	0.673382	0.663959	0.659644	0.657935	0.656604	0.654787	0.652249	0.649007	0.645167	0.640858	0.636197	0.631291	0.626222	0.621060	0.615857	0.610655	0.605486	0.600372	0.000000	0.330454	
1751	0.689796	0.701541	0.685116	0.695118	0.680627	0.669624	0.664078	0.661476	0.659567	0.657389	0.654631	0.651256	0.647339	0.642985	0.638302	0.633383	0.628310	0.623146	0.617943	0.612741	0.607570	0.602454	0.000000	0.345754	
1752	0.706405	0.713103	0.695394	0.696678	0.685978	0.674543	0.668153	0.664828	0.662421	0.659924	0.656967	0.653472	0.649484	0.645091	0.640387	0.635459	0.630382	0.625218	0.620015	0.614813	0.609642	0.604525	0.000000	0.280234	
1753	0.700899	0.711451	0.695485	0.707873	0.693276	0.680603	0.673118	0.668928	0.665918	0.663017	0.659795	0.656126	0.652023	0.647553	0.642797	0.637833	0.632730	0.627546	0.622327	0.617111	0.611927	0.606797	0.000000	0.328173	
1754	0.714663	0.717599	0.696770	0.698421	0.694991	0.683843	0.676281	0.671737	0.668418	0.665301	0.661941	0.658189	0.654040	0.649548	0.644783	0.639819	0.634721	0.629542	0.624330	0.619119	0.613938	0.608810	0.000000	0.391930	
1755	0.692090	0.697504	0.684199	0.691723	0.693902	0.685275	0.678211	0.673640	0.670211	0.667006	0.663595	0.659825	0.655679	0.651202	0.646460	0.641521	0.636448	0.631294	0.626103	0.620912	0.615747	0.610633	0.000000	0.321847	
1756	0.705487	0.711543	0.698238	0.711451	0.699752	0.690035	0.682366	0.677241	0.673383	0.669873	0.666254	0.662343	0.658104	0.653565	0.648781	0.643814	0.638721	0.633552	0.628349	0.623147	0.617973	0.612848	0.000000	0.348703	
1757	0.716681	0.724756	0.710166	0.714663	0.704722	0.694512	0.686403	0.680805	0.676558	0.672763	0.668943	0.664895	0.660563	0.655961	0.651134	0.646137	0.641022	0.635837	0.630621	0.625407	0.620222	0.615086	0.000000	0.363118	
1758	0.705579	0.720994	0.705579	0.716498	0.708647	0.698510	0.690165	0.684205	0.679631	0.675585	0.671585	0.667412	0.662995	0.658335	0.653468	0.648444	0.643309	0.638109	0.632881	0.627656	0.622461	0.617315	0.000000	0.288260	
1759	0.723839	0.723839	0.702275	0.702826	0.706707	0.699295	0.691748	0.685978	0.681415	0.677342	0.673321	0.669140	0.664726	0.660079	0.655231	0.650227	0.645113	0.639932	0.634721	0.629512	0.624329	0.619194	0.000000	0.403088	
1760	0.710075	0.711176	0.688603	0.705487	0.706300	0.700420	0.693465	0.687836	0.683266	0.679158	0.675108	0.670913	0.666499	0.661860	0.657026	0.652039	0.646942	0.641778	0.636583	0.631388	0.626217	0.621091	0.000000	0.323721	
1761	0.702734	0.706313	0.694017	0.705028	0.705876	0.701258	0.694911	0.689473	0.684940	0.680827	0.676770	0.672577	0.668174	0.663553	0.658740	0.653776	0.648702	0.643560	0.638385	0.633206	0.628050	0.622936	0.000000	0.298129	
1762	0.700440	0.716314	0.692549	0.706404	0.706052	0.702194	0.696347	0.691086	0.686592	0.682477	0.678416	0.674227	0.669836	0.665233	0.660443	0.655501	0.650451	0.645330	0.640175	0.635013	0.629872	0.624770	0.000000	0.280802	
1763	0.702734	0.724114	0.699064	0.718333	0.710146	0.705128	0.699096	0.693681	0.689033	0.684790	0.680634	0.676379	0.671945	0.667316	0.662510	0.657562	0.652508	0.647387	0.642231	0.637071	0.631929	0.626826	0.000000	0.395693	
1764	0.720994	0.725215	0.714204	0.722462	0.714251	0.708280	0.702016	0.696422	0.691605	0.687221	0.682958	0.678627	0.674141	0.669478	0.664651	0.659689	0.654628	0.649502	0.644343	0.639179	0.634035	0.628928	0.000000	0.318761	
1765	0.711818	0.716498	0.679336	0.679336	0.702613	0.703017	0.699181	0.694795	0.690661	0.686712	0.682757	0.678661	0.674367	0.669865	0.665176	0.660334	0.655377	0.650342	0.645264	0.640171	0.635088	0.630036	0.000000	0.273326	
1766	0.682547	0.690805	0.659608	0.674289	0.693172	0.697794	0.696070	0.692842	0.689402	0.685911	0.682286	0.678448	0.674364	0.670038	0.665501	0.660791	0.655950	0.651017	0.646027	0.641013	0.636000	0.631009	0.000000	0.309848	
1767	0.664471	0.670619	0.645936	0.653643	0.679995	0.689767	0.690766	0.689109	0.686651	0.683829	0.680695	0.677238	0.673463	0.669395	0.665078	0.660557	0.655880	0.651091	0.646228	0.641325	0.636410	0.631506	0.000000	0.273111	
1768	0.662452	0.676766	0.656029	0.671536	0.677176	0.686452	0.688363	0.687435	0.685488	0.683036	0.680186	0.676960	0.673379	0.669479	0.665308	0.660917	0.656354	0.651667	0.646894	0.642071	0.637227	0.632386	0.000000	0.359728	
1769	0.670619	0.679336	0.656947	0.656947	0.670433	0.681087	0.684436	0.684531	0.683293	0.681353	0.678895	0.675984	0.672664	0.668988	0.665010	0.660787	0.656372	0.651815	0.647158	0.642438	0.637686	0.632926	0.000000	0.360840	
1770	0.648688	0.661443	0.641256	0.649147	0.663338	0.675280	0.680025	0.681161	0.680666	0.679275	0.677242	0.674675	0.671642	0.668210	0.664443	0.660405	0.656153	0.651740	0.647211	0.642604	0.637952	0.633282	0.000000	0.328855	
1771	0.649239	0.655846	0.634649	0.635750	0.654142	0.668093	0.674490	0.676837	0.677211	0.676467	0.674937	0.672776	0.670081	0.666937	0.663418	0.659597	0.655535	0.651290	0.646909	0.642435	0.637901	0.633336	0.000000	0.275745	
1772	0.655387	0.664012	0.639512	0.663370	0.657218	0.667234	0.673100	0.675554	0.676146	0.675622	0.674295	0.672317	0.669790	0.666797	0.663417	0.659720	0.655772	0.651630	0.647342	0.642952	0.638493	0.633997	0.000000	0.282157	
1773	0.665113	0.670619	0.655846	0.659791	0.658076	0.665881	0.671437	0.674053	0.674888	0.674601	0.673489	0.671706	0.669355	0.666522	0.663287	0.659723	0.655894	0.651860	0.647670	0.643367	0.638988	0.634563	0.000000	0.358708	
1774	0.647679	0.652267	0.633915	0.650248	0.655466	0.663039	0.668788	0.671786	0.672993	0.673029	0.672198	0.670659	0.668524	0.665884	0.662822	0.659412	0.655723	0.651814	0.647738	0.643537	0.639250	0.634908	0.000000	0.298610	
1775	0.656855	0.657772	0.629327	0.636117	0.649017	0.658144	0.664704	0.668389	0.670156	0.670648	0.670193	0.668974	0.667115	0.664717	0.661868	0.658648	0.655129	0.651372	0.647432	0.643354	0.639177	0.634935	0.000000	0.291613	
1776	0.620335	0.625198	0.609232	0.619693	0.639242	0.651153	0.659078	0.663751	0.666275	0.667361	0.667388	0.666570	0.665053	0.662951	0.660362	0.657371	0.654055	0.650480	0.646702	0.642770	0.638724	0.634600	1.000000	0.259049	
1777	0.619142	0.625840	0.568767	0.568767	0.615750	0.636173	0.647789	0.654705	0.658774	0.661000	0.661909	0.661799	0.660867	0.659258	0.657090	0.654466	0.651471	0.648178	0.644651	0.640943	0.637097	0.633153	1.000000	0.271618	
1778	0.562252	0.572437	0.551332	0.568767	0.600089	0.623918	0.637911	0.646520	0.651850	0.655049	0.656734	0.657261	0.656863	0.655709	0.653936	0.651656	0.648964	0.645941	0.642654	0.639160	0.635508	0.631738	1.000000	0.211651	
1779	0.573355	0.590972	0.568308	0.574272	0.591483	0.614891	0.629956	0.639639	0.645883	0.649838	0.652153	0.653213	0.653272	0.652515	0.651091	0.649119	0.646701	0.643922	0.640855	0.637558	0.634084	0.630475	1.000000	0.272541	
1780	0.588036	0.610976	0.579778	0.608223	0.597063	0.613679	0.627240	0.636647	0.642986	0.647153	0.649712	0.651018	0.651313	0.650778	0.649560	0.647778	0.645535	0.642917	0.639996	0.636834	0.633483	0.629986	1.000000	0.301486	
1781	0.612811	0.625015	0.598680	0.619234	0.604453	0.614689	0.626239	0.634989	0.641159	0.645352	0.648019	0.649468	0.649918	0.649541	0.648477	0.646842	0.644738	0.642250	0.639449	0.636399	0.633151	0.629749	1.000000	0.306855	
1782	0.622354	0.627767	0.599047	0.602809	0.603905	0.612529	0.623310	0.631924	0.638209	0.642607	0.645507	0.647192	0.647870	0.647709	0.646846	0.645399	0.643467	0.641139	0.638485	0.635570	0.632446	0.629157	1.000000	0.300789	
1783	0.604553	0.611159	0.594918	0.598221	0.602011	0.609927	0.620174	0.628714	0.635133	0.639743	0.642880	0.644803	0.645711	0.645768	0.645109	0.643852	0.642096	0.639930	0.637426	0.634648	0.631650	0.628477	1.000000	0.296429	
1784	0.607305	0.615472	0.594459	0.610884	0.604968	0.610101	0.619013	0.627016	0.633267	0.637881	0.641103	0.643148	0.644197	0.644400	0.643887	0.642771	0.641151	0.639111	0.636727	0.634061	0.631167	0.628091	1.000000	0.285493	
1785	0.620060	0.627125	0.606571	0.627125	0.612354	0.613197	0.620027	0.627027	0.632795	0.637187	0.640326	0.642367	0.643455	0.643723	0.643288	0.642258	0.640726	0.638774	0.636475	0.633890	0.631073	0.628070	1.000000	0.312782	
1786	0.628868	0.650340	0.624739	0.645568	0.623425	0.619082	0.623219	0.628792	0.633778	0.637728	0.640618	0.642523	0.643547	0.643795	0.643370	0.642366	0.640872	0.638965	0.636714	0.634178	0.631410	0.628454	1.000000	0.290930	
1787	0.642632	0.666948	0.638687	0.654102	0.633651	0.625450	0.627080	0.631203	0.635341	0.638785	0.641367	0.643088	0.644006	0.644199	0.643753	0.642751	0.641273	0.639392	0.637171	0.634670	0.631938	0.629018	1.000000	0.298916	
1788	0.655937	0.668600	0.652726	0.656855	0.641386	0.631160	0.630802	0.633646	0.636996	0.639950	0.642227	0.643759	0.644564	0.644695	0.644221	0.643214	0.641745	0.639884	0.637689	0.635218	0.632517	0.629630	1.000000	0.285463	
1789	0.665990	0.675767	0.648834	0.656029	0.646267	0.635681	0.633955	0.635778	0.638460	0.640988	0.642994	0.644358	0.645063	0.645140	0.644643	0.643634	0.642178	0.640338	0.638172	0.635732	0.633064	0.630210	1.000000	0.286372	
1790	0.650679	0.669864	0.645421	0.669772	0.654102	0.641880	0.638432	0.639015	0.640869	0.642845	0.644482	0.645598	0.646137	0.646106	0.645540	0.644491	0.643014	0.641167	0.639004	0.636572	0.633918	0.631079	1.000000	0.316590	
1791	0.665806	0.678627	0.662670	0.670233	0.659479	0.647035	0.642407	0.641988	0.643127	0.644612	0.645912	0.646799	0.647185	0.647052	0.646422	0.645335	0.643839	0.641986	0.639825	0.637403	0.634762	0.631940	1.000000	0.358432	
1792	0.671524	0.677243	0.660825	0.672908	0.663955	0.651739	0.646220	0.644933	0.645418	0.646437	0.647412	0.648073	0.648303	0.648066	0.647368	0.646239	0.644720	0.642857	0.640696	0.638280	0.635649	0.632840	1.000000	0.274343	
1793	0.666174	0.668757	0.654368	0.656490	0.661467	0.652603	0.647504	0.646034	0.646270	0.647086	0.647916	0.648483	0.648659	0.648396	0.647694	0.646575	0.645077	0.643241	0.641112	0.638730	0.636134	0.633360	1.000000	0.340495	
1794	0.651417	0.711371	0.642377	0.697259	0.673397	0.660722	0.653723	0.650912	0.650192	0.650323	0.650657	0.650863	0.650772	0.650312	0.649464	0.648237	0.646658	0.644763	0.642589	0.640175	0.637555	0.634764	1.000000	0.292635	
1795	0.693846	0.713124	0.685913	0.706206	0.684333	0.668992	0.660283	0.656178	0.654501	0.653928	0.653744	0.653562	0.653182	0.652504	0.651490	0.650137	0.648462	0.646494	0.644263	0.641805	0.639152	0.636335	1.000000	0.345075	
1796	0.707405	0.715983	0.690433	0.701225	0.689964	0.674852	0.665401	0.660468	0.658095	0.656980	0.656381	0.655887	0.655271	0.654415	0.653267	0.651812	0.650061	0.648035	0.645762	0.643272	0.640596	0.637761	1.000000	0.366913	
1797	0.694307	0.716905	0.693016	0.716905	0.698944	0.682498	0.671839	0.665843	0.662619	0.660846	0.659744	0.658864	0.657951	0.656866	0.655539	0.653946	0.652087	0.649975	0.647634	0.645090	0.642370	0.639500	1.000000	0.286233	
1798	0.720595	0.724653	0.705929	0.718750	0.705546	0.689090	0.677703	0.670882	0.666937	0.664582	0.663022	0.661785	0.660594	0.659292	0.657797	0.656071	0.654107	0.651913	0.649506	0.646909	0.644146	0.641242	1.000000	0.341271	
1799	0.729819	0.738489	0.722901	0.727051	0.712715	0.695992	0.683871	0.676232	0.671561	0.668612	0.666579	0.664969	0.663484	0.661950	0.660270	0.658398	0.656317	0.654029	0.651547	0.648888	0.646075	0.643128	1.000000	0.348433	
1800	0.727974	0.734338	0.713677	0.716167	0.713866	0.699660	0.687908	0.680035	0.674992	0.671680	0.669334	0.667466	0.665774	0.664076	0.662267	0.660292	0.658131	0.655780	0.653247	0.650549	0.647705	0.644733	1.000000	0.273864	
1801	0.715061	0.718566	0.693846	0.699380	0.709037	0.699609	0.689342	0.681877	0.676868	0.673467	0.671003	0.669023	0.667235	0.665460	0.663592	0.661574	0.659381	0.657008	0.654461	0.651755	0.648906	0.645934	1.000000	0.316280	
1802	0.706759	0.714784	0.696890	0.709526	0.709200	0.701412	0.691865	0.684511	0.679380	0.675793	0.673143	0.670999	0.669074	0.667188	0.665233	0.663146	0.660901	0.658487	0.655910	0.653181	0.650316	0.647332	1.000000	0.311974	
1803	0.717459	0.724469	0.709526	0.717643	0.712015	0.704363	0.695088	0.687666	0.682324	0.678493	0.675616	0.673274	0.671186	0.669167	0.667104	0.664933	0.662620	0.660154	0.657535	0.654773	0.651882	0.648877	1.000000	0.395118	
1804	0.717090	0.717090	0.683146	0.686467	0.703499	0.701109	0.694010	0.687552	0.682642	0.679008	0.676218	0.673918	0.671850	0.669845	0.667796	0.665639	0.663343	0.660895	0.658296	0.655556	0.652686	0.649703	1.000000	0.380130	
1805	0.694768	0.728896	0.679088	0.710449	0.705815	0.702807	0.696065	0.689733	0.684781	0.681036	0.678120	0.675700	0.673528	0.671438	0.669319	0.667108	0.664770	0.662291	0.659669	0.656911	0.654029	0.651038	1.000000	0.331504	
1806	0.747344	0.747344	0.715061	0.725207	0.712279	0.706880	0.699708	0.693111	0.687891	0.683886	0.680736	0.678115	0.675775	0.673546	0.671315	0.669013	0.666602	0.664063	0.661393	0.658597	0.655685	0.652668	1.000000	0.341244	
1807	0.728896	0.743654	0.721702	0.740887	0.721815	0.713063	0.704855	0.697661	0.691968	0.687563	0.684078	0.681177	0.678606	0.676187	0.673800	0.671370	0.668853	0.666227	0.663485	0.660629	0.657666	0.654607	1.000000	0.364908	
1808	0.737013	0.762102	0.732586	0.762102	0.735244	0.721979	0.712011	0.703798	0.697362	0.692372	0.688412	0.685124	0.682237	0.679556	0.676954	0.674344	0.671678	0.668928	0.666080	0.663135	0.660095	0.656970	1.000000	0.324421	
1809	0.763946	0.773170	0.750849	0.759335	0.743274	0.728771	0.717926	0.709088	0.702130	0.696693	0.692353	0.688744	0.685589	0.682685	0.679896	0.677131	0.674335	0.671474	0.668534	0.665510	0.662403	0.659220	1.000000	0.336981	
1810	0.762102	0.769481	0.749189	0.762102	0.749550	0.734831	0.723448	0.714137	0.706743	0.700913	0.696228	0.692323	0.688915	0.685799	0.682832	0.679917	0.676994	0.674027	0.670997	0.667895	0.664721	0.661481	1.000000	0.269354	
1811	0.757490	0.774462	0.750111	0.774462	0.757854	0.742037	0.729825	0.719882	0.711952	0.705658	0.700574	0.696330	0.692635	0.689276	0.686104	0.683017	0.679948	0.676856	0.673720	0.670526	0.667274	0.663964	1.000000	0.331670	
1812	0.776860	0.781472	0.762471	0.775938	0.763882	0.748201	0.735589	0.725220	0.716874	0.710192	0.704761	0.700213	0.696257	0.692675	0.689313	0.686063	0.682857	0.679647	0.676409	0.673129	0.669801	0.666425	1.000000	0.368184	
1813	0.776491	0.781472	0.762471	0.775938	0.767900	0.753244	0.740633	0.730051	0.721417	0.714433	0.708715	0.703907	0.699721	0.695940	0.692406	0.689010	0.685677	0.682360	0.679029	0.675667	0.672269	0.668832	1.000000	0.399588	
1814	0.795308	0.802687	0.784423	0.786084	0.773962	0.759215	0.746314	0.735387	0.726392	0.719056	0.713013	0.707915	0.703476	0.699475	0.695752	0.692193	0.688720	0.685282	0.681846	0.678394	0.674916	0.671409	1.000000	0.266600	
1815	0.789773	0.801211	0.782025	0.801026	0.782983	0.766817	0.753153	0.741638	0.732133	0.724344	0.717903	0.712457	0.707717	0.703457	0.699512	0.695761	0.692123	0.688542	0.684982	0.681422	0.677849	0.674257	1.000000	0.294206	
1816	0.808774	0.821134	0.804900	0.820212	0.795393	0.776525	0.761535	0.749122	0.738908	0.730529	0.723587	0.717714	0.712608	0.708036	0.703822	0.699841	0.696005	0.692251	0.688541	0.684849	0.681159	0.677465	1.000000	0.342053	
1817	0.822794	0.856000	0.820396	0.854340	0.815042	0.790673	0.773136	0.759142	0.747787	0.738517	0.730851	0.724378	0.718770	0.713773	0.709198	0.704907	0.700803	0.696817	0.692904	0.689034	0.685187	0.681352	0.000000	0.430873	
1818	0.844931	0.884963	0.841426	0.884963	0.838349	0.807817	0.787114	0.771125	0.758339	0.747965	0.739413	0.732212	0.725996	0.720487	0.715475	0.710810	0.706383	0.702117	0.697958	0.693871	0.689833	0.685827	0.000000	0.338244	
1819	0.901934	0.922227	0.890312	0.900643	0.859113	0.824694	0.801305	0.783460	0.769286	0.757815	0.748370	0.740428	0.733590	0.727552	0.722088	0.717034	0.712270	0.707709	0.703292	0.698977	0.694735	0.690549	0.000000	0.334154	
1820	0.874816	0.880166	0.856184	0.864670	0.860966	0.831963	0.809226	0.791195	0.776623	0.764709	0.754831	0.746489	0.739289	0.732929	0.727181	0.721875	0.716888	0.712131	0.707539	0.703068	0.698687	0.694375	0.000000	0.406331	
1821	0.872972	0.888468	0.868175	0.883302	0.868411	0.841297	0.818485	0.799967	0.784829	0.772360	0.761968	0.753162	0.745550	0.738826	0.732756	0.727168	0.721931	0.716952	0.712164	0.707518	0.702981	0.698528	0.000000	0.341370	
1822	0.885331	0.885700	0.844193	0.852495	0.863106	0.843333	0.822737	0.804969	0.790034	0.777530	0.766997	0.758008	0.750200	0.743283	0.737033	0.731277	0.725887	0.720770	0.715857	0.711098	0.706458	0.701912	0.000000	0.351557	
1823	0.839766	0.872787	0.834047	0.872603	0.866271	0.848655	0.828970	0.811411	0.796386	0.783664	0.772864	0.763598	0.755522	0.748355	0.741875	0.735910	0.730333	0.725047	0.719982	0.715086	0.710322	0.705663	0.000000	0.398921	
1824	0.854340	0.872787	0.834047	0.872603	0.868382	0.853009	0.834424	0.817239	0.802248	0.789402	0.778405	0.768915	0.760612	0.753227	0.746543	0.740392	0.734644	0.729204	0.723998	0.718975	0.714096	0.709332	0.000000	0.340682	
1825	0.872234	0.872234	0.835892	0.835892	0.857552	0.849897	0.834608	0.819015	0.804836	0.792401	0.781599	0.772182	0.763885	0.756469	0.749734	0.743523	0.737713	0.732209	0.726943	0.721862	0.716928	0.712114	0.000000	0.320774	
1826	0.872234	0.872234	0.835892	0.835892	0.850332	0.847350	0.834768	0.820622	0.807225	0.795207	0.784615	0.775290	0.767016	0.759584	0.752812	0.746552	0.740688	0.735130	0.729810	0.724677	0.719695	0.714834	0.000000	0.259057	
1827	0.834047	0.859320	0.822979	0.850466	0.850377	0.847917	0.836730	0.823465	0.810552	0.798772	0.788274	0.778957	0.770644	0.763148	0.756299	0.749959	0.744014	0.738379	0.732985	0.727783	0.722736	0.717815	0.000000	0.351696	
1828	0.848805	0.848805	0.805822	0.807298	0.836017	0.840532	0.833051	0.821925	0.810301	0.799322	0.789331	0.780340	0.772238	0.764879	0.758121	0.751839	0.745932	0.740320	0.734941	0.729747	0.724702	0.719782	0.000000	0.358065	
1829	0.798997	0.799919	0.759704	0.767267	0.813100	0.827211	0.824828	0.816719	0.806991	0.797254	0.788105	0.779702	0.772022	0.764973	0.758447	0.752345	0.746579	0.741079	0.735791	0.730673	0.725692	0.720825	0.000000	0.251169	
1830	0.779996	0.809328	0.768927	0.809328	0.811843	0.823959	0.822891	0.816015	0.807171	0.798033	0.789284	0.781147	0.773644	0.766712	0.760264	0.754213	0.748480	0.743002	0.737727	0.732615	0.727637	0.722770	0.000000	0.294566	
1831	0.817444	0.819289	0.793832	0.807852	0.810512	0.821031	0.821011	0.815238	0.807223	0.798667	0.790316	0.782450	0.775131	0.768325	0.761964	0.755972	0.750279	0.744828	0.739572	0.734473	0.729503	0.724640	0.000000	0.254702	
1832	0.795307	0.804531	0.765976	0.780549	0.800525	0.813670	0.815953	0.811934	0.805171	0.797498	0.789773	0.782357	0.775367	0.768805	0.762628	0.756777	0.751196	0.745835	0.740650	0.735611	0.730690	0.725869	0.000000	0.193093	
1833	0.780549	0.791065	0.769481	0.769481	0.790177	0.805636	0.810144	0.807891	0.802426	0.795690	0.788646	0.781729	0.775111	0.768831	0.762872	0.757194	0.751751	0.746501	0.741409	0.736447	0.731592	0.726828	0.000000	0.231676	
1834	0.775015	0.786084	0.758412	0.765422	0.781925	0.798324	0.804554	0.803846	0.799579	0.793738	0.787355	0.780934	0.774690	0.768698	0.762964	0.757464	0.752165	0.747034	0.742041	0.737162	0.732379	0.727676	0.000000	0.312855	
1835	0.778520	0.787006	0.770588	0.778705	0.780852	0.794757	0.801323	0.801452	0.797974	0.792768	0.786875	0.780825	0.774864	0.769090	0.763526	0.758160	0.752969	0.747926	0.743006	0.738188	0.733456	0.728797	0.000000	0.271557	
1836	0.781287	0.791618	0.775015	0.776860	0.779521	0.791503	0.798265	0.799110	0.796350	0.791741	0.786318	0.780631	0.774951	0.769395	0.764002	0.758773	0.753693	0.748741	0.743897	0.739143	0.734465	0.729854	0.000000	0.246023	
1837	0.787006	0.791618	0.777044	0.785161	0.781401	0.790350	0.796627	0.797781	0.795489	0.791317	0.786254	0.780852	0.775395	0.770013	0.764758	0.759638	0.754647	0.749767	0.744983	0.740279	0.735644	0.731069	0.000000	0.234092	
1838	0.778151	0.782394	0.762840	0.769481	0.777428	0.786556	0.793234	0.795086	0.793488	0.789908	0.785322	0.780298	0.775138	0.769992	0.764926	0.759961	0.755096	0.750322	0.745627	0.741000	0.736431	0.731913	0.000000	0.249957	
1839	0.769665	0.770403	0.738120	0.741809	0.765555	0.778420	0.786806	0.790012	0.789513	0.786805	0.782905	0.778420	0.773689	0.768887	0.764101	0.759366	0.754694	0.750082	0.745527	0.741020	0.736556	0.732131	0.000000	0.209883	
1840	0.741810	0.749189	0.725207	0.727605	0.752905	0.769181	0.779406	0.784069	0.784751	0.782986	0.779833	0.775941	0.771685	0.767268	0.762797	0.758325	0.753873	0.749449	0.745055	0.740689	0.736348	0.732031	0.000000	0.185710	
1841	0.730741	0.751033	0.727789	0.741625	0.749145	0.764171	0.774683	0.780026	0.781433	0.780317	0.777710	0.774267	0.770378	0.766262	0.762041	0.757777	0.753502	0.749229	0.744965	0.740712	0.736471	0.732242	0.000000	0.228898	
1842	0.737382	0.756568	0.735353	0.739411	0.745900	0.759669	0.770274	0.776158	0.778201	0.777678	0.775582	0.772567	0.769032	0.765209	0.761233	0.757175	0.753075	0.748952	0.744819	0.740680	0.736539	0.732400	0.000000	0.228679	
1843	0.745683	0.767636	0.727974	0.761179	0.750993	0.759944	0.769137	0.774732	0.776892	0.776614	0.774782	0.772012	0.768690	0.765051	0.761231	0.757306	0.753320	0.749297	0.745249	0.741186	0.737112	0.733032	0.000000	0.250001	
1844	0.743654	0.765607	0.739042	0.760257	0.754081	0.760001	0.768027	0.773353	0.775612	0.775558	0.773975	0.771438	0.768324	0.764863	0.761196	0.757403	0.753530	0.749605	0.745644	0.741657	0.737651	0.733631	0.000000	0.279025	
1845	0.763762	0.771326	0.751956	0.767636	0.758600	0.761389	0.767978	0.772809	0.774999	0.775047	0.773623	0.771253	0.768294	0.764972	0.761426	0.757738	0.753958	0.750113	0.746223	0.742298	0.738348	0.734378	0.000000	0.201764	
1846	0.775015	0.791987	0.771695	0.784423	0.767208	0.765577	0.770034	0.773915	0.775724	0.775652	0.774223	0.771895	0.768995	0.765735	0.762248	0.758613	0.754881	0.751080	0.747228	0.743339	0.739419	0.735478	0.000000	0.266634	
1847	0.771326	0.794754	0.769112	0.782210	0.772208	0.768601	0.771556	0.774705	0.776222	0.776075	0.774667	0.772398	0.769570	0.766381	0.762961	0.759387	0.755709	0.751957	0.748149	0.744298	0.740415	0.736505	0.000000	0.236301	
1848	0.786822	0.796045	0.739965	0.743285	0.762567	0.763998	0.768022	0.771713	0.773689	0.773960	0.772923	0.770978	0.768427	0.765475	0.762258	0.758859	0.755333	0.751712	0.748021	0.744273	0.740481	0.736654	0.000000	0.218939	
1849	0.748451	0.756568	0.711925	0.716905	0.747347	0.755436	0.761633	0.766493	0.769321	0.770279	0.769811	0.768341	0.766187	0.763571	0.760638	0.757484	0.754168	0.750732	0.747202	0.743598	0.739933	0.736220	0.000000	0.203246	
1850	0.715061	0.734246	0.706759	0.728896	0.741197	0.750611	0.757540	0.762912	0.766211	0.767609	0.767538	0.766416	0.764565	0.762211	0.759504	0.756546	0.753402	0.750117	0.746720	0.743235	0.739676	0.736059	0.000000	0.249379	
1851	0.713769	0.743101	0.703254	0.705468	0.729287	0.742403	0.751031	0.757441	0.761539	0.763600	0.764090	0.763443	0.761996	0.759986	0.757575	0.754872	0.751950	0.748859	0.745635	0.742302	0.738881	0.735387	0.000000	0.229420	
1852	0.699380	0.705468	0.669864	0.681117	0.713230	0.731260	0.742292	0.750172	0.755352	0.758278	0.759480	0.759427	0.758479	0.756893	0.754844	0.752453	0.749803	0.746951	0.743937	0.740791	0.737538	0.734194	0.000000	0.222524	
1853	0.667835	0.678165	0.651785	0.670786	0.699082	0.720265	0.733354	0.742612	0.748847	0.752634	0.754553	0.755103	0.754667	0.753516	0.751842	0.749776	0.747409	0.744805	0.742012	0.739063	0.735985	0.732800	0.000000	0.216664	
1854	0.672631	0.693108	0.669680	0.680933	0.693032	0.713113	0.726801	0.736738	0.743623	0.748008	0.750463	0.751485	0.751461	0.750670	0.749309	0.747519	0.745394	0.743006	0.740405	0.737627	0.734705	0.731660	0.000000	0.223668	
1855	0.690156	0.691817	0.682777	0.686098	0.690721	0.708202	0.721713	0.731915	0.739198	0.744014	0.746887	0.748296	0.748619	0.748137	0.747052	0.745505	0.743598	0.741403	0.738975	0.736355	0.733574	0.730659	0.000000	0.224360	
1856	0.676321	0.687389	0.661747	0.680010	0.687151	0.703076	0.716500	0.726971	0.734645	0.739884	0.743172	0.744965	0.745636	0.745466	0.744658	0.743358	0.741671	0.739674	0.737424	0.734964	0.732329	0.729546	0.000000	0.251737	
1857	0.688127	0.688127	0.655290	0.665621	0.679974	0.696266	0.710141	0.721129	0.729336	0.735093	0.738863	0.741094	0.742157	0.742335	0.741835	0.740809	0.739366	0.737588	0.735534	0.733252	0.730777	0.728141	0.000000	0.178147	
1858	0.669680	0.673185	0.623745	0.629280	0.663076	0.684087	0.700033	0.712381	0.721639	0.728267	0.732775	0.735640	0.737249	0.737901	0.737815	0.737152	0.736030	0.734537	0.732738	0.730685	0.728417	0.725968	0.000000	0.193330	
1859	0.632785	0.646805	0.621900	0.636658	0.654270	0.675463	0.692111	0.705169	0.715102	0.722356	0.727435	0.730812	0.732876	0.733931	0.734202	0.733857	0.733019	0.731780	0.730210	0.728363	0.726283	0.724005	0.000000	0.207727	
1860	0.645882	0.651048	0.634260	0.646989	0.651843	0.670286	0.686471	0.699628	0.709863	0.717494	0.722966	0.726723	0.729142	0.730521	0.731087	0.731009	0.730412	0.729391	0.728020	0.726354	0.724439	0.722313	0.000000	0.155518	
1861	0.636659	0.642008	0.618211	0.622454	0.642047	0.661589	0.678469	0.692278	0.703139	0.711362	0.717382	0.721636	0.724503	0.726283	0.727208	0.727450	0.727141	0.726379	0.725241	0.723788	0.722067	0.720118	0.000000	0.258800	
1862	0.621531	0.625590	0.596812	0.597919	0.627337	0.650013	0.668400	0.683292	0.695045	0.704043	0.710745	0.715601	0.718999	0.721249	0.722590	0.723203	0.723225	0.722760	0.721891	0.720680	0.719180	0.717432	0.000000	0.250829	
1863	0.597919	0.605298	0.566004	0.568403	0.607692	0.635175	0.655900	0.672350	0.685303	0.695292	0.702837	0.708421	0.712452	0.715255	0.717084	0.718128	0.718533	0.718412	0.717852	0.716920	0.715674	0.714157	0.000000	0.187389	
1864	0.558441	0.576335	0.551615	0.568403	0.594596	0.623034	0.644963	0.662450	0.676311	0.687106	0.695369	0.701591	0.706189	0.709496	0.711774	0.713219	0.713984	0.714187	0.713919	0.713253	0.712249	0.710954	0.000000	0.252200	
1865	0.580762	0.592015	0.574859	0.574859	0.588017	0.614275	0.636200	0.654108	0.668507	0.679864	0.688674	0.695409	0.700479	0.704217	0.706884	0.708682	0.709768	0.710262	0.710259	0.709836	0.709054	0.707962	0.000000	0.199740	
1866	0.580578	0.588695	0.563606	0.573937	0.583324	0.606941	0.628417	0.646473	0.661232	0.673030	0.682300	0.689483	0.694977	0.699108	0.702136	0.704264	0.705652	0.706422	0.706672	0.706481	0.705911	0.705017	0.000000	0.228290	
1867	0.579471	0.606774	0.572277	0.605298	0.590648	0.606642	0.625527	0.642551	0.656930	0.668660	0.678022	0.685377	0.691078	0.695429	0.698677	0.701019	0.702611	0.703573	0.704004	0.703982	0.703572	0.702825	0.000000	0.254598	
1868	0.599764	0.612308	0.587404	0.594229	0.591842	0.604385	0.621615	0.637949	0.652107	0.663858	0.673367	0.680930	0.686867	0.691460	0.694947	0.697518	0.699326	0.700493	0.701115	0.701272	0.701029	0.700438	0.000000	0.287017	
1869	0.591462	0.597365	0.566189	0.568587	0.584090	0.597876	0.614987	0.631343	0.645682	0.657712	0.667545	0.675450	0.681724	0.686642	0.690434	0.693291	0.695365	0.696777	0.697628	0.697996	0.697949	0.697541	0.000000	0.198577	
1870	0.568403	0.569325	0.532614	0.538702	0.568961	0.587117	0.605451	0.622520	0.637453	0.650034	0.660387	0.668780	0.675506	0.680840	0.685015	0.688222	0.690617	0.692325	0.693446	0.694063	0.694245	0.694050	0.000000	0.210398	
1871	0.546266	0.548664	0.518594	0.525973	0.554632	0.576000	0.595516	0.613325	0.628877	0.642030	0.652920	0.661813	0.669005	0.674767	0.679335	0.682903	0.685628	0.687639	0.689038	0.689913	0.690332	0.690356	1.000000	0.246273	
1872	0.538518	0.556965	0.529663	0.546265	0.551843	0.570594	0.589360	0.606939	0.622523	0.635852	0.646995	0.656177	0.663668	0.669728	0.674582	0.678423	0.681405	0.683656	0.685281	0.686366	0.686982	0.687189	0.000000	0.224812	
1873	0.558994	0.575413	0.547926	0.556596	0.553427	0.568049	0.585264	0.602144	0.617451	0.630738	0.641973	0.651319	0.659013	0.665291	0.670369	0.674429	0.677623	0.680077	0.681895	0.683162	0.683949	0.684319	0.000000	0.263904	
1874	0.552722	0.561946	0.536304	0.550877	0.552577	0.564927	0.580966	0.597262	0.612330	0.625586	0.636912	0.646420	0.654311	0.660804	0.666101	0.670378	0.673782	0.676438	0.678447	0.679895	0.680855	0.681386	0.000000	0.321718	
1875	0.555489	0.561392	0.528740	0.535197	0.546784	0.559521	0.575245	0.591351	0.606397	0.619754	0.631261	0.640994	0.649132	0.655878	0.661426	0.665946	0.669583	0.672459	0.674677	0.676322	0.677467	0.678173	0.000000	0.334304	
1876	0.544421	0.555489	0.536857	0.542023	0.545197	0.556340	0.571092	0.586653	0.601445	0.614739	0.626303	0.636166	0.644475	0.651414	0.657162	0.661882	0.665717	0.668785	0.671186	0.673006	0.674317	0.675181	0.000000	0.317434	
1877	0.527818	0.566742	0.522837	0.554567	0.548320	0.556017	0.569026	0.583597	0.597839	0.610857	0.622318	0.632186	0.640566	0.647616	0.653497	0.658364	0.662349	0.665567	0.668117	0.670082	0.671533	0.672530	0.000000	0.219670	
1878	0.562868	0.562868	0.540916	0.548848	0.548496	0.554714	0.566504	0.580288	0.594071	0.606857	0.618236	0.628121	0.636579	0.643742	0.649760	0.654773	0.658909	0.662280	0.664979	0.667089	0.668679	0.669812	0.000000	0.303737	
1879	0.540547	0.545343	0.527818	0.534644	0.543879	0.551065	0.562522	0.575941	0.589499	0.602198	0.613592	0.623561	0.632147	0.639464	0.645649	0.650835	0.655144	0.658684	0.661549	0.663818	0.665562	0.666841	0.000000	0.250911	
1880	0.537042	0.543314	0.514167	0.516380	0.534713	0.544759	0.556754	0.570268	0.583875	0.596661	0.608192	0.618333	0.627113	0.634637	0.641032	0.646426	0.650939	0.654676	0.657729	0.660178	0.662093	0.663534	1.000000	0.252293	
1881	0.539440	0.544421	0.500331	0.533906	0.534444	0.542785	0.553898	0.566805	0.580031	0.592612	0.604065	0.614214	0.623061	0.630687	0.637206	0.642737	0.647392	0.651274	0.654470	0.657060	0.659112	0.660685	1.000000	0.282623	
1882	0.545343	0.566558	0.541838	0.563053	0.543980	0.546470	0.555042	0.566448	0.578725	0.590705	0.601786	0.611718	0.620452	0.628035	0.634558	0.640124	0.644837	0.648789	0.652064	0.654739	0.656878	0.658539	0.000000	0.288459	
1883	0.568403	0.590540	0.568403	0.584821	0.557594	0.553443	0.558765	0.568198	0.579194	0.590326	0.600844	0.610406	0.618903	0.626340	0.632781	0.638311	0.643018	0.646987	0.650295	0.653013	0.655202	0.656919	0.000000	0.318907	
1884	0.584821	0.594598	0.567665	0.582976	0.566054	0.558813	0.561791	0.569605	0.579485	0.589852	0.599851	0.609068	0.617341	0.624639	0.631003	0.636497	0.641199	0.645184	0.648523	0.651283	0.653522	0.655294	0.000000	0.386006	
1885	0.573937	0.581131	0.555674	0.555674	0.562594	0.558242	0.561026	0.568278	0.577653	0.587647	0.597397	0.606464	0.614659	0.621935	0.628312	0.633847	0.638607	0.642662	0.646080	0.648923	0.651247	0.653104	0.000000	0.265916	
1886	0.554567	0.572276	0.549401	0.562684	0.562624	0.559050	0.561234	0.567745	0.576502	0.586036	0.595468	0.604328	0.612400	0.619611	0.625968	0.631514	0.636306	0.640409	0.643885	0.646793	0.649187	0.651117	0.000000	0.276651	
1887	0.577257	0.584636	0.572092	0.581316	0.568855	0.563098	0.563744	0.569038	0.576872	0.585732	0.594682	0.603206	0.611048	0.618110	0.624374	0.629868	0.634640	0.638745	0.642239	0.645176	0.647609	0.649583	0.000000	0.281984	
1888	0.594598	0.596258	0.575044	0.584083	0.573931	0.566913	0.566286	0.570471	0.577427	0.585625	0.594093	0.602273	0.609876	0.616775	0.622935	0.628367	0.633108	0.637205	0.640708	0.643668	0.646132	0.648144	0.000000	0.339595	
1889	0.593307	0.594967	0.575782	0.575782	0.574548	0.568526	0.567473	0.570977	0.577300	0.584990	0.593076	0.600980	0.608393	0.615168	0.621251	0.626643	0.631371	0.635475	0.639000	0.641992	0.644496	0.646553	0.000000	0.387712	
1890	0.573752	0.573752	0.557519	0.563053	0.570716	0.567531	0.566921	0.570222	0.576204	0.583575	0.591408	0.599130	0.606422	0.613124	0.619172	0.624558	0.629300	0.633435	0.637001	0.640043	0.642601	0.644718	0.000000	0.316096	
1891	0.546450	0.558256	0.538886	0.542760	0.561398	0.563027	0.563901	0.567606	0.573632	0.580942	0.588705	0.596381	0.603654	0.610364	0.616443	0.621876	0.626678	0.630880	0.634521	0.637641	0.640280	0.642477	0.000000	0.432298	
1892	0.547188	0.551800	0.522284	0.533352	0.552049	0.557632	0.560082	0.564344	0.570533	0.577871	0.585630	0.593306	0.600598	0.607344	0.613476	0.618973	0.623850	0.628133	0.631859	0.635066	0.637793	0.640079	0.000000	0.290452	
1893	0.537042	0.541285	0.505681	0.512138	0.538745	0.549360	0.554089	0.559372	0.566041	0.573630	0.581547	0.589347	0.596751	0.603611	0.609856	0.615471	0.620465	0.624866	0.628708	0.632030	0.634871	0.637267	0.000000	0.264999	
1894	0.499409	0.519701	0.490000	0.519701	0.532397	0.543967	0.549790	0.555594	0.562477	0.570151	0.578111	0.585949	0.593401	0.600320	0.606637	0.612331	0.617411	0.621903	0.625840	0.629257	0.632192	0.634683	1.000000	0.322318	
1895	0.540731	0.544421	0.490185	0.490185	0.518326	0.534189	0.542340	0.549364	0.556916	0.564992	0.573226	0.581278	0.588914	0.596001	0.602478	0.608326	0.613556	0.618193	0.622270	0.625823	0.628890	0.631507	0.000000	0.295458	
1896	0.480961	0.486680	0.454397	0.454950	0.497201	0.519782	0.531416	0.540373	0.549072	0.557893	0.566656	0.575115	0.583089	0.590470	0.597209	0.603297	0.608750	0.613594	0.617867	0.621604	0.624845	0.627627	1.000000	0.310270	
1897	0.454766	0.471553	0.427463	0.461038	0.485147	0.509101	0.522619	0.532817	0.542300	0.551644	0.560788	0.569551	0.577783	0.585394	0.592346	0.598633	0.604274	0.609297	0.613739	0.617639	0.621035	0.623966	1.000000	0.375181	
1898	0.466941	0.511215	0.457717	0.511215	0.493836	0.509485	0.521193	0.530760	0.539909	0.549036	0.558034	0.566705	0.574888	0.582485	0.589448	0.595767	0.601454	0.606534	0.611041	0.615011	0.618481	0.621488	1.000000	0.316215	
1899	0.516196	0.543683	0.507526	0.540731	0.509468	0.515166	0.523636	0.531709	0.539972	0.548500	0.557073	0.565438	0.573403	0.580848	0.587708	0.593962	0.599614	0.604681	0.609191	0.613177	0.616673	0.619713	0.000000	0.275292	
1900	0.496273	0.516380	0.481699	0.481699	0.500212	0.509081	0.518393	0.526946	0.535490	0.544190	0.552885	0.561353	0.569416	0.576959	0.583922	0.590282	0.596040	0.601216	0.605836	0.609931	0.613534	0.616679	1.000000	0.428417	
1901	0.457717	0.511584	0.446833	0.509370	0.503264	0.509134	0.517266	0.525273	0.533481	0.541944	0.550468	0.558817	0.566806	0.574309	0.581260	0.587629	0.593414	0.598629	0.603298	0.607448	0.611112	0.614321	1.000000	0.414611	
1902	0.505681	0.517303	0.478010	0.481699	0.496076	0.504146	0.512820	0.521123	0.529497	0.538057	0.546647	0.555056	0.563105	0.570677	0.577704	0.584156	0.590029	0.595335	0.600098	0.604343	0.608102	0.611406	1.000000	0.305270	
1903	0.503836	0.540362	0.487602	0.525973	0.506042	0.508114	0.514464	0.521585	0.529226	0.537277	0.545499	0.553637	0.561491	0.568924	0.575856	0.582248	0.588088	0.593381	0.598147	0.602408	0.606192	0.609529	1.000000	0.314360	
1904	0.572092	0.586666	0.540731	0.577258	0.529780	0.520686	0.522313	0.526887	0.532921	0.539857	0.547263	0.554789	0.562176	0.569251	0.575906	0.582084	0.587759	0.592927	0.597597	0.601787	0.605519	0.608819	0.000000	0.358432	
1905	0.584636	0.603084	0.570616	0.575782	0.545114	0.530703	0.528997	0.531543	0.536218	0.542174	0.548847	0.555813	0.562768	0.569507	0.575902	0.581878	0.587396	0.592444	0.597023	0.601145	0.604828	0.608093	0.000000	0.339339	
1906	0.568403	0.582054	0.532614	0.545343	0.545190	0.533365	0.531040	0.532858	0.536920	0.542379	0.548653	0.555302	0.562010	0.568559	0.574810	0.580680	0.586122	0.591117	0.595663	0.599767	0.603444	0.606714	0.000000	0.342273	
1907	0.561023	0.578549	0.557150	0.568218	0.552866	0.539702	0.535687	0.536225	0.539327	0.544046	0.549740	0.555933	0.562280	0.568546	0.574575	0.580271	0.585580	0.590472	0.594941	0.598988	0.602625	0.605868	0.000000	0.438898	
1908	0.581316	0.597550	0.576151	0.596996	0.567576	0.550119	0.543351	0.542013	0.543764	0.547462	0.552365	0.557936	0.563790	0.569662	0.575376	0.580820	0.585926	0.590656	0.594995	0.598939	0.602494	0.605673	0.000000	0.387718	
1909	0.575782	0.587588	0.565451	0.585559	0.573570	0.556563	0.548627	0.546160	0.546979	0.549920	0.554209	0.559283	0.564736	0.570285	0.575739	0.580975	0.585914	0.590513	0.594747	0.598609	0.602100	0.605231	0.000000	0.335621	
1910	0.559179	0.571539	0.485389	0.536119	0.561087	0.552846	0.547063	0.545204	0.546143	0.549030	0.553204	0.558153	0.563492	0.568945	0.574324	0.579504	0.584406	0.588980	0.593204	0.597066	0.600566	0.603712	0.000000	0.315094	
1911	0.543129	0.579471	0.525051	0.579471	0.567215	0.557687	0.551114	0.548468	0.548707	0.550994	0.554663	0.559193	0.564187	0.569358	0.574508	0.579503	0.584256	0.588713	0.592842	0.596631	0.600075	0.603179	0.000000	0.423354	
1912	0.577626	0.582792	0.546266	0.575782	0.570070	0.560977	0.554198	0.551069	0.550790	0.552593	0.555837	0.560002	0.564691	0.569610	0.574554	0.579381	0.583999	0.588348	0.592393	0.596116	0.599510	0.602577	0.000000	0.414455	
1913	0.558256	0.570247	0.509555	0.523206	0.554449	0.554109	0.550324	0.548415	0.548668	0.550697	0.554024	0.558207	0.562887	0.567790	0.572720	0.577539	0.582157	0.586513	0.590573	0.594316	0.597736	0.600833	0.000000	0.391406	
1914	0.537042	0.559179	0.496457	0.503836	0.537578	0.544969	0.544513	0.544170	0.545219	0.547674	0.551236	0.555555	0.560320	0.565282	0.570260	0.575123	0.579784	0.584184	0.588290	0.592082	0.595552	0.598701	0.000000	0.342048	
1915	0.455688	0.491845	0.393151	0.485389	0.520182	0.534136	0.537122	0.538571	0.540617	0.543655	0.547577	0.552132	0.557062	0.562149	0.567229	0.572181	0.576923	0.581401	0.585582	0.589448	0.592990	0.596211	0.000000	0.439159	
1916	0.479854	0.502914	0.435580	0.454028	0.498130	0.519571	0.526736	0.530520	0.533956	0.537873	0.542380	0.547347	0.552582	0.557909	0.563186	0.568307	0.573199	0.577813	0.582120	0.586104	0.589759	0.593086	0.000000	0.325862	
1917	0.424512	0.466941	0.409569	0.424512	0.473591	0.502287	0.513958	0.520424	0.525537	0.530559	0.535832	0.541355	0.547014	0.552678	0.558233	0.563592	0.568693	0.573495	0.577973	0.582114	0.585916	0.589381	0.000000	0.328556	
1918	0.455873	0.457717	0.404404	0.409385	0.452189	0.485396	0.500886	0.509849	0.516603	0.522741	0.528807	0.534917	0.541030	0.547058	0.552917	0.558536	0.563866	0.568872	0.573536	0.577849	0.581810	0.585425	0.000000	0.283914	
1919	0.356440	0.394073	0.354411	0.374703	0.426360	0.465270	0.485113	0.496978	0.505687	0.513191	0.520246	0.527102	0.533798	0.540299	0.546552	0.552509	0.558134	0.563403	0.568304	0.572833	0.576994	0.580794	1.000000	0.334844	
1920	0.417133	0.428201	0.389830	0.428201	0.426974	0.458530	0.477999	0.490427	0.499727	0.507707	0.515132	0.522277	0.529207	0.535903	0.542326	0.548433	0.554196	0.559594	0.564617	0.569262	0.573534	0.577440	0.000000	0.356234	
1921	0.455873	0.466941	0.417686	0.435580	0.429843	0.454357	0.472697	0.485204	0.494792	0.503054	0.510713	0.518048	0.525136	0.531969	0.538513	0.544733	0.550602	0.556101	0.561221	0.565961	0.570325	0.574322	0.000000	0.341586	
1922	0.411598	0.415288	0.354595	0.374703	0.411463	0.439875	0.460448	0.474680	0.485555	0.494773	0.503157	0.511056	0.518596	0.525802	0.532663	0.539159	0.545272	0.550991	0.556313	0.561239	0.565776	0.569935	0.000000	0.305914	
1923	0.375072	0.378393	0.321390	0.341498	0.388141	0.421988	0.445579	0.461996	0.474473	0.484885	0.494176	0.502785	0.510896	0.518574	0.525835	0.532678	0.539097	0.545090	0.550660	0.555813	0.560560	0.564914	1.000000	0.341877	
1924	0.345925	0.376733	0.328584	0.356071	0.377451	0.410003	0.434390	0.451908	0.465366	0.476574	0.486503	0.495628	0.504164	0.512202	0.519772	0.526887	0.533550	0.539765	0.545539	0.550881	0.555805	0.560324	1.000000	0.239745	
1925	0.367140	0.404219	0.365664	0.400345	0.385083	0.408247	0.430135	0.446997	0.460364	0.471656	0.481717	0.490980	0.499650	0.507815	0.515507	0.522739	0.529514	0.535838	0.541718	0.547164	0.552189	0.556808	0.000000	0.343031	
1926	0.389092	0.408093	0.377101	0.393151	0.387772	0.405502	0.425512	0.441869	0.455194	0.466591	0.476796	0.486208	0.495020	0.503318	0.511137	0.518490	0.525382	0.531819	0.537808	0.543361	0.548491	0.553211	0.000000	0.396842	
1927	0.367324	0.380975	0.352751	0.359945	0.378496	0.397219	0.417316	0.434067	0.447867	0.459711	0.470305	0.480049	0.489147	0.497696	0.505738	0.513292	0.520368	0.526977	0.533128	0.538833	0.544106	0.548964	0.000000	0.306411	
1928	0.354042	0.368985	0.334119	0.350721	0.369238	0.388765	0.408992	0.426129	0.440394	0.452679	0.463661	0.473740	0.483129	0.491932	0.500201	0.507961	0.515228	0.522012	0.528328	0.534188	0.539609	0.544607	0.000000	0.375477	
1929	0.314564	0.337808	0.301098	0.308292	0.348923	0.374134	0.396404	0.414907	0.430233	0.443364	0.455029	0.465669	0.475527	0.484731	0.493347	0.501415	0.508957	0.515992	0.522537	0.528610	0.534229	0.539413	1.000000	0.215186	
1930	0.302204	0.303311	0.266047	0.266047	0.321298	0.354482	0.380110	0.400729	0.417603	0.431924	0.444530	0.455932	0.466419	0.476155	0.485230	0.493698	0.501596	0.508951	0.515788	0.522127	0.527992	0.533405	1.000000	0.307801	
1931	0.291689	0.301835	0.260328	0.301835	0.314810	0.344910	0.370325	0.391311	0.408698	0.423531	0.436603	0.448415	0.459264	0.469319	0.478680	0.487407	0.495543	0.503117	0.510157	0.516688	0.522733	0.528316	1.000000	0.458402	
1932	0.310506	0.337624	0.303496	0.326740	0.318787	0.341606	0.364877	0.385161	0.402393	0.417287	0.430499	0.442480	0.453502	0.463727	0.473253	0.482140	0.490427	0.498149	0.505330	0.511998	0.518175	0.523885	1.000000	0.462572	
1933	0.343342	0.355702	0.337808	0.353489	0.330354	0.343766	0.363454	0.382145	0.398631	0.413171	0.426221	0.438139	0.449153	0.459404	0.468976	0.477921	0.486278	0.494074	0.501335	0.508084	0.514345	0.520140	1.000000	0.318003	
1934	0.342420	0.372674	0.335226	0.361974	0.340894	0.347077	0.363269	0.380224	0.395812	0.409868	0.422652	0.434423	0.445363	0.455584	0.465155	0.474120	0.482511	0.490353	0.497667	0.504476	0.510802	0.516664	1.000000	0.356009	
1935	0.369169	0.373412	0.353489	0.358838	0.346876	0.349215	0.362715	0.378187	0.392967	0.406576	0.419107	0.430736	0.441601	0.451790	0.461358	0.470340	0.478763	0.486648	0.494014	0.500880	0.507267	0.513195	0.000000	0.379747	
1936	0.371014	0.402928	0.365664	0.394996	0.362916	0.357539	0.366750	0.379788	0.393123	0.405828	0.417767	0.428993	0.439575	0.449562	0.458987	0.467870	0.476225	0.484066	0.491408	0.498266	0.504657	0.510598	0.000000	0.501791	
1937	0.389646	0.405695	0.375072	0.379315	0.368382	0.361498	0.368321	0.379743	0.392061	0.404118	0.415631	0.426569	0.436955	0.446808	0.456142	0.464966	0.473288	0.481115	0.488458	0.495329	0.501742	0.507712	0.000000	0.397101	
1938	0.364557	0.377470	0.341867	0.354411	0.363725	0.360210	0.366582	0.377330	0.389165	0.400911	0.412230	0.423049	0.433366	0.443184	0.452509	0.461342	0.469686	0.477546	0.484931	0.491849	0.498315	0.504343	0.000000	0.505590	
1939	0.363635	0.374334	0.350537	0.361052	0.362834	0.360363	0.365891	0.375780	0.387003	0.398339	0.409387	0.420025	0.430222	0.439963	0.449242	0.458054	0.466394	0.474265	0.481671	0.488620	0.495123	0.501194	0.000000	0.425383	
1940	0.385772	0.392966	0.364742	0.373781	0.366483	0.362803	0.366877	0.375590	0.385986	0.396755	0.407408	0.417769	0.427768	0.437368	0.446547	0.455290	0.463587	0.471434	0.478832	0.485784	0.492301	0.498394	0.000000	0.566437	
1941	0.361790	0.378393	0.355149	0.373043	0.368670	0.364664	0.367648	0.375347	0.384990	0.395225	0.405499	0.415588	0.425388	0.434845	0.443922	0.452594	0.460844	0.468663	0.476048	0.483001	0.489528	0.495639	0.000000	0.324497	
1942	0.352566	0.359023	0.312351	0.312351	0.349897	0.355153	0.360736	0.369347	0.379402	0.389878	0.400324	0.410552	0.420474	0.430042	0.439223	0.447996	0.456344	0.464260	0.471740	0.478787	0.485407	0.491610	0.000000	0.370170	
1943	0.313826	0.330245	0.298515	0.321205	0.340333	0.348981	0.355794	0.364762	0.374926	0.385448	0.395929	0.406193	0.416158	0.425774	0.435008	0.443839	0.452249	0.460230	0.467778	0.474896	0.481589	0.487865	0.000000	0.468056	
1944	0.330245	0.332643	0.306078	0.314933	0.331866	0.342790	0.350687	0.360017	0.370311	0.380899	0.391429	0.401742	0.411757	0.421427	0.430720	0.439612	0.448088	0.456137	0.463756	0.470946	0.477713	0.484064	0.000000	0.472232	
1945	0.300913	0.315671	0.297408	0.309214	0.324316	0.336685	0.345503	0.355178	0.365611	0.376274	0.386862	0.397228	0.407298	0.417026	0.426380	0.435337	0.443879	0.451998	0.459689	0.466953	0.473794	0.480222	0.000000	0.391762	
1946	0.299068	0.309214	0.282466	0.287077	0.311903	0.327666	0.338199	0.348693	0.359570	0.370519	0.381318	0.391855	0.402071	0.411930	0.421405	0.430476	0.439128	0.447353	0.455147	0.462512	0.469452	0.475977	0.000000	0.410116	
1947	0.286155	0.294825	0.273242	0.273242	0.299016	0.317771	0.330080	0.341507	0.352929	0.364243	0.375314	0.386069	0.396470	0.406492	0.416114	0.425321	0.434101	0.442448	0.450360	0.457838	0.464889	0.471521	1.000000	0.389025	
1948	0.250551	0.263649	0.240959	0.243541	0.280524	0.304274	0.319262	0.332177	0.344515	0.356456	0.367993	0.379116	0.389821	0.400101	0.409950	0.419361	0.428326	0.436845	0.444917	0.452547	0.459742	0.466510	1.000000	0.434633	
1949	0.276931	0.288738	0.261251	0.286708	0.282586	0.301080	0.315193	0.327846	0.340068	0.351956	0.363477	0.374609	0.385338	0.395655	0.405549	0.415011	0.424035	0.432616	0.440754	0.448452	0.455718	0.462559	1.000000	0.502854	
1950	0.279698	0.300544	0.275271	0.289107	0.284759	0.298903	0.311932	0.324157	0.336148	0.347901	0.359346	0.370438	0.381154	0.391476	0.401390	0.410883	0.419946	0.428573	0.436763	0.444518	0.451843	0.458747	1.000000	0.409287	
1951	0.280436	0.315118	0.278960	0.310506	0.293341	0.301013	0.311754	0.322857	0.334176	0.345489	0.356632	0.367514	0.378082	0.388301	0.398144	0.407592	0.416630	0.425248	0.433441	0.441209	0.448556	0.455489	1.000000	0.490100	
1952	0.304049	0.315118	0.299991	0.299991	0.295558	0.300827	0.310284	0.320679	0.331546	0.342553	0.353485	0.364220	0.374687	0.384838	0.394639	0.404064	0.413095	0.421719	0.429929	0.437722	0.445101	0.452071	0.000000	0.504501	
1953	0.297224	0.311059	0.289291	0.302020	0.297712	0.301044	0.309251	0.318902	0.329275	0.339938	0.350626	0.361186	0.371527	0.381590	0.391331	0.400719	0.409729	0.418347	0.426563	0.434371	0.441773	0.448773	1.000000	0.509544	
1954	0.286708	0.291320	0.271397	0.271397	0.288940	0.295654	0.304519	0.314378	0.324823	0.335516	0.346225	0.356806	0.367174	0.377269	0.387048	0.396479	0.405538	0.414208	0.422479	0.430347	0.437811	0.444875	1.000000	0.588080	
1955	0.276931	0.281728	0.265863	0.269552	0.282478	0.290908	0.300148	0.310109	0.320571	0.331261	0.341965	0.352550	0.362930	0.373045	0.382852	0.392317	0.401417	0.410133	0.418455	0.426377	0.433898	0.441022	1.000000	0.559942	
1956	0.269552	0.290398	0.258853	0.288184	0.284380	0.290413	0.298653	0.308021	0.318080	0.328481	0.338977	0.349410	0.359680	0.369717	0.379471	0.388903	0.397986	0.406698	0.415027	0.422965	0.430510	0.437662	1.000000	0.420205	
1957	0.293534	0.293534	0.275086	0.275086	0.281282	0.287626	0.295707	0.304884	0.314773	0.325037	0.335428	0.345785	0.356002	0.366006	0.375743	0.385171	0.394261	0.402991	0.411344	0.419314	0.426895	0.434089	1.000000	0.517552	
1958	0.267523	0.270659	0.252027	0.266970	0.276511	0.283870	0.292115	0.301273	0.311095	0.321290	0.331625	0.341940	0.352131	0.362122	0.371858	0.381296	0.390404	0.399159	0.407545	0.415552	0.423176	0.430416	1.000000	0.506379	
1959	0.285233	0.306447	0.283572	0.304787	0.285936	0.287673	0.293699	0.301608	0.310610	0.320226	0.330134	0.340128	0.350072	0.359874	0.369462	0.378787	0.387810	0.396501	0.404841	0.412817	0.420423	0.427655	1.000000	0.473352	
1960	0.304418	0.318438	0.299806	0.302942	0.291605	0.290450	0.294854	0.301735	0.310020	0.319111	0.328623	0.338314	0.348023	0.357641	0.367087	0.376301	0.385238	0.393865	0.402159	0.410104	0.417690	0.424914	1.000000	0.447451	
1961	0.313642	0.340206	0.312904	0.336701	0.306637	0.298859	0.300085	0.305065	0.312073	0.320245	0.329072	0.338235	0.347531	0.356820	0.366001	0.375002	0.383767	0.392255	0.400437	0.408292	0.415807	0.422976	1.000000	0.493275	
1962	0.341498	0.365111	0.338731	0.343896	0.319057	0.307048	0.305561	0.308763	0.314521	0.321771	0.329895	0.338511	0.347373	0.356313	0.365212	0.373982	0.382559	0.390893	0.398949	0.406702	0.414135	0.421238	1.000000	0.571195	
1963	0.323050	0.352013	0.321205	0.348877	0.328997	0.314653	0.310976	0.312584	0.317163	0.323520	0.330950	0.339017	0.347438	0.356021	0.364629	0.373159	0.381538	0.389709	0.397631	0.405274	0.412617	0.419647	1.000000	0.495954	
1964	0.358654	0.373781	0.349061	0.354411	0.337468	0.321882	0.316405	0.316567	0.320029	0.325513	0.332253	0.339768	0.347741	0.355958	0.364264	0.372545	0.380716	0.388715	0.396494	0.404018	0.411263	0.418214	1.000000	0.607878	
1965	0.368616	0.373412	0.364004	0.371014	0.348650	0.330815	0.323231	0.321752	0.323951	0.328449	0.334407	0.341292	0.348753	0.356549	0.364505	0.372494	0.380422	0.388216	0.395823	0.403203	0.410327	0.417176	1.000000	0.520443	
1966	0.374334	0.388539	0.368247	0.381160	0.359487	0.339968	0.330472	0.327410	0.328351	0.331849	0.337004	0.343237	0.350162	0.357514	0.365100	0.372778	0.380444	0.388017	0.395437	0.402659	0.409649	0.416385	1.000000	0.654757	
1967	0.383927	0.387432	0.360868	0.365479	0.361484	0.344607	0.334848	0.331036	0.331207	0.334019	0.338586	0.344322	0.350828	0.357826	0.365113	0.372539	0.379991	0.387383	0.394649	0.401741	0.408622	0.415266	1.000000	0.543519	
1968	0.357178	0.368800	0.353120	0.362712	0.361894	0.347899	0.338331	0.334053	0.333631	0.335870	0.339926	0.345219	0.351345	0.358018	0.365027	0.372217	0.379467	0.386688	0.393808	0.400777	0.407554	0.414111	1.000000	0.609364	
1969	0.365480	0.371198	0.340206	0.340391	0.354726	0.346534	0.338589	0.334656	0.334151	0.336162	0.339952	0.344983	0.350869	0.357326	0.364148	0.371173	0.378283	0.385383	0.392403	0.399286	0.405992	0.412491	1.000000	0.516865	
1970	0.342420	0.348877	0.334857	0.337808	0.349087	0.344947	0.338491	0.334957	0.334432	0.336268	0.339833	0.344633	0.350301	0.356561	0.363207	0.370080	0.377057	0.384043	0.390966	0.397768	0.404407	0.410849	1.000000	0.586876	
1971	0.346663	0.352566	0.341313	0.352566	0.350247	0.346332	0.340251	0.336634	0.335827	0.337320	0.340540	0.345020	0.350399	0.356404	0.362827	0.369505	0.376315	0.383157	0.389955	0.396652	0.403201	0.409568	1.000000	0.564303	
1972	0.362890	0.363829	0.346929	0.354816	0.351770	0.347875	0.342071	0.338365	0.337288	0.338448	0.341333	0.345498	0.350591	0.356342	0.362541	0.369024	0.375663	0.382358	0.389031	0.395619	0.402076	0.408365	1.000000	0.572817	
1973	0.358195	0.365706	0.349558	0.360824	0.354788	0.350229	0.344415	0.340504	0.339098	0.339892	0.342416	0.346246	0.351036	0.356518	0.362479	0.368755	0.375213	0.381752	0.388288	0.394760	0.401116	0.407320	1.000000	0.564104	
1974	0.368898	0.393308	0.367584	0.392745	0.367440	0.357959	0.350456	0.345480	0.343225	0.343302	0.345212	0.348514	0.352850	0.357939	0.363560	0.369541	0.375745	0.382061	0.388406	0.394710	0.400922	0.407000	1.000000	0.473920	
1975	0.389740	0.410771	0.383169	0.403260	0.379380	0.366196	0.357057	0.350982	0.347843	0.347170	0.348437	0.351185	0.355041	0.359716	0.364978	0.370647	0.376578	0.382659	0.388797	0.394921	0.400976	0.406918	1.000000	0.552380	
1976	0.410958	0.418093	0.402509	0.409832	0.389531	0.374130	0.363654	0.356587	0.352611	0.351213	0.351848	0.354045	0.357424	0.361681	0.366580	0.371932	0.377586	0.383424	0.389350	0.395289	0.401182	0.406982	1.000000	0.567801	
1977	0.397627	0.401194	0.385046	0.391055	0.390039	0.377207	0.367079	0.359870	0.355569	0.353783	0.354026	0.355851	0.358886	0.362833	0.367454	0.372559	0.377994	0.383639	0.389395	0.395185	0.400947	0.406632	1.000000	0.571164	
1978	0.389177	0.410771	0.379601	0.410771	0.396949	0.383309	0.372540	0.364717	0.359815	0.357460	0.357179	0.358530	0.361142	0.364713	0.369001	0.373812	0.378987	0.384403	0.389958	0.395570	0.401175	0.406722	1.000000	0.557023	
1979	0.407015	0.419783	0.403260	0.408893	0.400931	0.387961	0.377084	0.368925	0.363590	0.360778	0.360052	0.360986	0.363218	0.366446	0.370426	0.374962	0.379894	0.385093	0.390456	0.395899	0.401354	0.406770	1.000000	0.524650	
1980	0.396500	0.400256	0.377160	0.377911	0.393257	0.386134	0.377188	0.369781	0.364692	0.361883	0.361044	0.361812	0.363857	0.366895	0.370693	0.375058	0.379834	0.384891	0.390126	0.395455	0.400809	0.406136	1.000000	0.492350	
1981	0.370400	0.395186	0.366082	0.381667	0.389394	0.385322	0.377748	0.370913	0.365997	0.363160	0.362190	0.362781	0.364631	0.367474	0.371085	0.375275	0.379889	0.384800	0.389903	0.395114	0.400364	0.405598	1.000000	0.512710	
1982	0.377160	0.387675	0.364204	0.369461	0.382750	0.382438	0.376712	0.370774	0.366264	0.363566	0.362594	0.363106	0.364841	0.367552	0.371027	0.375084	0.379573	0.384368	0.389365	0.394481	0.399645	0.404804	1.000000	0.556598	
1983	0.370400	0.384483	0.354816	0.384483	0.383327	0.382810	0.377683	0.372080	0.367665	0.364916	0.363810	0.364149	0.365695	0.368216	0.371508	0.375393	0.379722	0.384371	0.389237	0.394234	0.399293	0.404357	1.000000	0.470669	
1984	0.395937	0.396688	0.378850	0.387863	0.384839	0.383728	0.378956	0.373583	0.369219	0.366396	0.365146	0.365306	0.366659	0.368987	0.372092	0.375801	0.379969	0.384469	0.389201	0.394077	0.399027	0.403995	1.000000	0.650216	
1985	0.388990	0.391243	0.376034	0.379413	0.383031	0.382944	0.379013	0.374138	0.370003	0.367236	0.365939	0.365994	0.367213	0.369396	0.372353	0.375920	0.379952	0.384327	0.388943	0.393714	0.398571	0.403455	1.000000	0.617210	
1986	0.376033	0.384483	0.364955	0.364955	0.377005	0.379673	0.377256	0.373264	0.369615	0.367089	0.365884	0.365943	0.367115	0.369222	0.372089	0.375560	0.379497	0.383781	0.388312	0.393004	0.397789	0.402608	1.000000	0.514973	
1987	0.367772	0.387487	0.367772	0.387487	0.380499	0.381094	0.378535	0.374618	0.370990	0.368405	0.367084	0.366994	0.368001	0.369938	0.372639	0.375951	0.379740	0.383886	0.388290	0.392868	0.397550	0.402276	1.000000	0.524274	
1988	0.391243	0.392933	0.368523	0.375846	0.378948	0.380140	0.378199	0.374735	0.371363	0.368885	0.367571	0.367426	0.368342	0.370169	0.372754	0.375948	0.379622	0.383659	0.387963	0.392448	0.397045	0.401695	1.000000	0.434523	
1989	0.363829	0.385797	0.358759	0.374907	0.377601	0.379188	0.377787	0.374752	0.371636	0.369273	0.367978	0.367791	0.368627	0.370355	0.372830	0.375914	0.379479	0.383413	0.387619	0.392015	0.396530	0.401106	1.000000	0.610360	
1990	0.373217	0.388051	0.368523	0.378850	0.378017	0.379127	0.377920	0.375142	0.372191	0.369891	0.368582	0.368331	0.369072	0.370688	0.373045	0.376010	0.379460	0.383284	0.387388	0.391690	0.396119	0.400617	1.000000	0.650227	
1991	0.379038	0.384295	0.376221	0.380728	0.378921	0.379418	0.378271	0.375674	0.372847	0.370590	0.369257	0.368935	0.369579	0.371082	0.373320	0.376165	0.379498	0.383212	0.387213	0.391419	0.395761	0.400180	1.000000	0.572592	
1992	0.389928	0.407954	0.389177	0.405137	0.387660	0.384094	0.381629	0.378480	0.375331	0.372819	0.371250	0.370701	0.371125	0.372418	0.374456	0.377115	0.380275	0.383830	0.387685	0.391758	0.395979	0.400289	1.000000	0.553308	
1993	0.399129	0.405889	0.395937	0.401945	0.392422	0.387340	0.384169	0.380715	0.377379	0.374698	0.372956	0.372225	0.372465	0.373576	0.375438	0.377929	0.380932	0.384340	0.388060	0.392009	0.396118	0.400325	1.000000	0.515815	
1994	0.397627	0.416216	0.396688	0.401945	0.395596	0.389995	0.386391	0.382737	0.379268	0.376456	0.374566	0.373675	0.373747	0.374688	0.376385	0.378716	0.381568	0.384836	0.388425	0.392255	0.396253	0.400361	1.000000	0.485200	
1995	0.392933	0.404762	0.392182	0.395561	0.395585	0.391007	0.387537	0.383958	0.380522	0.377689	0.375733	0.374743	0.374695	0.375507	0.377069	0.379269	0.381992	0.385138	0.388613	0.392336	0.396237	0.400256	1.000000	0.573673	
1996	0.399504	0.412648	0.397627	0.412273	0.401147	0.394874	0.390629	0.386655	0.382964	0.379920	0.377763	0.376573	0.376329	0.376948	0.378327	0.380351	0.382910	0.385902	0.389236	0.392829	0.396610	0.400520	1.000000	0.628357	
1997	0.417718	0.430674	0.411897	0.414526	0.405607	0.398447	0.393616	0.389309	0.385392	0.382153	0.379805	0.378425	0.377990	0.378422	0.379620	0.381471	0.383868	0.386709	0.389901	0.393364	0.397027	0.400828	1.000000	0.626300	
1998	0.413587	0.426731	0.406827	0.420159	0.410458	0.402395	0.396934	0.392247	0.388066	0.384605	0.382047	0.380461	0.379823	0.380059	0.381067	0.382740	0.384968	0.387651	0.390698	0.394026	0.397565	0.401252	1.000000	0.574185	
1999	0.425792	0.444381	0.421286	0.440813	0.420576	0.409380	0.402419	0.396873	0.392124	0.388231	0.385312	0.383405	0.382475	0.382441	0.383201	0.384644	0.386660	0.389149	0.392016	0.395181	0.398570	0.402122	1.000000	0.651257	
2000	0.439124	0.460529	0.437058	0.446259	0.429137	0.416085	0.407899	0.401576	0.396288	0.391975	0.388698	0.386471	0.385248	0.384944	0.385453	0.386664	0.388466	0.390757	0.393444	0.396442	0.399679	0.403092	1.000000	0.566575	
2001	0.453957	0.460529	0.437058	0.439875	0.432716	0.420410	0.411896	0.405223	0.399641	0.395065	0.391541	0.389076	0.387623	0.387098	0.387397	0.388408	0.390024	0.392141	0.394666	0.397515	0.400614	0.403900	1.000000	0.468413	
2002	0.440250	0.451704	0.427670	0.437058	0.434163	0.423437	0.415041	0.408255	0.402519	0.397774	0.394070	0.391416	0.389772	0.389057	0.389170	0.390004	0.391449	0.393406	0.395781	0.398491	0.401462	0.404629	1.000000	0.533965	
2003	0.431425	0.443254	0.421661	0.434993	0.434440	0.425538	0.417535	0.410802	0.405017	0.400176	0.396343	0.393542	0.391738	0.390859	0.390807	0.391479	0.392769	0.394578	0.396813	0.399392	0.402242	0.405296	1.000000	0.625264	
2004	0.450765	0.453582	0.438936	0.450202	0.439694	0.430023	0.421618	0.414554	0.408493	0.403403	0.399335	0.396306	0.394280	0.393186	0.392928	0.393404	0.394509	0.396144	0.398218	0.400647	0.403357	0.406283	1.000000	0.483681	
2005	0.446447	0.456210	0.442691	0.456210	0.445199	0.434784	0.425942	0.418521	0.412163	0.406810	0.402495	0.399228	0.396973	0.395657	0.395188	0.395463	0.396379	0.397836	0.399744	0.402019	0.404586	0.407381	1.000000	0.508812	
2006	0.438936	0.442691	0.426543	0.427670	0.439356	0.433490	0.426158	0.419393	0.413356	0.408156	0.403894	0.400615	0.398308	0.396913	0.396348	0.396519	0.397327	0.398677	0.400479	0.402652	0.405123	0.407827	1.000000	0.476783	
2007	0.433678	0.438185	0.411334	0.418094	0.432269	0.430691	0.425150	0.419269	0.413721	0.408797	0.404682	0.401468	0.399168	0.397743	0.397125	0.397226	0.397956	0.399224	0.400943	0.403033	0.405425	0.408052	1.000000	0.434780	
2008	0.423914	0.431801	0.421098	0.425792	0.430110	0.429800	0.425230	0.419890	0.414649	0.409893	0.405855	0.402655	0.400325	0.398843	0.398149	0.398163	0.398800	0.399972	0.401597	0.403595	0.405898	0.408442	1.000000	0.494926	
2009	0.411709	0.421661	0.405701	0.416028	0.425416	0.427296	0.424080	0.419522	0.414755	0.410289	0.406420	0.403307	0.401008	0.399517	0.398787	0.398749	0.399322	0.400424	0.401976	0.403902	0.406134	0.408609	1.000000	0.506146	
2010	0.407015	0.434805	0.407015	0.424853	0.425228	0.426852	0.424177	0.420030	0.415532	0.411229	0.407444	0.404358	0.402045	0.400511	0.399718	0.399605	0.400096	0.401113	0.402578	0.404420	0.406569	0.408966	1.000000	0.439955	
2011	0.435180	0.444569	0.429923	0.429923	0.426793	0.427410	0.424895	0.420972	0.416639	0.412435	0.408693	0.405605	0.403257	0.401664	0.400797	0.400599	0.400999	0.401924	0.403298	0.405049	0.407112	0.409426	1.000000	0.530616	
2012	0.420159	0.445320	0.415653	0.427670	0.427085	0.427458	0.425242	0.421610	0.417487	0.413418	0.409747	0.406681	0.404318	0.402684	0.401757	0.401486	0.401808	0.402649	0.403939	0.405608	0.407590	0.409827	1.000000	0.426687	
2013	0.419220	0.424853	0.399505	0.401758	0.418643	0.422785	0.422306	0.419719	0.416277	0.412665	0.409304	0.406441	0.404207	0.402648	0.401757	0.401495	0.401806	0.402624	0.403882	0.405513	0.407455	0.409650	1.000000	0.514702	
2014	0.409832	0.410771	0.387299	0.397627	0.411637	0.418211	0.419221	0.417615	0.414843	0.411695	0.408655	0.406011	0.403921	0.402451	0.401609	0.401368	0.401679	0.402484	0.403717	0.405318	0.407226	0.409386	1.000000	0.459792	
2015	0.418281	0.431801	0.413587	0.427106	0.416794	0.419828	0.420207	0.418519	0.415786	0.412689	0.409680	0.407040	0.404929	0.403418	0.402520	0.402212	0.402450	0.403177	0.404333	0.405856	0.407688	0.409775	1.000000	0.499333	
2016	0.416404	0.432364	0.413024	0.420159	0.417915	0.419888	0.420201	0.418675	0.416123	0.413171	0.410262	0.407680	0.405591	0.404074	0.403150	0.402801	0.402987	0.403655	0.404749	0.406209	0.407978	0.410003	1.000000	0.539700	
2017	0.425041	0.436870	0.400068	0.413963	0.416598	0.418811	0.419421	0.418227	0.415956	0.413222	0.410468	0.407987	0.405955	0.404462	0.403536	0.403167	0.403319	0.403946	0.404992	0.406401	0.408118	0.410090	1.000000	0.502114	
2018	0.404199	0.427670	0.403448	0.414526	0.415907	0.418032	0.418809	0.417874	0.415846	0.413307	0.410693	0.408306	0.406328	0.404857	0.403929	0.403539	0.403659	0.404244	0.405243	0.406601	0.408267	0.410188	1.000000	0.462785	
2019	0.427106	0.442691	0.423351	0.440250	0.424022	0.422071	0.421489	0.420005	0.417724	0.415045	0.412335	0.409864	0.407803	0.406245	0.405226	0.404743	0.404768	0.405258	0.406164	0.407432	0.409010	0.410849	1.000000	0.589167	
2020	0.444569	0.449639	0.432552	0.442879	0.430307	0.425855	0.424163	0.422184	0.419659	0.416841	0.414032	0.411474	0.409328	0.407681	0.406570	0.405993	0.405923	0.406318	0.407130	0.408307	0.409798	0.411553	1.000000	0.501261	
2021	0.444193	0.451141	0.435556	0.449263	0.436626	0.430111	0.427301	0.424763	0.421936	0.418932	0.415989	0.413318	0.411064	0.409312	0.408095	0.407412	0.407236	0.407528	0.408239	0.409319	0.410716	0.412381	1.000000	0.508164	
2022	0.455647	0.457525	0.447385	0.452080	0.441777	0.434105	0.430398	0.427364	0.424255	0.421071	0.417994	0.415209	0.412847	0.410989	0.409666	0.408876	0.408595	0.408783	0.409393	0.410374	0.411678	0.413254	1.000000	0.568878	
2023	0.455084	0.456962	0.437621	0.442503	0.442019	0.435632	0.431911	0.428806	0.425658	0.422454	0.419356	0.416540	0.414137	0.412225	0.410839	0.409979	0.409622	0.409732	0.410264	0.411168	0.412395	0.413897	1.000000	0.472457	
2024	0.442503	0.458464	0.435180	0.457337	0.447125	0.439578	0.435089	0.431523	0.428095	0.424704	0.421466	0.418530	0.416015	0.413994	0.412499	0.411532	0.411068	0.411073	0.411503	0.412308	0.413440	0.414851	1.000000	0.516401	
2025	0.450577	0.468415	0.444006	0.463346	0.452532	0.443900	0.438621	0.434554	0.430807	0.427197	0.423793	0.420716	0.418073	0.415929	0.414315	0.413230	0.412652	0.412546	0.412867	0.413568	0.414600	0.415917	1.000000	0.530205	
2026	0.471420	0.486441	0.471232	0.481183	0.462082	0.450679	0.443942	0.438995	0.434682	0.430680	0.426981	0.423666	0.420817	0.418488	0.416704	0.415458	0.414729	0.414479	0.414665	0.415237	0.416149	0.417352	1.000000	0.505253	
2027	0.481184	0.499397	0.472171	0.478367	0.467511	0.455713	0.448245	0.442745	0.438042	0.433757	0.429836	0.426334	0.423319	0.420837	0.418906	0.417521	0.416658	0.416279	0.416341	0.416796	0.417596	0.418693	1.000000	0.571247	
2028	0.493764	0.514794	0.493764	0.511414	0.482145	0.465840	0.456141	0.449285	0.443686	0.438767	0.434368	0.430484	0.427149	0.424389	0.422210	0.420599	0.419529	0.418959	0.418843	0.419132	0.419778	0.420731	1.000000	0.481879	
2029	0.505593	0.510851	0.494703	0.501838	0.488709	0.472385	0.461853	0.454290	0.448159	0.442836	0.438116	0.433965	0.430397	0.427426	0.425054	0.423263	0.422023	0.421293	0.421027	0.421175	0.421686	0.422513	1.000000	0.541598	
2030	0.503152	0.511602	0.489258	0.503340	0.493586	0.478014	0.467039	0.458961	0.452404	0.446739	0.441740	0.437349	0.433568	0.430403	0.427850	0.425888	0.424487	0.423605	0.423193	0.423203	0.423585	0.424290	1.000000	0.507512	
2031	0.511226	0.514982	0.497332	0.502214	0.496462	0.482414	0.471436	0.463080	0.456236	0.450318	0.445100	0.440513	0.436553	0.433219	0.430505	0.428391	0.426843	0.425819	0.425273	0.425154	0.425414	0.426002	1.000000	0.502174	
2032	0.491511	0.492450	0.481747	0.487755	0.493560	0.483385	0.473476	0.465430	0.458660	0.452734	0.447469	0.442818	0.438779	0.435358	0.432550	0.430337	0.428688	0.427564	0.426917	0.426700	0.426863	0.427359	1.000000	0.554743	
2033	0.473673	0.474987	0.464472	0.472358	0.486493	0.481380	0.473336	0.466090	0.459714	0.454000	0.448852	0.444259	0.440239	0.436809	0.433972	0.431715	0.430012	0.428825	0.428113	0.427827	0.427921	0.428348	1.000000	0.477542	
2034	0.478367	0.480245	0.465599	0.468040	0.480342	0.478955	0.472674	0.466276	0.460354	0.454906	0.449918	0.445419	0.441448	0.438033	0.435188	0.432906	0.431164	0.429930	0.429164	0.428820	0.428854	0.429221	1.000000	0.534009	
2035	0.459590	0.484000	0.456774	0.484000	0.481561	0.479872	0.474090	0.467964	0.462173	0.456783	0.451811	0.447301	0.443298	0.439836	0.436932	0.434581	0.432765	0.431453	0.430607	0.430183	0.430137	0.430425	1.000000	0.508131	
2036	0.499960	0.511790	0.498270	0.504655	0.489259	0.484378	0.477910	0.471458	0.465441	0.459871	0.454747	0.450099	0.445965	0.442378	0.439350	0.436879	0.434944	0.433515	0.432555	0.432021	0.431870	0.432056	1.000000	0.461552	
2037	0.502777	0.507096	0.493952	0.502777	0.493765	0.487723	0.481019	0.474441	0.468313	0.462639	0.457415	0.452668	0.448435	0.444747	0.441616	0.439039	0.436999	0.435466	0.434403	0.433769	0.433519	0.433610	1.000000	0.465502	
2038	0.497895	0.500899	0.493389	0.500711	0.496080	0.490085	0.483480	0.476943	0.470805	0.465096	0.459821	0.455012	0.450708	0.446941	0.443726	0.441061	0.438930	0.437304	0.436148	0.435421	0.435081	0.435085	1.000000	0.405288	
2039	0.493389	0.503152	0.492637	0.494703	0.495621	0.490924	0.484883	0.478634	0.472644	0.467006	0.461759	0.456948	0.452621	0.448814	0.445547	0.442820	0.440620	0.438921	0.437689	0.436885	0.436468	0.436395	1.000000	0.439955	
2040	0.496205	0.497895	0.486066	0.493013	0.494752	0.491304	0.485899	0.480004	0.474210	0.468684	0.463495	0.458707	0.454377	0.450548	0.447242	0.444466	0.442208	0.440445	0.439145	0.438271	0.437783	0.437640	1.000000	0.570980	
2041	0.511474	0.519074	0.506154	0.517934	0.502479	0.496146	0.489904	0.483616	0.477574	0.471861	0.466519	0.461596	0.457141	0.453190	0.449767	0.446875	0.444502	0.442628	0.441218	0.440238	0.439647	0.439404	1.000000	0.460736	
2042	0.511474	0.520784	0.509004	0.516984	0.507314	0.499935	0.493289	0.486794	0.480605	0.474772	0.469323	0.464298	0.459742	0.455692	0.452167	0.449173	0.446699	0.444722	0.443212	0.442133	0.441445	0.441109	1.000000	0.516276	
2043	0.513374	0.527054	0.508054	0.511474	0.508701	0.502033	0.495562	0.489144	0.482980	0.477140	0.471665	0.466599	0.461992	0.457879	0.454285	0.451216	0.448662	0.446602	0.445009	0.443845	0.443074	0.442656	1.000000	0.435912	
2044	0.510524	0.511284	0.491903	0.501594	0.506332	0.501953	0.496316	0.490330	0.484412	0.478718	0.473327	0.468307	0.463713	0.459594	0.455975	0.452868	0.450266	0.448151	0.446498	0.445271	0.444435	0.443951	1.000000	0.561023	
2045	0.504634	0.506724	0.497793	0.501974	0.504879	0.501957	0.497023	0.491439	0.485763	0.480218	0.474919	0.469949	0.465377	0.461256	0.457618	0.454478	0.451833	0.449668	0.447957	0.446671	0.445773	0.445227	1.000000	0.488863	
2046	0.499883	0.503874	0.492853	0.492853	0.500870	0.500301	0.496502	0.491574	0.486308	0.481033	0.475915	0.471066	0.466572	0.462495	0.458876	0.455736	0.453076	0.450884	0.449139	0.447811	0.446868	0.446273	1.000000	0.548897	
2047	0.482973	0.486393	0.474233	0.479173	0.493638	0.496460	0.494336	0.490393	0.485759	0.480913	0.476096	0.471462	0.467119	0.463149	0.459601	0.456504	0.453867	0.451681	0.449929	0.448586	0.447619	0.446996	1.000000	0.439925	
2048	0.479363	0.484683	0.472713	0.475563	0.487613	0.492660	0.491989	0.488980	0.484975	0.480568	0.476067	0.471662	0.467487	0.463636	0.460171	0.457129	0.454524	0.452354	0.450604	0.449252	0.448269	0.447624	1.000000	0.433602	
2049	0.479553	0.488103	0.477653	0.488103	0.487776	0.491832	0.491503	0.488897	0.485215	0.481054	0.476735	0.472464	0.468383	0.464595	0.461169	0.458145	0.455542	0.453361	0.451591	0.450211	0.449195	0.448514	1.000000	0.402349	
2050	0.495513	0.496083	0.484493	0.488863	0.488139	0.491292	0.491173	0.488894	0.485496	0.481558	0.477409	0.473264	0.469273	0.465547	0.462158	0.459152	0.456551	0.454361	0.452572	0.451166	0.450118	0.449401	1.000000	0.463113	
2051	0.482593	0.483923	0.473853	0.477083	0.484453	0.488709	0.489412	0.487769	0.484849	0.481269	0.477391	0.473450	0.469613	0.465999	0.462691	0.459740	0.457173	0.455001	0.453217	0.451805	0.450745	0.450009	1.000000	0.526821	
2052	0.472523	0.481263	0.466823	0.479743	0.482883	0.487079	0.488203	0.487004	0.484456	0.481171	0.477522	0.473757	0.470053	0.466538	0.463300	0.460396	0.457857	0.455698	0.453915	0.452495	0.451419	0.450663	1.000000	0.515924	
2053	0.486773	0.500264	0.484493	0.497033	0.487600	0.488889	0.489307	0.487960	0.485424	0.482194	0.478606	0.474892	0.471226	0.467734	0.464505	0.461597	0.459045	0.456862	0.455049	0.453595	0.452480	0.451682	1.000000	0.433139	
2054	0.503493	0.507104	0.492093	0.493233	0.489478	0.489679	0.489798	0.488462	0.486024	0.482906	0.479418	0.475787	0.472183	0.468734	0.465531	0.462634	0.460081	0.457887	0.456054	0.454574	0.453428	0.452595	1.000000	0.512934	
2055	0.507294	0.532944	0.504824	0.532944	0.503967	0.497545	0.495191	0.492698	0.489634	0.486135	0.482392	0.478575	0.474825	0.471252	0.467938	0.464939	0.462289	0.460001	0.458078	0.456509	0.455277	0.454361	1.000000	0.473930	
2056	0.530474	0.544724	0.527814	0.541494	0.516476	0.505536	0.500979	0.497346	0.493623	0.489706	0.485675	0.481644	0.477724	0.474007	0.470565	0.467449	0.464689	0.462297	0.460273	0.458607	0.457282	0.456276	1.000000	0.431227	
2057	0.547194	0.559735	0.545484	0.550425	0.527792	0.513697	0.507160	0.502401	0.497992	0.493624	0.489273	0.485000	0.480885	0.477003	0.473417	0.470170	0.467287	0.464779	0.462645	0.460874	0.459448	0.458345	0.000000	0.473060	
2058	0.558975	0.559735	0.534274	0.539594	0.531726	0.518406	0.511214	0.505943	0.501192	0.496589	0.492068	0.487663	0.483437	0.479458	0.475781	0.472446	0.469478	0.466887	0.464670	0.462818	0.461312	0.460131	1.000000	0.400551	
2059	0.558785	0.558975	0.543774	0.558975	0.540809	0.525782	0.517184	0.510994	0.505637	0.500614	0.495785	0.491141	0.486721	0.482576	0.478752	0.475283	0.472190	0.469481	0.467152	0.465192	0.463583	0.462303	0.000000	0.445663	
2060	0.546624	0.558025	0.541494	0.556505	0.546041	0.531368	0.522099	0.515328	0.509550	0.504220	0.499159	0.494330	0.489755	0.485475	0.481529	0.477946	0.474745	0.471932	0.469503	0.467447	0.465744	0.464373	1.000000	0.453559	
2061	0.565815	0.566765	0.543394	0.546624	0.546235	0.534142	0.525165	0.518309	0.512402	0.506956	0.501796	0.496881	0.492228	0.487873	0.483854	0.480198	0.476923	0.474036	0.471533	0.469402	0.467625	0.466181	0.000000	0.531062	
2062	0.530474	0.537694	0.528574	0.530094	0.540855	0.533406	0.525781	0.519431	0.513763	0.508449	0.503368	0.498501	0.493874	0.489529	0.485505	0.481834	0.478534	0.475615	0.473074	0.470900	0.469078	0.467586	1.000000	0.378442	
2063	0.529144	0.536934	0.526864	0.535034	0.538915	0.533702	0.526938	0.520917	0.515399	0.510164	0.505127	0.500283	0.495664	0.491314	0.487274	0.483578	0.480246	0.477289	0.474704	0.472484	0.470612	0.469068	1.000000	0.499863	
2064	0.533324	0.533514	0.521544	0.526674	0.534834	0.532424	0.526905	0.521465	0.516266	0.511229	0.506324	0.501570	0.497012	0.492700	0.488681	0.484991	0.481653	0.478680	0.476072	0.473822	0.471916	0.470334	1.000000	0.403183	
2065	0.528574	0.553465	0.524014	0.553465	0.541044	0.536250	0.530225	0.524513	0.519128	0.513954	0.508943	0.504102	0.499467	0.495083	0.490995	0.487236	0.483829	0.480787	0.478109	0.475788	0.473812	0.472161	1.000000	0.498029	
2066	0.553465	0.561635	0.548524	0.553655	0.545248	0.539414	0.533153	0.527288	0.521784	0.516515	0.511427	0.506519	0.501823	0.497380	0.493233	0.489414	0.485945	0.482839	0.480097	0.477711	0.475669	0.473952	0.000000	0.492952	
2067	0.557075	0.571325	0.557075	0.561825	0.550773	0.543489	0.536737	0.530577	0.524864	0.519438	0.514227	0.509217	0.504431	0.499907	0.495683	0.491788	0.488245	0.485064	0.482247	0.479788	0.477673	0.475884	0.000000	0.413920	
2068	0.553275	0.555175	0.543014	0.549474	0.550340	0.544577	0.538329	0.532377	0.526757	0.521376	0.516185	0.511181	0.506390	0.501851	0.497604	0.493679	0.490100	0.486879	0.484017	0.481509	0.479342	0.477501	1.000000	0.313037	
2069	0.555175	0.563725	0.551184	0.556505	0.552395	0.546746	0.540601	0.534675	0.529045	0.523643	0.518425	0.513392	0.508569	0.503995	0.499707	0.495739	0.492112	0.488840	0.485924	0.483360	0.481137	0.479237	0.000000	0.495095	
2070	0.554795	0.564675	0.554795	0.558025	0.554272	0.548796	0.542779	0.536899	0.531274	0.525861	0.520625	0.515569	0.510719	0.506113	0.501790	0.497781	0.494110	0.490789	0.487822	0.485204	0.482925	0.480969	0.000000	0.375079	
2071	0.553275	0.573035	0.551755	0.573035	0.560526	0.553204	0.546561	0.540340	0.534487	0.528904	0.523537	0.518372	0.513428	0.508738	0.504334	0.500249	0.496501	0.493106	0.490064	0.487373	0.485021	0.482992	0.000000	0.437431	
2072	0.574175	0.585385	0.570565	0.573035	0.564696	0.556809	0.549870	0.543454	0.537452	0.531751	0.526287	0.521039	0.516020	0.511259	0.506788	0.502635	0.498821	0.495357	0.492247	0.489488	0.487067	0.484971	0.000000	0.464666	
2073	0.579875	0.591275	0.576455	0.590325	0.573239	0.562903	0.554927	0.547918	0.541519	0.535530	0.529844	0.524418	0.519251	0.514360	0.509772	0.505510	0.501594	0.498032	0.494828	0.491978	0.489469	0.487287	0.000000	0.382143	
2074	0.596976	0.600776	0.579305	0.586525	0.577668	0.567198	0.558877	0.551595	0.544981	0.538820	0.532993	0.527448	0.522176	0.517190	0.512513	0.508166	0.504167	0.500525	0.497242	0.494312	0.491726	0.489468	0.000000	0.386932	
2075	0.601726	0.604576	0.595075	0.601536	0.585624	0.573441	0.564209	0.556351	0.549332	0.542867	0.536801	0.531062	0.525626	0.520498	0.515692	0.511228	0.507118	0.503370	0.499986	0.496960	0.494280	0.491931	0.000000	0.448820	
2076	0.593175	0.601536	0.586525	0.588425	0.586558	0.576166	0.567236	0.559406	0.552339	0.545806	0.539669	0.533860	0.528356	0.523161	0.518290	0.513759	0.509582	0.505766	0.502313	0.499218	0.496469	0.494052	0.000000	0.406109	
2077	0.583675	0.584435	0.556125	0.561825	0.578313	0.573558	0.566560	0.559636	0.553068	0.546839	0.540900	0.535224	0.529812	0.524678	0.519845	0.515335	0.511165	0.507345	0.503880	0.500764	0.497989	0.495541	0.000000	0.455986	
2078	0.569425	0.580825	0.560875	0.579685	0.578771	0.574672	0.568201	0.561546	0.555116	0.548958	0.543055	0.537393	0.531980	0.526835	0.521982	0.517444	0.513241	0.509383	0.505874	0.502712	0.499889	0.497391	0.000000	0.400618	
2079	0.594125	0.594505	0.574175	0.577595	0.578379	0.575204	0.569375	0.563074	0.556845	0.550806	0.544974	0.539354	0.533963	0.528825	0.523968	0.519417	0.515191	0.511305	0.507762	0.504561	0.501696	0.499153	0.000000	0.402642	
2080	0.569615	0.582155	0.564675	0.575695	0.577484	0.575293	0.570165	0.564276	0.558295	0.552412	0.546680	0.541127	0.535778	0.530663	0.525815	0.521262	0.517025	0.513118	0.509550	0.506318	0.503417	0.500835	0.000000	0.469868	
2081	0.575885	0.578925	0.565435	0.568665	0.574544	0.574088	0.569977	0.564694	0.559093	0.553460	0.547902	0.542470	0.537208	0.532154	0.527346	0.522816	0.518590	0.514683	0.511105	0.507857	0.504934	0.502326	0.000000	0.398087	
2082	0.576835	0.579875	0.569425	0.575695	0.574928	0.574380	0.570692	0.565742	0.560370	0.554895	0.549446	0.544091	0.538881	0.533861	0.529072	0.524550	0.520320	0.516402	0.512805	0.509532	0.506580	0.503939	0.000000	0.444776	
2083	0.580825	0.584245	0.575695	0.577025	0.575627	0.574861	0.571484	0.566816	0.561651	0.556323	0.550978	0.545698	0.540539	0.535554	0.530785	0.526270	0.522038	0.518109	0.514495	0.511199	0.508218	0.505545	0.000000	0.373565	
2084	0.568475	0.571705	0.555365	0.564675	0.571976	0.573009	0.570633	0.566612	0.561884	0.556861	0.551739	0.546623	0.541589	0.536696	0.531995	0.527529	0.523330	0.519421	0.515815	0.512519	0.509531	0.506845	0.000000	0.388592	
2085	0.572275	0.572275	0.548714	0.550425	0.564792	0.568903	0.568107	0.565071	0.561002	0.556446	0.551666	0.546809	0.541973	0.537234	0.532654	0.528280	0.524151	0.520294	0.516726	0.513455	0.510482	0.507802	0.000000	0.409463	
2086	0.544534	0.547954	0.536744	0.540924	0.556836	0.563816	0.564709	0.562771	0.559458	0.555445	0.551069	0.546522	0.541927	0.537379	0.532949	0.528695	0.524660	0.520876	0.517363	0.514133	0.511190	0.508530	1.000000	0.321188	
2087	0.542824	0.544914	0.534844	0.535414	0.549696	0.558652	0.561047	0.560166	0.557608	0.554152	0.550199	0.545980	0.541644	0.537302	0.533037	0.528915	0.524986	0.521285	0.517838	0.514659	0.511753	0.509121	1.000000	0.271635	
2088	0.543204	0.547195	0.538074	0.539024	0.546139	0.555083	0.558294	0.558152	0.556179	0.553176	0.549579	0.545641	0.541530	0.537369	0.533251	0.529246	0.525411	0.521785	0.518396	0.515260	0.512388	0.509778	1.000000	0.311256	
2089	0.534274	0.535224	0.513564	0.518314	0.536864	0.548398	0.553297	0.554358	0.553266	0.550927	0.547842	0.544308	0.540521	0.536622	0.532717	0.528888	0.525196	0.521687	0.518393	0.515336	0.512525	0.509966	1.000000	0.337082	
2090	0.520974	0.528574	0.516604	0.528574	0.534100	0.544794	0.550206	0.551902	0.551367	0.549485	0.546771	0.543540	0.540001	0.536307	0.532569	0.528878	0.525298	0.521881	0.518661	0.515663	0.512899	0.510375	1.000000	0.339121	
2091	0.534274	0.537504	0.520024	0.520974	0.529725	0.540463	0.546552	0.548957	0.549029	0.547646	0.545338	0.542439	0.539174	0.535705	0.532155	0.528619	0.525167	0.521855	0.518722	0.515794	0.513086	0.510608	1.000000	0.330318	
2092	0.517174	0.544724	0.516224	0.544724	0.534725	0.541238	0.546324	0.548554	0.548698	0.547457	0.545304	0.542551	0.539415	0.536059	0.532604	0.529147	0.525760	0.522500	0.519406	0.516508	0.513822	0.511358	1.000000	0.297265	
2093	0.539974	0.550424	0.538264	0.544724	0.538058	0.541872	0.546124	0.548189	0.548392	0.547281	0.545272	0.542657	0.539646	0.536399	0.533037	0.529657	0.526335	0.523126	0.520073	0.517205	0.514541	0.512091	1.000000	0.377536	
2094	0.551375	0.560305	0.550425	0.559925	0.545347	0.545154	0.547849	0.549307	0.549279	0.548097	0.546086	0.543499	0.540528	0.537321	0.533997	0.530650	0.527352	0.524162	0.521121	0.518260	0.515596	0.513142	0.000000	0.364369	
2095	0.562585	0.565055	0.546434	0.548525	0.546406	0.545767	0.547933	0.549232	0.549221	0.548124	0.546221	0.543744	0.540876	0.537761	0.534516	0.531236	0.527994	0.524849	0.521843	0.519007	0.516362	0.513920	0.000000	0.351113	
2096	0.557265	0.558785	0.536174	0.536174	0.542995	0.544023	0.546464	0.547989	0.548217	0.547353	0.545663	0.543375	0.540671	0.537698	0.534575	0.531398	0.528242	0.525168	0.522220	0.519431	0.516823	0.514409	1.000000	0.367069	
2097	0.528574	0.529334	0.521164	0.525534	0.537175	0.540661	0.543847	0.545850	0.546473	0.545946	0.544545	0.542505	0.540013	0.537221	0.534252	0.531205	0.528160	0.525178	0.522307	0.519582	0.517025	0.514654	1.000000	0.361018	
2098	0.526674	0.527624	0.519074	0.521164	0.531838	0.537116	0.541012	0.543499	0.544526	0.544347	0.543246	0.541464	0.539194	0.536592	0.533785	0.530876	0.527948	0.525065	0.522277	0.519621	0.517122	0.514797	1.000000	0.365011	
2099	0.513106	0.515024	0.500827	0.508309	0.523995	0.531879	0.536924	0.540148	0.541740	0.542022	0.541305	0.539846	0.537851	0.535483	0.532875	0.530136	0.527353	0.524593	0.521909	0.519341	0.516917	0.514654	1.000000	0.334588	
2100	0.508117	0.509460	0.493920	0.495071	0.514354	0.525186	0.531692	0.535855	0.538150	0.538993	0.538736	0.537662	0.535991	0.533898	0.531525	0.528987	0.526375	0.523761	0.521203	0.518742	0.516409	0.514224	1.000000	0.445085	
2101	0.488164	0.500827	0.478763	0.490466	0.506391	0.518874	0.526539	0.531532	0.534482	0.535862	0.536055	0.535360	0.534011	0.532195	0.530059	0.527724	0.525286	0.522823	0.520394	0.518044	0.515805	0.513702	1.000000	0.432640	
2102	0.493920	0.501211	0.486437	0.501211	0.504664	0.515662	0.523373	0.528644	0.531923	0.533626	0.534119	0.533694	0.532585	0.530980	0.529028	0.526854	0.524557	0.522215	0.519889	0.517628	0.515466	0.513427	1.000000	0.427108	
2103	0.505623	0.506007	0.487397	0.503513	0.504281	0.513453	0.520891	0.526251	0.529737	0.531684	0.532419	0.532222	0.531321	0.529902	0.528117	0.526089	0.523919	0.521688	0.519458	0.517280	0.515188	0.513209	1.000000	0.342724	
2104	0.505431	0.510804	0.495647	0.499676	0.502746	0.510948	0.518239	0.523720	0.527425	0.529619	0.530600	0.530634	0.529945	0.528717	0.527101	0.525223	0.523184	0.521068	0.518938	0.516845	0.514827	0.512912	1.000000	0.407196	
2105	0.510420	0.525193	0.506583	0.522123	0.509205	0.512980	0.518724	0.523568	0.527017	0.529135	0.530129	0.530219	0.529605	0.528459	0.526924	0.525121	0.523152	0.521097	0.519022	0.516975	0.514997	0.513114	1.000000	0.433400	
2106	0.517135	0.533827	0.512338	0.525769	0.514726	0.515305	0.519605	0.523777	0.526921	0.528918	0.529886	0.530002	0.529438	0.528353	0.526882	0.525143	0.523232	0.521229	0.519199	0.517192	0.515247	0.513392	1.000000	0.365049	
2107	0.525769	0.538623	0.524234	0.536321	0.521924	0.519126	0.521694	0.524972	0.527644	0.529395	0.530244	0.530310	0.529738	0.528665	0.527219	0.525509	0.523628	0.521654	0.519650	0.517665	0.515737	0.513896	1.000000	0.372487	
2108	0.545914	0.548792	0.542460	0.543995	0.529281	0.523648	0.524482	0.526784	0.528902	0.530337	0.531008	0.530978	0.530358	0.529267	0.527818	0.526115	0.524245	0.522283	0.520290	0.518315	0.516395	0.514558	1.000000	0.448646	
2109	0.550710	0.552629	0.538623	0.542460	0.533674	0.527068	0.526729	0.528277	0.529945	0.531119	0.531644	0.531538	0.530884	0.529784	0.528341	0.526651	0.524797	0.522852	0.520874	0.518911	0.517001	0.515171	1.000000	0.442188	
2110	0.537280	0.545722	0.536321	0.539966	0.535772	0.529413	0.528384	0.529390	0.530716	0.531690	0.532106	0.531949	0.531279	0.530183	0.528757	0.527088	0.525257	0.523334	0.521376	0.519431	0.517535	0.515716	1.000000	0.392272	
2111	0.543995	0.558768	0.538239	0.553588	0.541711	0.533809	0.531534	0.531695	0.532475	0.533103	0.533300	0.533005	0.532249	0.531101	0.529643	0.527957	0.526116	0.524186	0.522224	0.520274	0.518373	0.516548	1.000000	0.346543	
2112	0.551286	0.557425	0.549367	0.555507	0.546309	0.537754	0.534531	0.533962	0.534247	0.534548	0.534534	0.534102	0.533260	0.532058	0.530567	0.528860	0.527006	0.525068	0.523100	0.521144	0.519237	0.517405	1.000000	0.415414	
2113	0.556466	0.558577	0.545146	0.554548	0.549055	0.540807	0.537033	0.535923	0.535808	0.535839	0.535646	0.535100	0.534185	0.532940	0.531424	0.529702	0.527841	0.525899	0.523927	0.521969	0.520058	0.518221	1.000000	0.470672	
2114	0.545722	0.548984	0.535937	0.541117	0.546409	0.540864	0.537544	0.536418	0.536217	0.536179	0.535949	0.535393	0.534487	0.533261	0.531770	0.530076	0.528243	0.526328	0.524380	0.522442	0.520548	0.518724	1.000000	0.322765	
2115	0.536321	0.536321	0.522891	0.524809	0.539209	0.537945	0.535952	0.535312	0.535339	0.535446	0.535331	0.534877	0.534066	0.532929	0.531521	0.529904	0.528139	0.526285	0.524391	0.522500	0.520647	0.518858	1.000000	0.474844	
2116	0.535362	0.541309	0.530949	0.530949	0.536456	0.536673	0.535326	0.534897	0.535002	0.535156	0.535087	0.534685	0.533931	0.532852	0.531501	0.529938	0.528224	0.526416	0.524564	0.522709	0.520887	0.519124	1.000000	0.404262	
2117	0.530949	0.540542	0.529222	0.535745	0.536219	0.536504	0.535379	0.534977	0.535059	0.535194	0.535124	0.534737	0.534009	0.532965	0.531652	0.530128	0.528452	0.526679	0.524858	0.523031	0.521232	0.519489	1.000000	0.370365	
2118	0.544955	0.556466	0.543995	0.556466	0.542968	0.540134	0.538015	0.537024	0.536705	0.536566	0.536309	0.535797	0.534986	0.533887	0.532539	0.530992	0.529301	0.527518	0.525690	0.523856	0.522051	0.520302	1.000000	0.487917	
2119	0.552821	0.561071	0.546298	0.548216	0.544717	0.541603	0.539290	0.538090	0.537591	0.537318	0.536971	0.536403	0.535561	0.534449	0.533098	0.531557	0.529874	0.528101	0.526282	0.524458	0.522660	0.520915	1.000000	0.490431	
2120	0.550710	0.552821	0.541885	0.552053	0.547163	0.543503	0.540885	0.539420	0.538703	0.538268	0.537809	0.537166	0.536278	0.535139	0.533775	0.532229	0.530546	0.528776	0.526961	0.525139	0.523344	0.521599	1.000000	0.484468	
2121	0.554164	0.558960	0.541501	0.543995	0.546107	0.543593	0.541274	0.539855	0.539110	0.538638	0.538153	0.537499	0.536614	0.535486	0.534140	0.532614	0.530954	0.529204	0.527409	0.525605	0.523824	0.522092	1.000000	0.430333	
2122	0.550135	0.553396	0.543228	0.545914	0.546043	0.544015	0.541854	0.540432	0.539634	0.539107	0.538584	0.537910	0.537018	0.535895	0.534561	0.533050	0.531407	0.529675	0.527896	0.526106	0.524338	0.522615	1.000000	0.305290	
2123	0.543995	0.548792	0.542077	0.547832	0.546639	0.544709	0.542601	0.541137	0.540264	0.539670	0.539098	0.538394	0.537488	0.536364	0.535035	0.533535	0.531905	0.530187	0.528421	0.526643	0.524884	0.523169	1.000000	0.395953	
2124	0.543803	0.545722	0.530949	0.530949	0.541409	0.542207	0.541145	0.540167	0.539548	0.539108	0.538645	0.538031	0.537204	0.536151	0.534889	0.533450	0.531876	0.530208	0.528487	0.526749	0.525025	0.523340	1.000000	0.372012	
2125	0.533251	0.544571	0.532676	0.543803	0.542207	0.542497	0.541477	0.540513	0.539875	0.539410	0.538931	0.538312	0.537491	0.536451	0.535207	0.533790	0.532237	0.530591	0.528890	0.527170	0.525462	0.523790	1.000000	0.323471	
2126	0.549175	0.555315	0.545722	0.555315	0.546576	0.544828	0.543207	0.541923	0.541063	0.540437	0.539842	0.539142	0.538266	0.537191	0.535925	0.534496	0.532937	0.531288	0.529586	0.527865	0.526156	0.524483	1.000000	0.421718	
2127	0.555507	0.557234	0.547449	0.552629	0.548594	0.546246	0.544385	0.542943	0.541953	0.541223	0.540552	0.539800	0.538890	0.537796	0.536522	0.535090	0.533533	0.531889	0.530192	0.528477	0.526772	0.525102	1.000000	0.366270	
2128	0.542652	0.545914	0.539007	0.545914	0.547701	0.546186	0.544576	0.543226	0.542257	0.541526	0.540850	0.540098	0.539196	0.538115	0.536857	0.535445	0.533909	0.532284	0.530606	0.528907	0.527217	0.525559	1.000000	0.385770	
2129	0.549751	0.555315	0.548792	0.552053	0.549152	0.547253	0.545510	0.544066	0.543011	0.542205	0.541472	0.540681	0.539755	0.538661	0.537400	0.535989	0.534458	0.532841	0.531170	0.529479	0.527794	0.526141	1.000000	0.476098	
2130	0.543995	0.561646	0.541885	0.561263	0.553189	0.549800	0.547479	0.545704	0.544415	0.543435	0.542572	0.541685	0.540690	0.539548	0.538252	0.536818	0.535271	0.533641	0.531962	0.530263	0.528573	0.526913	1.000000	0.439393	
2131	0.563181	0.568745	0.560495	0.566059	0.557479	0.552756	0.549802	0.547643	0.546080	0.544894	0.543877	0.542874	0.541793	0.540587	0.539245	0.537777	0.536204	0.534554	0.532859	0.531147	0.529444	0.527774	1.000000	0.336959	
2132	0.573734	0.579489	0.573350	0.577187	0.564048	0.557198	0.553225	0.550456	0.548473	0.546978	0.545727	0.544548	0.543332	0.542023	0.540601	0.539069	0.537446	0.535755	0.534026	0.532284	0.530555	0.528860	1.000000	0.404142	
2133	0.579489	0.588123	0.568937	0.572774	0.566957	0.560030	0.555669	0.552582	0.550342	0.548642	0.547230	0.545925	0.544612	0.543229	0.541750	0.540174	0.538516	0.536798	0.535046	0.533284	0.531537	0.529825	1.000000	0.404640	
2134	0.575652	0.580832	0.568745	0.569513	0.567809	0.561754	0.557399	0.554194	0.551817	0.549988	0.548468	0.547075	0.545694	0.544259	0.542741	0.541136	0.539455	0.537720	0.535953	0.534178	0.532420	0.530697	1.000000	0.418507	
2135	0.568937	0.574117	0.564141	0.568361	0.567993	0.562956	0.558769	0.555544	0.553089	0.551174	0.549573	0.548114	0.546680	0.545205	0.543656	0.542029	0.540331	0.538583	0.536805	0.535022	0.533256	0.531525	1.000000	0.362988	
2136	0.567018	0.567978	0.552629	0.562414	0.566133	0.562857	0.559225	0.556198	0.553807	0.551899	0.550286	0.548811	0.547364	0.545879	0.544326	0.542697	0.541001	0.539254	0.537479	0.535699	0.533934	0.532204	1.000000	0.354608	
2137	0.562798	0.563949	0.549175	0.556466	0.562911	0.561695	0.558880	0.556223	0.554011	0.552194	0.550630	0.549185	0.547760	0.546295	0.544760	0.543148	0.541469	0.539739	0.537979	0.536211	0.534458	0.532737	1.000000	0.412422	
2138	0.548984	0.548984	0.523850	0.534019	0.553280	0.556663	0.555772	0.554109	0.552473	0.551021	0.549707	0.548445	0.547162	0.545813	0.544376	0.542849	0.541243	0.539578	0.537875	0.536157	0.534448	0.532765	1.000000	0.277690	
2139	0.541117	0.547257	0.534402	0.538240	0.548267	0.553313	0.553581	0.552597	0.551378	0.550196	0.549070	0.547947	0.546774	0.545516	0.544157	0.542698	0.541152	0.539540	0.537884	0.536209	0.534536	0.532885	1.000000	0.412501	
2140	0.539391	0.557042	0.539391	0.548792	0.548442	0.552491	0.552982	0.552235	0.551179	0.550106	0.549054	0.547988	0.546862	0.545645	0.544322	0.542898	0.541384	0.539801	0.538171	0.536519	0.534867	0.533235	1.000000	0.462285	
2141	0.554931	0.558960	0.546298	0.549559	0.548814	0.551958	0.552554	0.551980	0.551055	0.550071	0.549082	0.548065	0.546979	0.545798	0.544509	0.543116	0.541632	0.540076	0.538471	0.536841	0.535209	0.533594	1.000000	0.369202	
2142	0.551670	0.558960	0.543420	0.555699	0.551109	0.552638	0.552947	0.552334	0.551412	0.550434	0.549450	0.548437	0.547358	0.546186	0.544909	0.543529	0.542058	0.540516	0.538924	0.537307	0.535685	0.534080	1.000000	0.414086	
2143	0.564908	0.567018	0.557617	0.562798	0.555005	0.554485	0.554179	0.553331	0.552288	0.551231	0.550191	0.549138	0.548030	0.546838	0.545548	0.544160	0.542686	0.541143	0.539553	0.537936	0.536316	0.534711	1.000000	0.402277	
2144	0.567978	0.568553	0.562606	0.565100	0.558370	0.556415	0.555544	0.554452	0.553273	0.552126	0.551020	0.549916	0.548772	0.547554	0.546246	0.544847	0.543366	0.541818	0.540225	0.538607	0.536985	0.535379	1.000000	0.322826	
2145	0.563373	0.572199	0.562222	0.571623	0.562788	0.559180	0.557554	0.556087	0.554685	0.553384	0.552164	0.550975	0.549765	0.548498	0.547153	0.545725	0.544222	0.542658	0.541051	0.539422	0.537791	0.536175	1.000000	0.371574	
2146	0.572774	0.574693	0.566443	0.567786	0.564454	0.560745	0.558833	0.557201	0.555693	0.554313	0.553032	0.551795	0.550549	0.549254	0.547889	0.546448	0.544936	0.543366	0.541755	0.540123	0.538488	0.536870	1.000000	0.388855	
2147	0.563181	0.571431	0.558577	0.569705	0.566204	0.562374	0.560192	0.558392	0.556770	0.555306	0.553958	0.552669	0.551382	0.550056	0.548669	0.547211	0.545687	0.544108	0.542490	0.540853	0.539214	0.537592	1.000000	0.468586	
2148	0.572582	0.576228	0.569896	0.572774	0.568394	0.564265	0.561765	0.559762	0.558002	0.556433	0.555004	0.553650	0.552312	0.550947	0.549529	0.548049	0.546507	0.544915	0.543287	0.541641	0.539995	0.538365	1.000000	0.389882	
2149	0.575268	0.591577	0.573925	0.591001	0.575930	0.569126	0.565419	0.562737	0.560540	0.558663	0.557004	0.555472	0.553994	0.552518	0.551011	0.549457	0.547856	0.546213	0.544543	0.542860	0.541181	0.539522	1.000000	0.342848	
2150	0.587739	0.599251	0.587164	0.590042	0.580634	0.572929	0.568497	0.565337	0.562809	0.560688	0.558839	0.557158	0.555561	0.553989	0.552405	0.550788	0.549134	0.547448	0.545740	0.544025	0.542317	0.540632	1.000000	0.434493	
2151	0.588891	0.596757	0.588891	0.596757	0.586008	0.577261	0.572029	0.568330	0.565421	0.563015	0.560946	0.559090	0.557352	0.555667	0.553989	0.552295	0.550577	0.548837	0.547083	0.545327	0.543583	0.541866	1.000000	0.356708	
2152	0.591577	0.599251	0.586396	0.595797	0.589271	0.580631	0.575000	0.570946	0.567757	0.565130	0.562882	0.560880	0.559024	0.557240	0.555482	0.553721	0.551947	0.550160	0.548365	0.546573	0.544798	0.543051	1.000000	0.291239	
2153	0.601361	0.605007	0.598484	0.600210	0.592918	0.584191	0.578152	0.573733	0.570254	0.567393	0.564956	0.562799	0.560815	0.558925	0.557079	0.555246	0.553410	0.551570	0.549729	0.547898	0.546086	0.544307	1.000000	0.461823	
2154	0.601170	0.603088	0.589274	0.589274	0.591703	0.585115	0.579542	0.575213	0.571717	0.568805	0.566307	0.564090	0.562052	0.560116	0.558229	0.556361	0.554497	0.552632	0.550770	0.548919	0.547091	0.545295	1.000000	0.329038	
2155	0.591960	0.595030	0.579489	0.580449	0.587952	0.584267	0.579655	0.575712	0.572389	0.569556	0.567092	0.564888	0.562852	0.560913	0.559023	0.557151	0.555283	0.553415	0.551551	0.549698	0.547866	0.546068	1.000000	0.360737	
2156	0.578914	0.590809	0.578530	0.586396	0.587433	0.584654	0.580498	0.576729	0.573466	0.570642	0.568165	0.565937	0.563876	0.561912	0.560000	0.558110	0.556226	0.554344	0.552468	0.550604	0.548762	0.546954	1.000000	0.388179	
2157	0.589082	0.602321	0.587739	0.601361	0.592076	0.587692	0.583106	0.579075	0.575612	0.572624	0.570009	0.567665	0.565505	0.563459	0.561477	0.559528	0.557594	0.555669	0.553754	0.551857	0.549986	0.548150	1.000000	0.368516	
2158	0.603088	0.603280	0.590809	0.599059	0.594404	0.589759	0.585100	0.580978	0.577415	0.574330	0.571623	0.569197	0.566964	0.564855	0.562820	0.560824	0.558850	0.556891	0.554947	0.553023	0.551127	0.549269	1.000000	0.357111	
2159	0.604623	0.607117	0.595989	0.603472	0.597426	0.592252	0.587397	0.583121	0.579420	0.576210	0.573392	0.570869	0.568552	0.566370	0.564271	0.562222	0.560202	0.558203	0.556224	0.554268	0.552344	0.550460	1.000000	0.381816	
2160	0.596757	0.601553	0.584861	0.585245	0.593366	0.590978	0.587128	0.583323	0.579868	0.576793	0.574051	0.571570	0.569277	0.567110	0.565021	0.562977	0.560961	0.558965	0.556987	0.555033	0.553109	0.551225	1.000000	0.339677	
2161	0.580065	0.589658	0.575652	0.587356	0.591362	0.590319	0.587156	0.583707	0.580444	0.577474	0.574790	0.572340	0.570063	0.567904	0.565818	0.563776	0.561761	0.559765	0.557787	0.555831	0.553906	0.552019	1.000000	0.429102	
2162	0.590042	0.594838	0.582367	0.592920	0.591882	0.590792	0.587877	0.584584	0.581404	0.578471	0.575797	0.573344	0.571057	0.568885	0.566786	0.564732	0.562705	0.560699	0.558711	0.556747	0.554813	0.552918	1.000000	0.385962	
2163	0.600978	0.602896	0.590425	0.593687	0.592483	0.591318	0.588603	0.585451	0.582348	0.579452	0.576791	0.574336	0.572041	0.569858	0.567747	0.565681	0.563644	0.561628	0.559631	0.557659	0.555717	0.553814	1.000000	0.418737	
2164	0.592344	0.600594	0.590042	0.596949	0.593972	0.592342	0.589646	0.586546	0.583472	0.580581	0.577911	0.575439	0.573124	0.570920	0.568790	0.566706	0.564653	0.562623	0.560614	0.558629	0.556676	0.554762	1.000000	0.370498	
2165	0.603472	0.613065	0.598675	0.612106	0.600016	0.595935	0.592453	0.588980	0.585674	0.582615	0.579811	0.577228	0.574819	0.572535	0.570337	0.568195	0.566091	0.564017	0.561969	0.559950	0.557965	0.556022	1.000000	0.382395	
2166	0.611146	0.618629	0.609419	0.615751	0.605261	0.599538	0.595366	0.591530	0.587988	0.584753	0.581807	0.579107	0.576598	0.574230	0.571959	0.569754	0.567596	0.565474	0.563384	0.561327	0.559309	0.557335	1.000000	0.412051	
2167	0.620739	0.621699	0.615943	0.619204	0.609909	0.603114	0.598345	0.594166	0.590389	0.586976	0.583885	0.581063	0.578451	0.575993	0.573646	0.571375	0.569160	0.566987	0.564853	0.562756	0.560702	0.558695	1.000000	0.420542	
2168	0.626495	0.628989	0.622658	0.625536	0.615118	0.607191	0.601744	0.597153	0.593093	0.589463	0.586199	0.583232	0.580498	0.577936	0.575499	0.573151	0.570868	0.568637	0.566450	0.564307	0.562210	0.560164	1.000000	0.341591	
2169	0.623617	0.634169	0.622850	0.634169	0.621468	0.612096	0.605797	0.600679	0.596252	0.592348	0.588864	0.585717	0.582832	0.580142	0.577595	0.575152	0.572787	0.570483	0.568232	0.566032	0.563883	0.561790	1.000000	0.391891	
2170	0.623617	0.637047	0.623042	0.630332	0.624423	0.615412	0.608864	0.603503	0.598874	0.594798	0.591168	0.587894	0.584897	0.582110	0.579478	0.576961	0.574530	0.572169	0.569866	0.567619	0.565428	0.563297	1.000000	0.435358	
2171	0.634169	0.651245	0.632251	0.648751	0.632532	0.621473	0.613850	0.607812	0.602711	0.598279	0.594367	0.590862	0.587673	0.584723	0.581952	0.579315	0.576780	0.574326	0.571942	0.569622	0.567366	0.565175	0.000000	0.369865	
2172	0.632251	0.642995	0.623042	0.632251	0.632438	0.623433	0.616150	0.610140	0.604983	0.600471	0.596471	0.592881	0.589611	0.586587	0.583749	0.581050	0.578460	0.575958	0.573529	0.571169	0.568875	0.566649	0.000000	0.330774	
2173	0.632443	0.655274	0.632443	0.636088	0.633655	0.625734	0.618642	0.612611	0.607376	0.602769	0.598672	0.594989	0.591632	0.588528	0.585618	0.582855	0.580207	0.577651	0.575175	0.572772	0.570438	0.568175	0.000000	0.450201	
2174	0.641844	0.649135	0.635896	0.641844	0.636385	0.628663	0.621543	0.615395	0.610027	0.605290	0.601071	0.597274	0.593815	0.590619	0.587626	0.584789	0.582075	0.579460	0.576930	0.574477	0.572099	0.569794	0.000000	0.403781	
2175	0.648559	0.652588	0.631292	0.632251	0.635007	0.629315	0.622881	0.617000	0.611737	0.607029	0.602803	0.598981	0.595486	0.592252	0.589220	0.586345	0.583595	0.580947	0.578386	0.575904	0.573498	0.571167	0.000000	0.378130	
2176	0.634169	0.646065	0.630908	0.636088	0.635367	0.630547	0.624532	0.618818	0.613610	0.608904	0.604652	0.600791	0.597252	0.593971	0.590893	0.587976	0.585186	0.582500	0.579904	0.577390	0.574953	0.572594	0.000000	0.394624	
2177	0.640117	0.643570	0.621698	0.621698	0.630811	0.628938	0.624178	0.619093	0.614232	0.609729	0.605599	0.601811	0.598314	0.595058	0.591994	0.589082	0.586292	0.583604	0.581004	0.578484	0.576040	0.573673	0.000000	0.315296	
2178	0.623617	0.628222	0.588891	0.588891	0.616837	0.621657	0.619767	0.616216	0.612283	0.608385	0.604671	0.601180	0.597905	0.594816	0.591883	0.589075	0.586371	0.583753	0.581212	0.578741	0.576339	0.574007	1.000000	0.438096	
2179	0.608844	0.624960	0.600210	0.623809	0.619161	0.622048	0.620272	0.616939	0.613169	0.609380	0.605734	0.602284	0.599031	0.595953	0.593023	0.590214	0.587505	0.584881	0.582332	0.579854	0.577443	0.575102	1.000000	0.336445	
2180	0.622658	0.630140	0.593879	0.604239	0.614187	0.618810	0.618268	0.615730	0.612482	0.609048	0.605651	0.602380	0.599257	0.596278	0.593424	0.590674	0.588013	0.585427	0.582909	0.580456	0.578066	0.575742	1.000000	0.332562	
2181	0.598675	0.621315	0.593495	0.614024	0.614133	0.617940	0.617738	0.615567	0.612601	0.609369	0.606116	0.602948	0.599899	0.596974	0.594159	0.591440	0.588801	0.586232	0.583728	0.581285	0.578903	0.576584	1.000000	0.357791	
2182	0.624576	0.627454	0.613257	0.616902	0.615056	0.617751	0.617633	0.615694	0.612932	0.609855	0.606715	0.603628	0.600639	0.597756	0.594972	0.592274	0.589652	0.587096	0.584601	0.582164	0.579786	0.577470	1.000000	0.327881	
2183	0.616710	0.630332	0.615367	0.630332	0.620148	0.620039	0.619221	0.617089	0.614270	0.611176	0.608028	0.604931	0.601930	0.599033	0.596234	0.593522	0.590885	0.588314	0.585804	0.583353	0.580962	0.578632	1.000000	0.281566	
2184	0.633978	0.636856	0.620547	0.623617	0.621304	0.620689	0.619770	0.617710	0.614989	0.611979	0.608894	0.605842	0.602873	0.599997	0.597212	0.594509	0.591877	0.589309	0.586799	0.584348	0.581954	0.579620	1.000000	0.303804	
2185	0.636088	0.643379	0.633210	0.643379	0.628663	0.624815	0.622721	0.620155	0.617173	0.614005	0.610809	0.607674	0.604634	0.601698	0.598861	0.596111	0.593438	0.590832	0.588288	0.585805	0.583382	0.581021	0.000000	0.446392	
2186	0.641652	0.653355	0.638007	0.649710	0.635678	0.629341	0.626095	0.622970	0.619676	0.616308	0.612971	0.609724	0.606594	0.603581	0.600677	0.597869	0.595143	0.592490	0.589905	0.587383	0.584925	0.582531	0.000000	0.438571	
2187	0.657576	0.661030	0.651629	0.653355	0.641571	0.633707	0.629502	0.625864	0.622267	0.618699	0.615214	0.611852	0.608627	0.605533	0.602559	0.599688	0.596907	0.594205	0.591574	0.589012	0.586516	0.584088	0.000000	0.425762	
2188	0.652204	0.658919	0.638007	0.638966	0.640702	0.634663	0.630685	0.627111	0.623551	0.620006	0.616534	0.613175	0.609946	0.606844	0.603859	0.600976	0.598181	0.595466	0.592822	0.590245	0.587736	0.585294	0.000000	0.368628	
2189	0.643187	0.651437	0.638966	0.644338	0.641914	0.636422	0.632392	0.628752	0.625150	0.621576	0.618078	0.614695	0.611441	0.608315	0.605305	0.602397	0.599580	0.596842	0.594177	0.591581	0.589052	0.586591	0.000000	0.418002	
2190	0.654123	0.658152	0.647792	0.649135	0.644321	0.638734	0.634485	0.630693	0.626995	0.623354	0.619804	0.616375	0.613080	0.609915	0.606870	0.603930	0.601082	0.598315	0.595623	0.593002	0.590450	0.587966	0.000000	0.236190	
2191	0.651053	0.670239	0.647024	0.668704	0.652449	0.644183	0.638762	0.634313	0.630204	0.626280	0.622520	0.618928	0.615498	0.612221	0.609078	0.606053	0.603131	0.600298	0.597547	0.594871	0.592269	0.589741	0.000000	0.389513	
2192	0.674268	0.684053	0.664867	0.664867	0.656588	0.647944	0.642025	0.637223	0.632870	0.628769	0.624873	0.621169	0.617645	0.614285	0.611071	0.607982	0.605002	0.602117	0.599318	0.596600	0.593958	0.591392	0.000000	0.405628	
2193	0.659303	0.678297	0.659303	0.670623	0.661266	0.652067	0.645600	0.640404	0.635774	0.631469	0.627415	0.623581	0.619948	0.616495	0.613198	0.610036	0.606990	0.604047	0.601195	0.598427	0.595741	0.593133	0.000000	0.368998	
2194	0.678297	0.683286	0.672541	0.677338	0.666624	0.656662	0.649567	0.643922	0.638971	0.634429	0.630188	0.626203	0.622444	0.618881	0.615488	0.612242	0.609122	0.606111	0.603198	0.600376	0.597638	0.594984	0.000000	0.327445	
2195	0.675611	0.683094	0.668321	0.683094	0.672114	0.661468	0.653758	0.647652	0.642365	0.637568	0.633127	0.628979	0.625080	0.621399	0.617903	0.614565	0.611363	0.608280	0.605301	0.602418	0.599626	0.596920	0.000000	0.344068	
2196	0.685972	0.692687	0.680216	0.688850	0.677692	0.666446	0.658144	0.651576	0.645941	0.640877	0.636223	0.631899	0.627853	0.624044	0.620437	0.617001	0.613712	0.610549	0.607500	0.604552	0.601701	0.598941	0.000000	0.399591	
2197	0.679257	0.681943	0.669664	0.669664	0.675016	0.667031	0.659584	0.653298	0.647766	0.642734	0.638081	0.633741	0.629671	0.625833	0.622195	0.618727	0.615407	0.612215	0.609136	0.606160	0.603281	0.600495	0.000000	0.340820	
2198	0.664867	0.679065	0.662757	0.678297	0.676110	0.669080	0.661923	0.655679	0.650114	0.645028	0.640315	0.635915	0.631785	0.627890	0.624198	0.620681	0.617313	0.614076	0.610956	0.607941	0.605026	0.602205	0.000000	0.302526	
2199	0.678489	0.683669	0.675036	0.676379	0.676199	0.670407	0.663730	0.657651	0.652135	0.647051	0.642319	0.637889	0.633724	0.629792	0.626062	0.622507	0.619103	0.615831	0.612677	0.609631	0.606685	0.603835	0.000000	0.412108	
2200	0.685012	0.696524	0.683094	0.695373	0.682590	0.674946	0.667686	0.661243	0.655461	0.650169	0.645266	0.640693	0.636404	0.632364	0.628537	0.624896	0.621414	0.618072	0.614853	0.611748	0.608748	0.605847	0.000000	0.387083	
2201	0.694605	0.701129	0.688082	0.688082	0.684421	0.677334	0.670235	0.663799	0.657970	0.652615	0.647645	0.643004	0.638651	0.634549	0.630664	0.626967	0.623434	0.620044	0.616780	0.613633	0.610593	0.607654	0.000000	0.329713	
2202	0.697483	0.699210	0.685972	0.685972	0.684938	0.678905	0.672202	0.665911	0.660124	0.654767	0.649774	0.645100	0.640709	0.636565	0.632639	0.628902	0.625329	0.621901	0.618601	0.615419	0.612346	0.609376	0.000000	0.348840	
2203	0.684053	0.695948	0.664867	0.668704	0.679527	0.677050	0.671765	0.666177	0.660784	0.655666	0.650826	0.646252	0.641926	0.637826	0.633927	0.630207	0.626644	0.623219	0.619920	0.616735	0.613656	0.610679	0.000000	0.287700	
2204	0.675995	0.678105	0.663908	0.668704	0.675919	0.675533	0.671382	0.666418	0.661393	0.656507	0.651819	0.647347	0.643090	0.639037	0.635169	0.631469	0.627918	0.624501	0.621204	0.618018	0.614936	0.611955	0.000000	0.284113	
2205	0.664675	0.664867	0.651437	0.653164	0.668334	0.671466	0.669105	0.665155	0.660760	0.656291	0.651894	0.647631	0.643528	0.639591	0.635812	0.632180	0.628683	0.625308	0.622045	0.618886	0.615825	0.612860	0.000000	0.318284	
2206	0.661030	0.662373	0.647024	0.653164	0.663277	0.668138	0.667112	0.664013	0.660176	0.656090	0.651964	0.647901	0.643947	0.640123	0.636432	0.632868	0.629425	0.626093	0.622864	0.619732	0.616694	0.613746	0.000000	0.245390	
2207	0.657385	0.661030	0.650478	0.656425	0.660993	0.666008	0.665776	0.663291	0.659887	0.656111	0.652212	0.648316	0.644490	0.640762	0.637146	0.633641	0.630243	0.626947	0.623747	0.620638	0.617618	0.614684	0.000000	0.352933	
2208	0.661989	0.666018	0.656233	0.657193	0.659726	0.664405	0.664703	0.662710	0.659680	0.656181	0.652489	0.648749	0.645042	0.641406	0.637862	0.634413	0.631060	0.627799	0.624627	0.621541	0.618538	0.615618	0.000000	0.303413	
2209	0.661413	0.662948	0.658152	0.659111	0.659521	0.663443	0.664004	0.662367	0.659636	0.656370	0.652857	0.649255	0.645654	0.642101	0.638621	0.635223	0.631910	0.628681	0.625534	0.622468	0.619482	0.616574	0.000000	0.306368	
2210	0.655466	0.664100	0.654890	0.661030	0.660024	0.663004	0.663633	0.662240	0.659744	0.656671	0.653311	0.649829	0.646322	0.642843	0.639421	0.636069	0.632792	0.629592	0.626468	0.623420	0.620448	0.617551	0.000000	0.386441	
2211	0.663140	0.669663	0.658152	0.658344	0.659464	0.662157	0.662972	0.661869	0.659636	0.656779	0.653590	0.650245	0.646845	0.643451	0.640097	0.636799	0.633567	0.630402	0.627307	0.624283	0.621329	0.618448	0.000000	0.223001	
2212	0.654315	0.657193	0.639350	0.639350	0.652759	0.658010	0.660019	0.659724	0.658075	0.655654	0.652799	0.649713	0.646519	0.643290	0.640070	0.636883	0.633742	0.630654	0.627624	0.624655	0.621748	0.618907	0.000000	0.303523	
2213	0.643571	0.645681	0.631675	0.633786	0.646435	0.653606	0.656740	0.657254	0.656207	0.654243	0.651743	0.648936	0.645965	0.642917	0.639846	0.636781	0.633743	0.630742	0.627786	0.624880	0.622028	0.619234	0.000000	0.263874	
2214	0.638007	0.638966	0.607309	0.607309	0.633393	0.645188	0.650561	0.652497	0.652446	0.651215	0.649274	0.646906	0.644285	0.641521	0.638684	0.635815	0.632942	0.630082	0.627247	0.624446	0.621686	0.618972	0.000000	0.333525	
2215	0.617478	0.629181	0.614983	0.629181	0.631989	0.642278	0.647888	0.650277	0.650656	0.649794	0.648158	0.646041	0.643628	0.641037	0.638344	0.635598	0.632828	0.630057	0.627298	0.624563	0.621860	0.619197	0.000000	0.325070	
2216	0.632251	0.637239	0.625536	0.636088	0.633355	0.641152	0.646413	0.648925	0.649535	0.648909	0.647487	0.645555	0.643300	0.640843	0.638264	0.635614	0.632927	0.630227	0.627530	0.624848	0.622191	0.619568	0.000000	0.352261	
2217	0.640117	0.641844	0.634745	0.637047	0.634586	0.640406	0.645243	0.647794	0.648575	0.648144	0.646907	0.645140	0.643028	0.640694	0.638220	0.635661	0.633052	0.630419	0.627780	0.625149	0.622537	0.619952	0.000000	0.387130	
2218	0.633594	0.635896	0.629373	0.635896	0.635023	0.639586	0.644074	0.646661	0.647599	0.647354	0.646296	0.644690	0.642718	0.640506	0.638137	0.635668	0.633138	0.630573	0.627994	0.625414	0.622847	0.620302	0.000000	0.390885	
2219	0.640885	0.647983	0.638390	0.647983	0.639343	0.641113	0.644563	0.646787	0.647629	0.647395	0.646389	0.644850	0.642947	0.640799	0.638489	0.636072	0.633588	0.631064	0.628520	0.625972	0.623432	0.620911	0.000000	0.372716	
2220	0.649135	0.650094	0.638007	0.641844	0.640177	0.641246	0.644223	0.646316	0.647184	0.647036	0.646137	0.644704	0.642899	0.640840	0.638609	0.636261	0.633838	0.631367	0.628870	0.626364	0.623860	0.621371	0.000000	0.307994	
2221	0.638007	0.651437	0.638007	0.651437	0.643930	0.643099	0.645125	0.646804	0.647511	0.647320	0.646431	0.645032	0.643270	0.641256	0.639067	0.636759	0.634371	0.631933	0.629464	0.626983	0.624501	0.622032	0.000000	0.377882	
2222	0.647024	0.650478	0.643187	0.644722	0.644194	0.643394	0.645074	0.646605	0.647297	0.647153	0.646336	0.645017	0.643333	0.641392	0.639269	0.637020	0.634685	0.632293	0.629866	0.627421	0.624972	0.622530	0.000000	0.375070	
2223	0.644914	0.649326	0.639158	0.640885	0.643091	0.642938	0.644551	0.646061	0.646803	0.646748	0.646034	0.644815	0.643227	0.641372	0.639326	0.637147	0.634873	0.632535	0.630156	0.627753	0.625342	0.622934	0.000000	0.260900	
2224	0.645873	0.648367	0.634553	0.638582	0.641588	0.642146	0.643805	0.645348	0.646171	0.646221	0.645620	0.644511	0.643025	0.641262	0.639300	0.637194	0.634985	0.632705	0.630377	0.628020	0.625650	0.623278	0.000000	0.384720	
2225	0.633977	0.635704	0.623425	0.629565	0.637580	0.639858	0.642025	0.643845	0.644894	0.645147	0.644728	0.643782	0.642440	0.640804	0.638952	0.636944	0.634821	0.632617	0.630356	0.628059	0.625741	0.623416	0.000000	0.237582	
2226	0.633402	0.636855	0.619588	0.628414	0.634525	0.637777	0.640323	0.642376	0.643626	0.644067	0.643821	0.643032	0.641830	0.640318	0.638576	0.636664	0.634627	0.632498	0.630305	0.628067	0.625803	0.623526	0.000000	0.261687	
2227	0.628030	0.631483	0.614216	0.616326	0.628459	0.633877	0.637324	0.639895	0.641526	0.642278	0.642294	0.641730	0.640721	0.639377	0.637781	0.635997	0.634072	0.632043	0.629937	0.627777	0.625582	0.623367	0.000000	0.348630	
2228	0.614408	0.624576	0.613257	0.617861	0.624926	0.630965	0.634891	0.637796	0.639706	0.640702	0.640936	0.640565	0.639727	0.638533	0.637070	0.635403	0.633581	0.631643	0.629619	0.627533	0.625403	0.623246	0.000000	0.273849	
2229	0.620739	0.635512	0.618245	0.633210	0.627687	0.631373	0.634681	0.637359	0.639206	0.640219	0.640507	0.640207	0.639444	0.638324	0.636932	0.635331	0.633570	0.631688	0.629714	0.627673	0.625584	0.623465	0.000000	0.373044	
2230	0.631292	0.635129	0.627263	0.629949	0.628441	0.631114	0.634089	0.636654	0.638494	0.639556	0.639921	0.639706	0.639031	0.637996	0.636683	0.635154	0.633460	0.631639	0.629720	0.627729	0.625686	0.623608	0.000000	0.390479	
2231	0.624576	0.625536	0.608460	0.612106	0.622996	0.627658	0.631341	0.634316	0.636464	0.637785	0.638375	0.638360	0.637860	0.636981	0.635805	0.634398	0.632813	0.631088	0.629256	0.627343	0.625370	0.623355	0.000000	0.318087	
2232	0.614600	0.616902	0.589850	0.590617	0.612203	0.620923	0.626251	0.630154	0.632937	0.634742	0.635722	0.636031	0.635806	0.635163	0.634191	0.632963	0.631534	0.629948	0.628240	0.626436	0.624562	0.622636	0.000000	0.250164	
2233	0.586396	0.599635	0.585437	0.598675	0.607694	0.616878	0.622804	0.627156	0.630302	0.632415	0.633664	0.634209	0.634192	0.633732	0.632923	0.631839	0.630539	0.629067	0.627462	0.625751	0.623960	0.622109	0.000000	0.285009	
2234	0.589850	0.590809	0.577571	0.582367	0.599252	0.610604	0.617749	0.622890	0.626614	0.629186	0.630814	0.631680	0.631939	0.631717	0.631117	0.630217	0.629079	0.627752	0.626275	0.624680	0.622993	0.621236	1.000000	0.278596	
2235	0.582367	0.589850	0.574885	0.586396	0.594967	0.606202	0.613830	0.619415	0.623521	0.626426	0.628346	0.629471	0.629959	0.629940	0.629520	0.628780	0.627785	0.626587	0.625226	0.623734	0.622141	0.620470	1.000000	0.289399	
2236	0.595797	0.597524	0.581792	0.595989	0.595307	0.604345	0.611600	0.617184	0.621403	0.624462	0.626549	0.627838	0.628482	0.628609	0.628322	0.627705	0.626822	0.625725	0.624456	0.623049	0.621533	0.619932	0.000000	0.273142	
2237	0.599251	0.604431	0.582943	0.587547	0.592721	0.601291	0.608593	0.614361	0.618799	0.622081	0.624382	0.625872	0.626702	0.626998	0.626866	0.626388	0.625632	0.624650	0.623485	0.622173	0.620743	0.619220	0.000000	0.342569	
2238	0.589850	0.593687	0.582367	0.590042	0.591828	0.599246	0.606274	0.612045	0.616587	0.620014	0.622474	0.624124	0.625108	0.625549	0.625551	0.625197	0.624553	0.623675	0.622605	0.621379	0.620029	0.618579	0.000000	0.316628	
2239	0.594071	0.597140	0.585437	0.586204	0.589953	0.596875	0.603766	0.609584	0.614250	0.617832	0.620459	0.622275	0.623416	0.624006	0.624146	0.623918	0.623391	0.622619	0.621647	0.620511	0.619242	0.617867	0.000000	0.334502	
2240	0.585245	0.587739	0.579106	0.585053	0.588320	0.594725	0.601427	0.607248	0.612004	0.615718	0.618492	0.620459	0.621749	0.622479	0.622750	0.622644	0.622229	0.621561	0.620684	0.619635	0.618447	0.617146	1.000000	0.286660	
2241	0.581216	0.583135	0.548216	0.551670	0.576103	0.586897	0.595207	0.601955	0.607363	0.611585	0.614780	0.617103	0.618702	0.619702	0.620211	0.620317	0.620091	0.619592	0.618868	0.617957	0.616894	0.615707	1.000000	0.325387	
2242	0.542077	0.551094	0.521356	0.536705	0.562970	0.577771	0.587894	0.595740	0.601927	0.606754	0.610442	0.613182	0.615137	0.616447	0.617229	0.617576	0.617564	0.617257	0.616706	0.615951	0.615029	0.613971	1.000000	0.344373	
2243	0.542077	0.550902	0.534786	0.540926	0.555622	0.571072	0.582023	0.590520	0.597235	0.602507	0.606580	0.609657	0.611910	0.613485	0.614503	0.615062	0.615242	0.615107	0.614711	0.614099	0.613306	0.612365	1.000000	0.315219	
2244	0.549751	0.558960	0.547832	0.550519	0.553921	0.567335	0.578085	0.586710	0.593641	0.599153	0.603466	0.606772	0.609241	0.611016	0.612218	0.612946	0.613281	0.613288	0.613022	0.612529	0.611846	0.611006	1.000000	0.268107	
2245	0.552245	0.559920	0.541501	0.558193	0.555345	0.565673	0.575599	0.583994	0.590915	0.596511	0.600951	0.604402	0.607021	0.608945	0.610289	0.611151	0.611611	0.611736	0.611579	0.611187	0.610598	0.609845	1.000000	0.365676	
2246	0.562989	0.574117	0.559920	0.572007	0.560899	0.566824	0.575150	0.582853	0.589460	0.594930	0.599343	0.602822	0.605499	0.607496	0.608922	0.609868	0.610411	0.610617	0.610538	0.610220	0.609701	0.609014	1.000000	0.334847	
2247	0.565100	0.584670	0.564141	0.580449	0.567415	0.569302	0.575812	0.582624	0.588767	0.593995	0.598293	0.601731	0.604410	0.606435	0.607905	0.608903	0.609503	0.609767	0.609746	0.609485	0.609020	0.608386	1.000000	0.333972	
2248	0.591768	0.593879	0.584861	0.589082	0.574638	0.572898	0.577471	0.583239	0.588791	0.593678	0.597781	0.601114	0.603743	0.605755	0.607232	0.608253	0.608884	0.609184	0.609202	0.608981	0.608557	0.607962	0.000000	0.332140	
2249	0.588890	0.597524	0.580832	0.597524	0.582267	0.577376	0.579977	0.584599	0.589463	0.593927	0.597767	0.600939	0.603473	0.605432	0.606886	0.607901	0.608540	0.608856	0.608895	0.608698	0.608300	0.607732	0.000000	0.308662	
2250	0.592344	0.596757	0.587356	0.591001	0.585178	0.579853	0.581355	0.585209	0.589581	0.593738	0.597391	0.600454	0.602931	0.604866	0.606318	0.607347	0.608009	0.608353	0.608424	0.608261	0.607898	0.607365	0.000000	0.385620	
2251	0.593879	0.601361	0.592152	0.596757	0.589038	0.582926	0.583281	0.586309	0.590133	0.593933	0.597356	0.600273	0.602662	0.604548	0.605977	0.607000	0.607668	0.608026	0.608117	0.607977	0.607639	0.607131	0.000000	0.330880	
2252	0.592152	0.596757	0.584286	0.587931	0.588669	0.583836	0.583862	0.586463	0.589964	0.593545	0.596832	0.599671	0.602022	0.603897	0.605332	0.606375	0.607070	0.607460	0.607586	0.607482	0.607180	0.606709	0.000000	0.312965	
2253	0.589850	0.591001	0.577379	0.583135	0.586824	0.583709	0.583771	0.586146	0.589439	0.592874	0.596071	0.598865	0.601201	0.603082	0.604540	0.605613	0.606344	0.606775	0.606942	0.606881	0.606621	0.606191	1.000000	0.321639	
2254	0.574309	0.593879	0.570088	0.591577	0.588408	0.585139	0.584747	0.586663	0.589603	0.592790	0.595822	0.598509	0.600782	0.602631	0.604077	0.605153	0.605897	0.606347	0.606538	0.606503	0.606271	0.605870	1.000000	0.291047	
2255	0.595606	0.598675	0.588315	0.595989	0.590935	0.587112	0.586152	0.587552	0.590094	0.592996	0.595831	0.598386	0.600574	0.602371	0.603788	0.604852	0.605597	0.606055	0.606260	0.606243	0.606032	0.605653	0.000000	0.311647	
2256	0.600018	0.604431	0.592344	0.602129	0.594666	0.589842	0.588149	0.588940	0.591020	0.593586	0.596181	0.598569	0.600641	0.602361	0.603729	0.604763	0.605492	0.605944	0.606152	0.606142	0.605941	0.605575	0.000000	0.382160	
2257	0.608268	0.613449	0.605774	0.605774	0.598369	0.592739	0.590352	0.590543	0.592155	0.594372	0.596714	0.598920	0.600865	0.602495	0.603802	0.604796	0.605500	0.605940	0.606142	0.606133	0.605938	0.605580	0.000000	0.342627	
2258	0.608844	0.619204	0.604431	0.606350	0.601029	0.595214	0.592352	0.592049	0.593247	0.595145	0.597249	0.599283	0.601103	0.602646	0.603893	0.604847	0.605526	0.605951	0.606147	0.606138	0.605947	0.605597	0.000000	0.368713	
2259	0.610954	0.612873	0.599827	0.607309	0.603123	0.597413	0.594222	0.593502	0.594329	0.595930	0.597808	0.599674	0.601373	0.602829	0.604015	0.604928	0.605580	0.605989	0.606178	0.606167	0.605979	0.605634	0.000000	0.283338	
2260	0.616710	0.621123	0.611146	0.619013	0.608419	0.601340	0.597320	0.595932	0.596227	0.597419	0.598986	0.600618	0.602140	0.603464	0.604550	0.605390	0.605987	0.606356	0.606515	0.606484	0.606282	0.605928	0.000000	0.313306	
2261	0.621507	0.622466	0.611338	0.616902	0.611247	0.604170	0.599768	0.597929	0.597818	0.598676	0.599981	0.601412	0.602782	0.603991	0.604991	0.605767	0.606318	0.606653	0.606789	0.606741	0.606529	0.606170	0.000000	0.337215	
2262	0.613065	0.638966	0.612297	0.632251	0.618248	0.609275	0.603829	0.601198	0.600466	0.600842	0.601774	0.602916	0.604063	0.605099	0.605965	0.606635	0.607104	0.607374	0.607459	0.607371	0.607127	0.606743	0.000000	0.301740	
2263	0.639542	0.644914	0.635129	0.641844	0.626113	0.615197	0.608580	0.605069	0.603649	0.603487	0.604000	0.604815	0.605706	0.606540	0.607246	0.607790	0.608156	0.608345	0.608364	0.608222	0.607934	0.607514	0.000000	0.365278	
2264	0.640501	0.650861	0.638199	0.642803	0.631677	0.620216	0.612858	0.608662	0.606661	0.606024	0.606156	0.606668	0.607319	0.607962	0.608516	0.608938	0.609206	0.609316	0.609270	0.609076	0.608745	0.608290	0.000000	0.343403	
2265	0.645681	0.649710	0.642995	0.642995	0.635449	0.624358	0.616625	0.611932	0.609456	0.608409	0.608203	0.608440	0.608870	0.609336	0.609748	0.610054	0.610230	0.610265	0.610158	0.609914	0.609542	0.609053	0.000000	0.370408	
2266	0.637239	0.646257	0.631675	0.637431	0.636110	0.626735	0.619226	0.614361	0.611608	0.610281	0.609826	0.609855	0.610111	0.610438	0.610736	0.610952	0.611054	0.611030	0.610875	0.610593	0.610190	0.609676	0.000000	0.301352	
2267	0.640501	0.645873	0.636088	0.645873	0.639364	0.630214	0.622557	0.617362	0.614244	0.612578	0.611829	0.611612	0.611666	0.611827	0.611991	0.612097	0.612109	0.612011	0.611796	0.611464	0.611020	0.610472	0.000000	0.415260	
2268	0.650094	0.651053	0.640501	0.644722	0.641150	0.632852	0.625328	0.619968	0.616588	0.614651	0.613656	0.613227	0.613104	0.613117	0.613160	0.613167	0.613098	0.612933	0.612663	0.612285	0.611804	0.611225	0.000000	0.407178	
2269	0.644530	0.649518	0.637239	0.642228	0.641509	0.634557	0.627440	0.622088	0.618560	0.616431	0.615244	0.614641	0.614370	0.614259	0.614198	0.614119	0.613980	0.613758	0.613441	0.613025	0.612512	0.611906	0.000000	0.393857	
2270	0.641844	0.643571	0.625728	0.627071	0.636696	0.633196	0.627394	0.622562	0.619215	0.617117	0.615901	0.615248	0.614922	0.614761	0.614658	0.614544	0.614377	0.614133	0.613799	0.613372	0.612850	0.612239	0.000000	0.360765	
2271	0.615175	0.629565	0.613065	0.627262	0.633552	0.632117	0.627377	0.623010	0.619834	0.617772	0.616532	0.615834	0.615459	0.615251	0.615108	0.614961	0.614768	0.614503	0.614154	0.613715	0.613185	0.612569	0.000000	0.349601	
2272	0.629949	0.630716	0.617094	0.619204	0.628769	0.629769	0.626356	0.622647	0.619786	0.617864	0.616680	0.615998	0.615621	0.615406	0.615254	0.615100	0.614902	0.614635	0.614287	0.613850	0.613325	0.612715	0.000000	0.263965	
2273	0.618821	0.633594	0.614983	0.624385	0.627308	0.628790	0.626109	0.622813	0.620139	0.618285	0.617108	0.616407	0.616002	0.615759	0.615581	0.615405	0.615189	0.614910	0.614552	0.614110	0.613582	0.612972	0.000000	0.358009	
2274	0.628989	0.630908	0.607309	0.607309	0.620642	0.624885	0.623759	0.621336	0.619152	0.617577	0.616564	0.615963	0.615624	0.615427	0.615285	0.615139	0.614951	0.614696	0.614362	0.613942	0.613437	0.612847	0.000000	0.311876	
2275	0.611338	0.614024	0.590042	0.593879	0.611721	0.619247	0.620024	0.618721	0.617208	0.616048	0.615304	0.614886	0.614679	0.614582	0.614521	0.614442	0.614312	0.614109	0.613823	0.613447	0.612982	0.612430	0.000000	0.319480	
2276	0.598483	0.607309	0.586588	0.601553	0.608331	0.616030	0.617715	0.617086	0.616004	0.615113	0.614540	0.614236	0.614108	0.614071	0.614058	0.614019	0.613925	0.613756	0.613500	0.613153	0.612716	0.612191	0.000000	0.334397	
2277	0.605199	0.609228	0.598867	0.599635	0.605433	0.613049	0.615455	0.615424	0.614745	0.614114	0.613712	0.613524	0.613479	0.613505	0.613542	0.613548	0.613492	0.613358	0.613135	0.612819	0.612412	0.611915	0.000000	0.346485	
2278	0.595797	0.610954	0.594071	0.610954	0.607273	0.612668	0.614893	0.614998	0.614453	0.613910	0.613559	0.613398	0.613369	0.613405	0.613450	0.613463	0.613415	0.613290	0.613078	0.612773	0.612378	0.611894	0.000000	0.344295	
2279	0.616134	0.620739	0.614024	0.617861	0.610803	0.613612	0.615264	0.615271	0.614715	0.614165	0.613798	0.613616	0.613565	0.613580	0.613608	0.613607	0.613550	0.613419	0.613203	0.612899	0.612505	0.612025	0.000000	0.278986	
2280	0.621699	0.627454	0.619204	0.622850	0.614818	0.615292	0.616212	0.615993	0.615341	0.614725	0.614300	0.614066	0.613968	0.613943	0.613938	0.613910	0.613832	0.613685	0.613457	0.613145	0.612746	0.612263	0.000000	0.407686	
2281	0.621123	0.630524	0.619396	0.624193	0.617943	0.616910	0.617210	0.616774	0.616022	0.615336	0.614850	0.614560	0.614413	0.614345	0.614304	0.614247	0.614146	0.613981	0.613740	0.613417	0.613012	0.612525	0.000000	0.413314	
2282	0.621507	0.627262	0.614792	0.618821	0.618236	0.617258	0.617411	0.616969	0.616237	0.615561	0.615071	0.614768	0.614604	0.614521	0.614465	0.614397	0.614288	0.614117	0.613874	0.613551	0.613147	0.612664	0.000000	0.310184	
2283	0.614600	0.620739	0.612297	0.619013	0.618495	0.617577	0.617611	0.617163	0.616451	0.615784	0.615290	0.614975	0.614796	0.614697	0.614628	0.614548	0.614431	0.614255	0.614009	0.613686	0.613284	0.612803	0.000000	0.283247	
2284	0.618821	0.624385	0.607885	0.607885	0.614958	0.615814	0.616395	0.616280	0.615792	0.615274	0.614878	0.614629	0.614496	0.614430	0.614387	0.614330	0.614232	0.614076	0.613848	0.613543	0.613158	0.612695	0.000000	0.328222	
2285	0.608268	0.611722	0.589658	0.591768	0.607228	0.611442	0.613317	0.613945	0.613944	0.613758	0.613594	0.613514	0.613507	0.613541	0.613579	0.613590	0.613552	0.613447	0.613267	0.613005	0.612661	0.612235	0.000000	0.299407	
2286	0.593303	0.595606	0.582367	0.587931	0.600796	0.607168	0.610144	0.611468	0.611943	0.612091	0.612169	0.612266	0.612395	0.612537	0.612663	0.612749	0.612775	0.612728	0.612600	0.612386	0.612086	0.611701	0.000000	0.258213	
2287	0.590042	0.593687	0.585245	0.589082	0.596891	0.603879	0.607511	0.609336	0.610184	0.610607	0.610886	0.611135	0.611382	0.611617	0.611821	0.611973	0.612057	0.612062	0.611981	0.611810	0.611551	0.611204	0.000000	0.328773	
2288	0.589658	0.592920	0.575460	0.576611	0.590131	0.598922	0.603649	0.606219	0.607602	0.608414	0.608982	0.609451	0.609870	0.610244	0.610563	0.610814	0.610983	0.611064	0.611050	0.610941	0.610738	0.610444	0.000000	0.306994	
2289	0.574693	0.576228	0.559728	0.564141	0.581468	0.592598	0.598710	0.602212	0.604259	0.605557	0.606491	0.607241	0.607882	0.608436	0.608905	0.609283	0.609564	0.609742	0.609816	0.609786	0.609654	0.609426	0.000000	0.304824	
2290	0.557425	0.575652	0.555699	0.575652	0.579529	0.589517	0.595828	0.599682	0.602058	0.603628	0.604777	0.605700	0.606481	0.607151	0.607718	0.608181	0.608536	0.608782	0.608917	0.608943	0.608864	0.608684	0.000000	0.299617	
2291	0.580449	0.590042	0.580449	0.590042	0.583033	0.589612	0.595105	0.598764	0.601134	0.602751	0.603959	0.604936	0.605766	0.606480	0.607086	0.607586	0.607976	0.608254	0.608420	0.608476	0.608426	0.608274	0.000000	0.318992	
2292	0.582367	0.585053	0.572966	0.581600	0.582556	0.588155	0.593416	0.597129	0.599631	0.601387	0.602717	0.603798	0.604715	0.605504	0.606176	0.606734	0.607176	0.607503	0.607714	0.607813	0.607802	0.607688	0.000000	0.392341	
2293	0.578580	0.586862	0.578002	0.586862	0.583991	0.587920	0.592597	0.596152	0.598649	0.600450	0.601836	0.602972	0.603939	0.604773	0.605486	0.606082	0.606561	0.606921	0.607165	0.607295	0.607315	0.607230	0.000000	0.323392	
2294	0.588788	0.590329	0.573572	0.573572	0.580518	0.585311	0.590219	0.594001	0.596720	0.598716	0.600266	0.601538	0.602619	0.603549	0.604347	0.605017	0.605561	0.605982	0.606281	0.606463	0.606530	0.606490	0.000000	0.317855	
2295	0.568949	0.569527	0.550265	0.550265	0.570434	0.578939	0.585225	0.589836	0.593146	0.595590	0.597488	0.599036	0.600342	0.601460	0.602415	0.603221	0.603886	0.604413	0.604807	0.605075	0.605222	0.605255	0.000000	0.325605	
2296	0.554502	0.567600	0.546412	0.555851	0.565573	0.574741	0.581553	0.586599	0.590278	0.593026	0.595175	0.596930	0.598408	0.599671	0.600752	0.601668	0.602430	0.603045	0.603519	0.603860	0.604074	0.604169	0.000000	0.291558	
2297	0.564519	0.569527	0.558355	0.567986	0.566377	0.573513	0.579857	0.584826	0.588563	0.591410	0.593664	0.595518	0.597085	0.598429	0.599582	0.600564	0.601386	0.602057	0.602584	0.602974	0.603234	0.603374	0.000000	0.367654	
2298	0.563941	0.571453	0.559125	0.563748	0.565501	0.571738	0.577843	0.582819	0.586654	0.589626	0.592002	0.593968	0.595636	0.597069	0.598302	0.599357	0.600246	0.600978	0.601562	0.602005	0.602316	0.602503	0.000000	0.342137	
2299	0.558933	0.560474	0.537937	0.538708	0.556570	0.565732	0.572951	0.578618	0.582966	0.586341	0.589041	0.591272	0.593161	0.594780	0.596174	0.597368	0.598381	0.599224	0.599908	0.600442	0.600837	0.601101	0.000000	0.325609	
2300	0.532929	0.534277	0.508081	0.518290	0.543810	0.557106	0.566119	0.572872	0.577991	0.581950	0.585111	0.587712	0.589905	0.591780	0.593392	0.594776	0.595954	0.596944	0.597760	0.598414	0.598917	0.599281	0.000000	0.270844	
2301	0.509815	0.525417	0.505192	0.513860	0.533827	0.549243	0.559586	0.567252	0.573058	0.577557	0.581152	0.584110	0.586599	0.588725	0.590552	0.592123	0.593466	0.594604	0.595552	0.596326	0.596939	0.597403	0.000000	0.324005	
2302	0.511549	0.524839	0.477070	0.506155	0.524603	0.541409	0.552908	0.561433	0.567911	0.572951	0.576986	0.580307	0.583102	0.585487	0.587538	0.589304	0.590820	0.592112	0.593200	0.594100	0.594828	0.595398	0.000000	0.317187	
2303	0.509622	0.515786	0.493250	0.505000	0.518068	0.534789	0.546919	0.556059	0.563072	0.568567	0.572987	0.576634	0.579706	0.582330	0.584590	0.586540	0.588220	0.589658	0.590878	0.591900	0.592739	0.593411	0.000000	0.417895	
2304	0.529077	0.531003	0.512704	0.512704	0.516280	0.530774	0.542642	0.551930	0.559198	0.564963	0.569638	0.573515	0.576793	0.579600	0.582022	0.584119	0.585931	0.587491	0.588821	0.589944	0.590878	0.591637	0.000000	0.330550	
2305	0.506348	0.515208	0.502110	0.502496	0.511685	0.525632	0.537624	0.547222	0.554836	0.560933	0.565907	0.570051	0.573562	0.576576	0.579182	0.581443	0.583403	0.585096	0.586550	0.587785	0.588822	0.589678	0.000000	0.341012	
2306	0.508852	0.509815	0.503459	0.507889	0.510420	0.522406	0.533907	0.543476	0.551225	0.557511	0.562684	0.567018	0.570707	0.573883	0.576636	0.579031	0.581115	0.582921	0.584480	0.585812	0.586940	0.587881	0.000000	0.329771	
2307	0.513667	0.517712	0.508852	0.509815	0.510218	0.520117	0.530896	0.540270	0.548039	0.554433	0.559747	0.564228	0.568060	0.571370	0.574250	0.576762	0.578954	0.580862	0.582515	0.583936	0.585146	0.586165	0.000000	0.298600	
2308	0.505770	0.511741	0.496524	0.511549	0.510662	0.518559	0.528477	0.537535	0.545232	0.551667	0.557069	0.561658	0.565603	0.569024	0.572010	0.574624	0.576912	0.578910	0.580647	0.582148	0.583435	0.584525	0.000000	0.285764	
2309	0.513667	0.517327	0.501340	0.506926	0.509416	0.516444	0.525783	0.534619	0.542286	0.548780	0.554284	0.558988	0.563051	0.566589	0.569686	0.572404	0.574791	0.576882	0.578707	0.580291	0.581656	0.582819	0.000000	0.434517	
2310	0.512127	0.512512	0.493828	0.494791	0.504541	0.512507	0.521909	0.530826	0.538632	0.545297	0.550978	0.555857	0.560084	0.563773	0.567011	0.569859	0.572367	0.574569	0.576499	0.578180	0.579635	0.580885	0.000000	0.359564	
2311	0.488820	0.499606	0.481886	0.481886	0.496989	0.506939	0.516906	0.526165	0.534267	0.541206	0.547140	0.552249	0.556684	0.560562	0.563971	0.566975	0.569625	0.571959	0.574009	0.575802	0.577362	0.578709	0.000000	0.409550	
2312	0.471292	0.473218	0.460312	0.460312	0.484764	0.498462	0.509832	0.519894	0.528578	0.535987	0.542316	0.547764	0.552494	0.556631	0.560269	0.563478	0.566312	0.568814	0.571017	0.572951	0.574640	0.576107	1.000000	0.233399	
2313	0.461275	0.472255	0.454534	0.463202	0.477576	0.492051	0.504003	0.514494	0.523549	0.531291	0.537921	0.543639	0.548611	0.552967	0.556802	0.560190	0.563188	0.565839	0.568180	0.570241	0.572048	0.573625	1.000000	0.425748	
2314	0.463008	0.470373	0.457193	0.458162	0.471105	0.485889	0.498273	0.509129	0.518519	0.526573	0.533490	0.539469	0.544679	0.549249	0.553279	0.556845	0.560005	0.562806	0.565285	0.567474	0.569400	0.571088	1.000000	0.337471	
2315	0.441688	0.449829	0.435874	0.446534	0.462915	0.478734	0.491806	0.503168	0.512982	0.521409	0.528659	0.534936	0.540412	0.545221	0.549467	0.553228	0.556566	0.559530	0.562159	0.564487	0.566543	0.568350	1.000000	0.402220	
2316	0.455643	0.463395	0.448084	0.456224	0.460685	0.474641	0.487358	0.498697	0.508616	0.517204	0.524635	0.531096	0.536751	0.541731	0.546137	0.550048	0.553526	0.556620	0.559372	0.561814	0.563977	0.565886	1.000000	0.375862	
2317	0.464946	0.473086	0.463008	0.470954	0.464108	0.473971	0.485308	0.496055	0.505719	0.514220	0.521653	0.528162	0.533890	0.538955	0.543452	0.547455	0.551024	0.554207	0.557045	0.559571	0.561814	0.563800	0.000000	0.360811	
2318	0.478707	0.505646	0.478707	0.505646	0.477954	0.479730	0.487850	0.496968	0.505713	0.513667	0.520763	0.527064	0.532662	0.537649	0.542101	0.546084	0.549649	0.552839	0.555692	0.558239	0.560508	0.562521	0.000000	0.359464	
2319	0.494018	0.507391	0.483940	0.487234	0.481047	0.481094	0.487773	0.496041	0.504292	0.511962	0.518901	0.525121	0.530687	0.535672	0.540142	0.544154	0.547757	0.550991	0.553891	0.556486	0.558804	0.560867	0.000000	0.376238	
2320	0.487040	0.500801	0.487040	0.495956	0.486017	0.483797	0.488796	0.496033	0.503651	0.510929	0.517626	0.523699	0.529177	0.534115	0.538564	0.542574	0.546188	0.549441	0.552366	0.554992	0.557342	0.559440	0.000000	0.271798	
2321	0.491498	0.507197	0.489172	0.498863	0.490299	0.486536	0.490054	0.496303	0.503282	0.510150	0.516584	0.522487	0.527859	0.532732	0.537146	0.541141	0.544753	0.548016	0.550958	0.553606	0.555982	0.558109	0.000000	0.319169	
2322	0.502739	0.514949	0.500414	0.504096	0.494898	0.489729	0.491809	0.497045	0.503345	0.509760	0.515890	0.521590	0.526826	0.531609	0.535966	0.539926	0.543521	0.546779	0.549725	0.552383	0.554775	0.556922	0.000000	0.396554	
2323	0.508747	0.513980	0.502546	0.506809	0.498868	0.492834	0.493684	0.497975	0.503612	0.509569	0.515385	0.520869	0.525956	0.530637	0.534924	0.538841	0.542409	0.545653	0.548596	0.551258	0.553660	0.555820	0.000000	0.340808	
2324	0.511461	0.520764	0.504677	0.504677	0.500805	0.494988	0.495059	0.498613	0.503694	0.509254	0.514790	0.520079	0.525031	0.529619	0.533844	0.537720	0.541266	0.544499	0.547440	0.550108	0.552521	0.554696	0.000000	0.348865	
2325	0.513399	0.518244	0.508748	0.511461	0.504357	0.497983	0.497109	0.499837	0.504291	0.509396	0.514605	0.519659	0.524441	0.528906	0.533045	0.536859	0.540362	0.543568	0.546493	0.549154	0.551566	0.553746	0.000000	0.332158	
2326	0.507391	0.509910	0.502158	0.506034	0.504916	0.499447	0.498225	0.500427	0.504425	0.509179	0.514129	0.518994	0.523640	0.528010	0.532080	0.535849	0.539322	0.542511	0.545428	0.548089	0.550507	0.552697	0.000000	0.373538	
2327	0.511461	0.512236	0.494405	0.494987	0.501606	0.498636	0.497820	0.499909	0.503699	0.508264	0.513066	0.517823	0.522395	0.526715	0.530755	0.534509	0.537979	0.541172	0.544101	0.546778	0.549216	0.551429	0.000000	0.426087	
2328	0.495956	0.498669	0.488785	0.494018	0.499077	0.497796	0.497345	0.499348	0.502954	0.507345	0.512008	0.516662	0.521161	0.525432	0.529443	0.533181	0.536646	0.539844	0.542783	0.545475	0.547932	0.550167	0.000000	0.401833	
2329	0.491111	0.509523	0.490141	0.506616	0.501590	0.499400	0.498503	0.500040	0.503236	0.507298	0.511708	0.516172	0.520528	0.524694	0.528628	0.532310	0.535736	0.538908	0.541831	0.544515	0.546971	0.549210	0.000000	0.319084	
2330	0.507585	0.510492	0.500220	0.504096	0.502425	0.500254	0.499202	0.500426	0.503302	0.507091	0.511285	0.515583	0.519814	0.523887	0.527752	0.531385	0.534778	0.537927	0.540838	0.543517	0.545974	0.548219	0.000000	0.411751	
2331	0.505453	0.506809	0.498863	0.503515	0.502788	0.500846	0.499741	0.500720	0.503318	0.506860	0.510853	0.514994	0.519105	0.523088	0.526886	0.530472	0.533830	0.536958	0.539856	0.542530	0.544987	0.547236	0.000000	0.353990	
2332	0.507778	0.512817	0.501383	0.501770	0.502449	0.501014	0.499995	0.500820	0.503199	0.506532	0.510349	0.514349	0.518352	0.522252	0.525989	0.529531	0.532859	0.535967	0.538854	0.541523	0.543982	0.546237	0.000000	0.448658	
2333	0.501576	0.506034	0.494212	0.496150	0.500349	0.500130	0.499514	0.500376	0.502657	0.505862	0.509560	0.513461	0.517386	0.521228	0.524923	0.528436	0.531746	0.534845	0.537730	0.540403	0.542869	0.545136	0.000000	0.330051	
2334	0.497894	0.500414	0.481614	0.484327	0.495008	0.497257	0.497616	0.498847	0.501247	0.504473	0.508158	0.512040	0.515949	0.519781	0.523474	0.526990	0.530309	0.533422	0.536325	0.539018	0.541508	0.543800	0.000000	0.334933	
2335	0.483358	0.483358	0.464752	0.464752	0.484923	0.491347	0.493508	0.495600	0.498440	0.501910	0.505747	0.509733	0.513723	0.517623	0.521376	0.524949	0.528323	0.531488	0.534441	0.537185	0.539723	0.542062	0.000000	0.344934	
2336	0.462039	0.475606	0.461263	0.472892	0.480913	0.487991	0.490931	0.493437	0.496475	0.500038	0.503921	0.507936	0.511948	0.515869	0.519645	0.523243	0.526643	0.529837	0.532821	0.535597	0.538169	0.540542	0.000000	0.418469	
2337	0.473086	0.475799	0.461845	0.463395	0.475074	0.483519	0.487489	0.490576	0.493930	0.497674	0.501670	0.505763	0.509837	0.513811	0.517636	0.521280	0.524727	0.527966	0.530994	0.533814	0.536430	0.538847	0.000000	0.358703	
2338	0.455255	0.457193	0.449635	0.451961	0.467369	0.477781	0.483048	0.486899	0.490702	0.494725	0.498908	0.503139	0.507320	0.511386	0.515290	0.519008	0.522521	0.525825	0.528915	0.531793	0.534465	0.536937	1.000000	0.397637	
2339	0.454480	0.464946	0.451767	0.452542	0.462427	0.473192	0.479235	0.483626	0.487766	0.492003	0.496332	0.500671	0.504939	0.509078	0.513049	0.516828	0.520401	0.523760	0.526905	0.529837	0.532560	0.535082	0.000000	0.417757	
2340	0.457387	0.459325	0.441882	0.444596	0.456483	0.467993	0.474905	0.479909	0.484445	0.488945	0.493458	0.497935	0.502315	0.506549	0.510605	0.514460	0.518104	0.521530	0.524739	0.527732	0.530514	0.533093	1.000000	0.436947	
2341	0.449829	0.455062	0.445952	0.450798	0.454588	0.464867	0.471891	0.477137	0.481857	0.486484	0.491088	0.495636	0.500075	0.504363	0.508469	0.512373	0.516064	0.519538	0.522793	0.525832	0.528661	0.531285	1.000000	0.466167	
2342	0.450991	0.456224	0.446340	0.446340	0.451839	0.461498	0.468698	0.474204	0.479125	0.483894	0.488602	0.493231	0.497739	0.502088	0.506250	0.510208	0.513951	0.517476	0.520781	0.523869	0.526746	0.529418	1.000000	0.361097	
2343	0.455255	0.461070	0.450604	0.456224	0.453301	0.460539	0.467138	0.472491	0.477363	0.482109	0.486803	0.491426	0.495934	0.500289	0.504463	0.508438	0.512202	0.515750	0.519082	0.522199	0.525106	0.527809	0.000000	0.489452	
2344	0.459132	0.465333	0.450991	0.463008	0.456536	0.460988	0.466622	0.471588	0.476259	0.480876	0.485481	0.490040	0.494502	0.498827	0.502983	0.506948	0.510711	0.514265	0.517606	0.520738	0.523662	0.526385	0.000000	0.308619	
2345	0.464558	0.467659	0.459325	0.466496	0.459856	0.461990	0.466606	0.471103	0.475508	0.479948	0.484427	0.488891	0.493285	0.497559	0.501679	0.505622	0.509371	0.512919	0.516261	0.519398	0.522333	0.525069	0.000000	0.341619	
2346	0.467272	0.469597	0.458744	0.459713	0.459809	0.461576	0.465745	0.470018	0.474293	0.478643	0.483054	0.487468	0.491825	0.496075	0.500181	0.504117	0.507867	0.511420	0.514773	0.517925	0.520876	0.523632	0.000000	0.521729	
2347	0.463008	0.464752	0.456612	0.461070	0.460229	0.461484	0.465160	0.469166	0.473276	0.477509	0.481832	0.486180	0.490488	0.494702	0.498784	0.502705	0.506449	0.510002	0.513360	0.516521	0.519485	0.522257	0.000000	0.433367	
2348	0.456224	0.463008	0.453899	0.461070	0.460509	0.461408	0.464649	0.468395	0.472337	0.476449	0.480679	0.484955	0.489209	0.493383	0.497437	0.501340	0.505073	0.508624	0.511984	0.515152	0.518127	0.520913	0.000000	0.420615	
2349	0.461070	0.461070	0.452736	0.457387	0.459469	0.460677	0.463741	0.467347	0.471187	0.475219	0.479385	0.483611	0.487825	0.491972	0.496007	0.499899	0.503628	0.507180	0.510547	0.513725	0.516714	0.519516	0.000000	0.372848	
2350	0.456031	0.457000	0.449635	0.452154	0.457030	0.459128	0.462293	0.465900	0.469723	0.473731	0.477872	0.482076	0.486274	0.490410	0.494440	0.498334	0.502069	0.505630	0.509011	0.512205	0.515213	0.518036	1.000000	0.336827	
2351	0.452348	0.456418	0.449053	0.454286	0.456116	0.458247	0.461292	0.464794	0.468536	0.472476	0.476562	0.480721	0.484884	0.488994	0.493006	0.496890	0.500621	0.504184	0.507571	0.510775	0.513796	0.516635	1.000000	0.337195	
2352	0.450798	0.471148	0.449635	0.467853	0.460028	0.459994	0.462112	0.465085	0.468483	0.472178	0.476078	0.480093	0.484143	0.488165	0.492108	0.495938	0.499628	0.503161	0.506525	0.509715	0.512728	0.515563	0.000000	0.384727	
2353	0.471342	0.475606	0.462814	0.464946	0.461667	0.460894	0.462466	0.465072	0.468211	0.471711	0.475459	0.479354	0.483308	0.487254	0.491138	0.494921	0.498577	0.502084	0.505431	0.508610	0.511616	0.514450	0.000000	0.386190	
2354	0.471536	0.480063	0.468435	0.474249	0.465861	0.463322	0.463939	0.465946	0.468675	0.471875	0.475392	0.479105	0.482915	0.486744	0.490535	0.494244	0.497839	0.501300	0.504611	0.507761	0.510747	0.513567	0.000000	0.443761	
2355	0.474443	0.475606	0.466690	0.470566	0.467430	0.464639	0.464768	0.466386	0.468821	0.471791	0.475124	0.478688	0.482378	0.486110	0.489822	0.493467	0.497013	0.500434	0.503715	0.506843	0.509813	0.512622	0.000000	0.490005	
2356	0.470566	0.475412	0.468822	0.472698	0.469186	0.466105	0.465759	0.466987	0.469119	0.471849	0.474989	0.478396	0.481957	0.485584	0.489210	0.492786	0.496276	0.499653	0.502898	0.506000	0.508950	0.511744	0.000000	0.374609	
2357	0.474637	0.477738	0.471923	0.474249	0.470874	0.467585	0.466820	0.467679	0.469514	0.472004	0.474948	0.478194	0.481622	0.485139	0.488676	0.492179	0.495609	0.498937	0.502144	0.505216	0.508143	0.510920	0.000000	0.454865	
2358	0.473667	0.475606	0.469404	0.470760	0.470836	0.468163	0.467313	0.467972	0.469610	0.471924	0.474716	0.477831	0.481149	0.484575	0.488036	0.491476	0.494856	0.498144	0.501319	0.504365	0.507273	0.510037	0.000000	0.453681	
2359	0.471536	0.473667	0.467465	0.469597	0.470423	0.468424	0.467598	0.468127	0.469609	0.471774	0.474431	0.477430	0.480647	0.483988	0.487377	0.490759	0.494090	0.497340	0.500484	0.503507	0.506397	0.509149	0.000000	0.410934	
2360	0.468047	0.473280	0.463977	0.471729	0.470858	0.469025	0.468115	0.468470	0.469772	0.471771	0.474281	0.477152	0.480259	0.483507	0.486819	0.490135	0.493413	0.496618	0.499727	0.502722	0.505591	0.508326	0.000000	0.437959	
2361	0.477384	0.488890	0.476994	0.486550	0.476089	0.472211	0.470419	0.470192	0.471062	0.472724	0.474963	0.477610	0.480533	0.483626	0.486809	0.490018	0.493205	0.496335	0.499380	0.502323	0.505148	0.507848	0.000000	0.417832	
2362	0.485770	0.507805	0.481869	0.499030	0.483736	0.477087	0.473995	0.472938	0.473214	0.474421	0.476300	0.478655	0.481337	0.484231	0.487245	0.490313	0.493381	0.496410	0.499371	0.502241	0.505006	0.507654	0.000000	0.484099	
2363	0.504490	0.508000	0.498640	0.504100	0.490524	0.481998	0.477758	0.475906	0.475590	0.476336	0.477844	0.479896	0.482327	0.485010	0.487847	0.490765	0.493706	0.496627	0.499496	0.502287	0.504985	0.507576	0.000000	0.451056	
2364	0.502735	0.506830	0.499420	0.505855	0.495634	0.486336	0.481270	0.478758	0.477918	0.478241	0.479400	0.481162	0.483350	0.485827	0.488490	0.491260	0.494074	0.496887	0.499663	0.502375	0.505005	0.507538	0.000000	0.438792	
2365	0.501370	0.506245	0.496300	0.499225	0.496831	0.488679	0.483515	0.480708	0.479557	0.479594	0.480502	0.482043	0.484040	0.486353	0.488874	0.491521	0.494230	0.496953	0.499651	0.502298	0.504871	0.507355	0.000000	0.463582	
2366	0.504295	0.504295	0.493570	0.494155	0.495939	0.489675	0.484845	0.481988	0.480680	0.480534	0.481260	0.482634	0.484480	0.486659	0.489062	0.491607	0.494228	0.496874	0.499507	0.502097	0.504621	0.507065	0.000000	0.297327	
2367	0.490060	0.490060	0.481479	0.485965	0.492614	0.489000	0.484985	0.482367	0.481086	0.480884	0.481522	0.482797	0.484544	0.486631	0.488952	0.491422	0.493978	0.496567	0.499150	0.501698	0.504188	0.506601	0.000000	0.438137	
2368	0.478749	0.481089	0.468219	0.468219	0.484482	0.485222	0.482889	0.481020	0.480096	0.480067	0.480783	0.482086	0.483835	0.485909	0.488211	0.490662	0.493197	0.495768	0.498336	0.500872	0.503351	0.505758	0.000000	0.390750	
2369	0.465879	0.475239	0.462369	0.468804	0.479256	0.482237	0.481128	0.479856	0.479228	0.479340	0.480117	0.481438	0.483181	0.485238	0.487518	0.489945	0.492458	0.495009	0.497559	0.500080	0.502548	0.504946	0.000000	0.432278	
2370	0.471144	0.474459	0.468219	0.471339	0.476617	0.480256	0.479905	0.479045	0.478621	0.478824	0.479629	0.480945	0.482666	0.484693	0.486940	0.489335	0.491818	0.494342	0.496869	0.499370	0.501822	0.504207	0.000000	0.519156	
2371	0.470364	0.474069	0.469974	0.470364	0.474533	0.478457	0.478712	0.478218	0.477986	0.478278	0.479115	0.480429	0.482131	0.484131	0.486348	0.488713	0.491168	0.493666	0.496172	0.498654	0.501090	0.503463	0.000000	0.458945	
2372	0.473289	0.488695	0.473289	0.483819	0.477629	0.479432	0.479351	0.478752	0.478435	0.478636	0.479376	0.480594	0.482205	0.484119	0.486258	0.488552	0.490945	0.493389	0.495847	0.498288	0.500689	0.503031	0.000000	0.397179	
2373	0.483624	0.484794	0.470364	0.471729	0.475662	0.478032	0.478398	0.478083	0.477919	0.478190	0.478951	0.480162	0.481749	0.483633	0.485739	0.488001	0.490363	0.492779	0.495212	0.497632	0.500015	0.502344	0.000000	0.427850	
2374	0.456714	0.466074	0.452814	0.454179	0.468501	0.473695	0.475371	0.475806	0.476093	0.476641	0.477575	0.478894	0.480551	0.482478	0.484612	0.486892	0.489266	0.491692	0.494132	0.496559	0.498949	0.501285	0.000000	0.452549	
2375	0.453594	0.460029	0.449889	0.454179	0.463727	0.470146	0.472722	0.473747	0.474407	0.475192	0.476275	0.477689	0.479404	0.481369	0.483525	0.485819	0.488203	0.490635	0.493081	0.495513	0.497908	0.500250	0.000000	0.431472	
2376	0.456909	0.462174	0.451839	0.451839	0.459764	0.466818	0.470111	0.471660	0.472671	0.473685	0.474918	0.476428	0.478206	0.480210	0.482393	0.484705	0.487101	0.489542	0.491995	0.494434	0.496837	0.499186	0.000000	0.524919	
2377	0.448719	0.455544	0.441699	0.441699	0.453743	0.462251	0.466560	0.468807	0.470289	0.471622	0.473072	0.474734	0.476618	0.478700	0.480940	0.483295	0.485725	0.488194	0.490672	0.493132	0.495554	0.497922	1.000000	0.414097	
2378	0.440334	0.444624	0.429219	0.440529	0.449338	0.458301	0.463306	0.466114	0.467999	0.469616	0.471264	0.473065	0.475049	0.477203	0.479497	0.481893	0.484356	0.486852	0.489352	0.491833	0.494275	0.496661	1.000000	0.397888	
2379	0.452619	0.452619	0.433119	0.433119	0.443932	0.453723	0.459533	0.462971	0.465316	0.467261	0.469145	0.471117	0.473226	0.475475	0.477841	0.480294	0.482803	0.485338	0.487872	0.490384	0.492853	0.495264	1.000000	0.473936	
2380	0.437994	0.450474	0.431559	0.449889	0.445917	0.453026	0.458327	0.461725	0.464129	0.466140	0.468075	0.470081	0.472211	0.474471	0.476842	0.479297	0.481806	0.484340	0.486873	0.489384	0.491853	0.494267	1.000000	0.415612	
2381	0.445794	0.447354	0.428244	0.428244	0.440026	0.448520	0.454567	0.458537	0.461369	0.463695	0.465862	0.468040	0.470300	0.472658	0.475107	0.477623	0.480183	0.482759	0.485330	0.487874	0.490374	0.492816	1.000000	0.391580	
2382	0.429609	0.440139	0.429609	0.440139	0.440064	0.446996	0.452763	0.456784	0.459736	0.462176	0.464433	0.466679	0.468988	0.471383	0.473858	0.476394	0.478969	0.481559	0.484141	0.486695	0.489206	0.491658	1.000000	0.461334	
2383	0.444819	0.462174	0.441894	0.459054	0.446394	0.449188	0.453550	0.457001	0.459684	0.461974	0.464134	0.466307	0.468557	0.470900	0.473329	0.475826	0.478366	0.480925	0.483481	0.486013	0.488505	0.490942	0.000000	0.479421	
2384	0.456324	0.480894	0.453399	0.470169	0.454319	0.453003	0.455627	0.458255	0.460490	0.462503	0.464470	0.466496	0.468627	0.470871	0.473216	0.475640	0.478117	0.480622	0.483130	0.485622	0.488078	0.490485	0.000000	0.449689	
2385	0.483819	0.495910	0.478944	0.493570	0.467403	0.460379	0.460370	0.461618	0.463035	0.464507	0.466086	0.467816	0.469711	0.471761	0.473943	0.476228	0.478586	0.480987	0.483405	0.485818	0.488206	0.490553	0.000000	0.514397	
2386	0.500980	0.503125	0.490255	0.499225	0.478010	0.467442	0.465227	0.465200	0.465819	0.466747	0.467927	0.469348	0.470994	0.472838	0.474846	0.476982	0.479211	0.481500	0.483821	0.486149	0.488462	0.490744	0.000000	0.425328	
2387	0.484014	0.487330	0.473874	0.474654	0.476891	0.468753	0.466405	0.466100	0.466498	0.467257	0.468301	0.469607	0.471153	0.472909	0.474839	0.476906	0.479073	0.481308	0.483580	0.485865	0.488141	0.490390	0.000000	0.507668	
2388	0.479334	0.480699	0.462174	0.466464	0.473416	0.468337	0.466413	0.466135	0.466496	0.467206	0.468199	0.469454	0.470950	0.472657	0.474540	0.476563	0.478691	0.480889	0.483130	0.485386	0.487637	0.489864	0.000000	0.379499	
2389	0.468219	0.476799	0.466464	0.468609	0.471814	0.468386	0.466687	0.466370	0.466658	0.467297	0.468222	0.469413	0.470848	0.472498	0.474328	0.476303	0.478385	0.480543	0.482748	0.484972	0.487194	0.489397	0.000000	0.471905	
2390	0.473094	0.484210	0.469194	0.483819	0.475816	0.471192	0.468829	0.468032	0.467978	0.468363	0.469088	0.470116	0.471412	0.472942	0.474667	0.476549	0.478550	0.480636	0.482776	0.484943	0.487116	0.489274	0.000000	0.473990	
2391	0.481674	0.489085	0.455544	0.455544	0.469058	0.468347	0.467168	0.466843	0.467022	0.467536	0.468336	0.469405	0.470722	0.472260	0.473984	0.475860	0.477853	0.479929	0.482059	0.484218	0.486382	0.488533	0.000000	0.430926	
2392	0.438969	0.450669	0.434094	0.447744	0.461954	0.464601	0.464740	0.465024	0.465539	0.466259	0.467192	0.468348	0.469723	0.471298	0.473047	0.474939	0.476940	0.479022	0.481156	0.483317	0.485483	0.487637	1.000000	0.350702	
2393	0.441114	0.452229	0.439944	0.445989	0.456632	0.461217	0.462396	0.463211	0.464035	0.464951	0.466014	0.467257	0.468691	0.470306	0.472081	0.473989	0.476003	0.478092	0.480231	0.482395	0.484565	0.486721	1.000000	0.414942	
2394	0.441504	0.449499	0.440919	0.447549	0.453604	0.458732	0.460540	0.461719	0.462767	0.463828	0.464988	0.466296	0.467772	0.469413	0.471205	0.473122	0.475140	0.477231	0.479371	0.481535	0.483704	0.485860	1.000000	0.477688	
2395	0.447159	0.466854	0.442869	0.460419	0.455876	0.459039	0.460525	0.461596	0.462586	0.463608	0.464734	0.466009	0.467452	0.469061	0.470819	0.472706	0.474694	0.476758	0.478872	0.481013	0.483162	0.485301	0.000000	0.497676	
2396	0.460809	0.463344	0.445794	0.445794	0.452515	0.456631	0.458684	0.460091	0.461295	0.462459	0.463682	0.465023	0.466510	0.468148	0.469926	0.471824	0.473818	0.475886	0.478001	0.480144	0.482293	0.484433	0.000000	0.531234	
2397	0.440724	0.447354	0.435459	0.438579	0.447870	0.453349	0.456171	0.458042	0.459547	0.460918	0.462287	0.463733	0.465296	0.466989	0.468806	0.470734	0.472751	0.474835	0.476964	0.479118	0.481277	0.483425	1.000000	0.361451	
2398	0.437409	0.467439	0.437409	0.454569	0.450103	0.453570	0.455970	0.457711	0.459164	0.460509	0.461859	0.463286	0.464830	0.466501	0.468298	0.470204	0.472200	0.474264	0.476375	0.478511	0.480656	0.482791	0.000000	0.451113	
2399	0.459444	0.460224	0.444819	0.444819	0.448342	0.451979	0.454577	0.456483	0.458061	0.459496	0.460912	0.462385	0.463960	0.465651	0.467459	0.469371	0.471370	0.473434	0.475544	0.477680	0.479822	0.481956	0.000000	0.443322	
2400	0.445599	0.452424	0.439944	0.448719	0.448467	0.451386	0.453844	0.455744	0.457342	0.458801	0.460235	0.461719	0.463297	0.464987	0.466790	0.468694	0.470684	0.472738	0.474838	0.476964	0.479099	0.481226	1.000000	0.405014	
2401	0.453789	0.456324	0.447744	0.452619	0.449851	0.451611	0.453691	0.455446	0.456979	0.458402	0.459812	0.461275	0.462833	0.464502	0.466284	0.468167	0.470136	0.472172	0.474254	0.476363	0.478483	0.480597	0.000000	0.487319	
2402	0.450669	0.468219	0.449499	0.468219	0.455974	0.454630	0.455507	0.456663	0.457844	0.459036	0.460279	0.461614	0.463067	0.464648	0.466353	0.468169	0.470078	0.472060	0.474095	0.476162	0.478244	0.480325	0.000000	0.533837	
2403	0.471144	0.476994	0.462759	0.464124	0.458691	0.456357	0.456584	0.457373	0.458327	0.459364	0.460492	0.461736	0.463113	0.464627	0.466273	0.468036	0.469898	0.471837	0.473832	0.475865	0.477916	0.479969	0.000000	0.412361	
2404	0.469779	0.472119	0.464514	0.468219	0.461867	0.458513	0.458039	0.458406	0.459088	0.459935	0.460922	0.462052	0.463335	0.464768	0.466343	0.468042	0.469847	0.471735	0.473685	0.475676	0.477690	0.479711	0.000000	0.447536	
2405	0.467829	0.475044	0.465294	0.465879	0.463204	0.459853	0.459019	0.459118	0.459610	0.460319	0.461197	0.462239	0.463446	0.464812	0.466326	0.467971	0.469727	0.471570	0.473479	0.475434	0.477416	0.479407	0.000000	0.451225	
2406	0.469974	0.470169	0.453789	0.458079	0.461496	0.459530	0.458901	0.459019	0.459492	0.460174	0.461024	0.462036	0.463212	0.464548	0.466032	0.467647	0.469374	0.471190	0.473074	0.475006	0.476966	0.478938	0.000000	0.422679	
2407	0.454569	0.456324	0.430974	0.436239	0.453077	0.455295	0.456068	0.456850	0.457704	0.458630	0.459647	0.460778	0.462039	0.463438	0.464968	0.466617	0.468369	0.470205	0.472105	0.474049	0.476019	0.478000	1.000000	0.408028	
2408	0.439944	0.439944	0.412449	0.425319	0.443824	0.449845	0.452225	0.453847	0.455212	0.456481	0.457740	0.459048	0.460443	0.461943	0.463552	0.465263	0.467065	0.468941	0.470873	0.472845	0.474840	0.476842	1.000000	0.385099	
2409	0.423564	0.438969	0.417129	0.438969	0.442206	0.447868	0.450568	0.452430	0.453963	0.455351	0.456697	0.458069	0.459509	0.461042	0.462674	0.464401	0.466214	0.468097	0.470034	0.472009	0.474006	0.476009	1.000000	0.435199	
2410	0.440919	0.443064	0.434679	0.436044	0.440152	0.445718	0.448752	0.450869	0.452585	0.454105	0.455550	0.456994	0.458489	0.460062	0.461723	0.463471	0.465299	0.467194	0.469139	0.471121	0.473123	0.475131	1.000000	0.386755	
2411	0.439359	0.440724	0.430779	0.433314	0.437872	0.443463	0.446822	0.449197	0.451102	0.452764	0.454314	0.455839	0.457394	0.459013	0.460708	0.462483	0.464330	0.466239	0.468197	0.470187	0.472197	0.474212	1.000000	0.375326	
2412	0.432339	0.447549	0.428049	0.447549	0.441098	0.444206	0.446913	0.449040	0.450829	0.452428	0.453938	0.455435	0.456966	0.458563	0.460238	0.461993	0.463822	0.465713	0.467653	0.469628	0.471624	0.473626	1.000000	0.349843	
2413	0.449304	0.451449	0.442479	0.444624	0.442273	0.444282	0.446627	0.448620	0.450352	0.451924	0.453421	0.454907	0.456430	0.458016	0.459680	0.461423	0.463240	0.465119	0.467047	0.469011	0.470996	0.472989	1.000000	0.523715	
2414	0.441894	0.448719	0.438384	0.446769	0.443772	0.444734	0.446645	0.448443	0.450076	0.451592	0.453051	0.454510	0.456010	0.457575	0.459219	0.460943	0.462741	0.464602	0.466514	0.468462	0.470433	0.472412	1.000000	0.397908	
2415	0.437799	0.441309	0.424929	0.424929	0.437491	0.441133	0.443930	0.446204	0.448142	0.449871	0.451489	0.453067	0.454658	0.456295	0.457995	0.459762	0.461595	0.463484	0.465419	0.467387	0.469374	0.471369	1.000000	0.503272	
2416	0.428634	0.431754	0.419274	0.419274	0.431418	0.437159	0.440848	0.443639	0.445921	0.447897	0.449699	0.451419	0.453120	0.454843	0.456612	0.458435	0.460312	0.462239	0.464205	0.466199	0.468209	0.470224	1.000000	0.378402	
2417	0.420444	0.423954	0.401918	0.403088	0.421975	0.430964	0.436128	0.439777	0.442626	0.445006	0.447110	0.449061	0.450945	0.452814	0.454700	0.456620	0.458578	0.460573	0.462597	0.464641	0.466695	0.468748	1.000000	0.448483	
2418	0.408938	0.413814	0.398018	0.404063	0.416005	0.426073	0.432120	0.436376	0.439660	0.442365	0.444718	0.446866	0.448906	0.450902	0.452892	0.454897	0.456926	0.458981	0.461056	0.463145	0.465238	0.467327	1.000000	0.282408	
2419	0.408744	0.415374	0.406793	0.411084	0.414364	0.423348	0.429491	0.433967	0.437462	0.440347	0.442850	0.445121	0.447262	0.449340	0.451399	0.453460	0.455537	0.457632	0.459741	0.461859	0.463979	0.466091	1.000000	0.382826	
2420	0.410109	0.443844	0.408744	0.436044	0.421591	0.425656	0.430310	0.434165	0.437353	0.440069	0.442472	0.444678	0.446774	0.448819	0.450850	0.452889	0.454946	0.457024	0.459118	0.461222	0.463329	0.465430	1.000000	0.445291	
2421	0.433119	0.459444	0.424149	0.442674	0.428618	0.428750	0.431855	0.434975	0.437762	0.440237	0.442483	0.444580	0.446596	0.448578	0.450558	0.452554	0.454575	0.456619	0.458685	0.460764	0.462849	0.464930	1.000000	0.434036	
2422	0.448524	0.455349	0.436434	0.444039	0.433759	0.431530	0.433378	0.435838	0.438245	0.440483	0.442569	0.444554	0.446485	0.448400	0.450325	0.452275	0.454255	0.456265	0.458299	0.460351	0.462411	0.464471	1.000000	0.432163	
2423	0.450474	0.450474	0.436044	0.436044	0.434520	0.432351	0.433711	0.435858	0.438075	0.440196	0.442207	0.444139	0.446031	0.447915	0.449815	0.451743	0.453703	0.455695	0.457714	0.459751	0.461798	0.463846	1.000000	0.574070	
2424	0.439944	0.452034	0.437604	0.448524	0.439188	0.435291	0.435563	0.437064	0.438879	0.440733	0.442558	0.444353	0.446139	0.447939	0.449769	0.451637	0.453546	0.455493	0.457472	0.459474	0.461489	0.463509	1.000000	0.482168	
2425	0.452619	0.460614	0.448719	0.458469	0.445615	0.439505	0.438426	0.439103	0.440386	0.441878	0.443442	0.445041	0.446675	0.448352	0.450080	0.451861	0.453696	0.455577	0.457498	0.459449	0.461419	0.463399	0.000000	0.437050	
2426	0.465294	0.470949	0.462564	0.468219	0.453150	0.444726	0.442150	0.441876	0.442527	0.443577	0.444818	0.446172	0.447612	0.449131	0.450728	0.452398	0.454136	0.455933	0.457780	0.459665	0.461577	0.463505	0.000000	0.421076	
2427	0.466659	0.471144	0.463344	0.463344	0.456548	0.448111	0.444800	0.443920	0.444128	0.444852	0.445847	0.447010	0.448296	0.449689	0.451178	0.452757	0.454415	0.456142	0.457927	0.459756	0.461618	0.463501	0.000000	0.454724	
2428	0.460614	0.469779	0.460419	0.468804	0.460633	0.451874	0.447800	0.446290	0.446027	0.446398	0.447123	0.448073	0.449188	0.450438	0.451808	0.453283	0.454851	0.456499	0.458213	0.459980	0.461786	0.463618	0.000000	0.429322	
2429	0.470559	0.473484	0.460809	0.460809	0.460692	0.453498	0.449426	0.447673	0.447164	0.447327	0.447883	0.448694	0.449693	0.450845	0.452129	0.453530	0.455031	0.456620	0.458281	0.460000	0.461763	0.463556	0.000000	0.492055	
2430	0.460614	0.463344	0.455934	0.461004	0.460796	0.454863	0.450874	0.448943	0.448228	0.448210	0.448612	0.449294	0.450185	0.451243	0.452446	0.453775	0.455212	0.456744	0.458353	0.460025	0.461745	0.463500	0.000000	0.490122	
2431	0.459834	0.460614	0.451644	0.453009	0.458200	0.454526	0.451140	0.449330	0.448596	0.448519	0.448856	0.449476	0.450307	0.451313	0.452466	0.453750	0.455146	0.456638	0.458212	0.459852	0.461542	0.463269	0.000000	0.464810	
2432	0.443649	0.446574	0.435459	0.436044	0.450815	0.451166	0.449253	0.448065	0.447631	0.447715	0.448145	0.448820	0.449687	0.450714	0.451880	0.453169	0.454567	0.456058	0.457629	0.459264	0.460949	0.462671	1.000000	0.507515	
2433	0.436044	0.437214	0.422004	0.427269	0.442966	0.446821	0.446505	0.446084	0.446064	0.446395	0.446985	0.447769	0.448713	0.449794	0.451001	0.452320	0.453740	0.455247	0.456830	0.458474	0.460166	0.461893	1.000000	0.462938	
2434	0.429024	0.432924	0.424929	0.428244	0.438059	0.443443	0.444223	0.444385	0.444693	0.445224	0.445944	0.446817	0.447823	0.448949	0.450188	0.451530	0.452967	0.454487	0.456078	0.457727	0.459423	0.461153	1.000000	0.442938	
2435	0.436044	0.440724	0.433314	0.437019	0.437712	0.442275	0.443322	0.443683	0.444103	0.444695	0.445448	0.446339	0.447353	0.448481	0.449718	0.451055	0.452484	0.453995	0.455576	0.457216	0.458902	0.460623	1.000000	0.510559	
2436	0.433119	0.434094	0.427659	0.433119	0.436181	0.440610	0.442047	0.442677	0.443258	0.443948	0.444763	0.445694	0.446734	0.447879	0.449125	0.450467	0.451897	0.453407	0.454985	0.456621	0.458303	0.460018	1.000000	0.457925	
2437	0.431949	0.432534	0.418494	0.420639	0.431000	0.436979	0.439371	0.440578	0.441518	0.442444	0.443423	0.444472	0.445599	0.446811	0.448108	0.449489	0.450950	0.452484	0.454081	0.455733	0.457427	0.459153	1.000000	0.516948	
2438	0.413424	0.418104	0.410108	0.412643	0.424881	0.432554	0.436030	0.437918	0.439297	0.440522	0.441713	0.442919	0.444167	0.445471	0.446841	0.448281	0.449789	0.451361	0.452991	0.454669	0.456385	0.458131	1.000000	0.454610	
2439	0.417519	0.426684	0.414594	0.424149	0.424637	0.431026	0.434545	0.436607	0.438132	0.439465	0.440737	0.442003	0.443296	0.444635	0.446031	0.447489	0.449012	0.450595	0.452232	0.453915	0.455636	0.457384	1.000000	0.455025	
2440	0.426294	0.426294	0.416544	0.416544	0.421939	0.428393	0.432295	0.434696	0.436471	0.437987	0.439393	0.440761	0.442133	0.443533	0.444977	0.446475	0.448028	0.449636	0.451293	0.452992	0.454727	0.456486	1.000000	0.464115	
2441	0.412839	0.416154	0.408353	0.411668	0.418516	0.425352	0.429716	0.432503	0.434563	0.436289	0.437853	0.439342	0.440809	0.442284	0.443788	0.445334	0.446926	0.448566	0.450250	0.451972	0.453725	0.455501	1.000000	0.446916	
2442	0.410693	0.418299	0.408938	0.413619	0.416883	0.423219	0.427704	0.430704	0.432952	0.434826	0.436506	0.438088	0.439626	0.441159	0.442710	0.444294	0.445917	0.447582	0.449286	0.451025	0.452793	0.454581	1.000000	0.430126	
2443	0.413424	0.421419	0.409913	0.411474	0.415080	0.421083	0.425675	0.428873	0.431300	0.433319	0.435116	0.436789	0.438402	0.439995	0.441595	0.443218	0.444873	0.446564	0.448291	0.450048	0.451832	0.453633	1.000000	0.526731	
2444	0.420054	0.426099	0.418884	0.424539	0.418233	0.421711	0.425533	0.428460	0.430780	0.432753	0.434528	0.436192	0.437800	0.439389	0.440986	0.442605	0.444257	0.445944	0.447666	0.449419	0.451197	0.452994	1.000000	0.475079	
2445	0.428244	0.432924	0.425319	0.427269	0.421245	0.422722	0.425750	0.428347	0.430510	0.432399	0.434125	0.435756	0.437342	0.438914	0.440496	0.442102	0.443742	0.445418	0.447129	0.448872	0.450640	0.452428	1.000000	0.396386	
2446	0.428244	0.433119	0.423954	0.433119	0.425203	0.424612	0.426671	0.428801	0.430710	0.432446	0.434069	0.435628	0.437158	0.438687	0.440232	0.441808	0.443420	0.445072	0.446760	0.448483	0.450233	0.452004	1.000000	0.463292	
2447	0.434289	0.439749	0.433314	0.436239	0.428882	0.426726	0.427867	0.429509	0.431136	0.432690	0.434189	0.435658	0.437118	0.438591	0.440090	0.441625	0.443203	0.444823	0.446483	0.448180	0.449907	0.451658	1.000000	0.549011	
2448	0.442869	0.444624	0.426294	0.426294	0.428019	0.426648	0.427670	0.429203	0.430763	0.432278	0.433751	0.435201	0.436647	0.438108	0.439597	0.441123	0.442690	0.444301	0.445952	0.447640	0.449358	0.451100	1.000000	0.451632	
2449	0.426879	0.429219	0.419469	0.419469	0.425169	0.425342	0.426645	0.428276	0.429894	0.431451	0.432957	0.434433	0.435901	0.437377	0.438878	0.440413	0.441987	0.443601	0.445255	0.446944	0.448663	0.450405	1.000000	0.473413	
2450	0.422784	0.429219	0.421224	0.427269	0.425869	0.425693	0.426723	0.428180	0.429692	0.431181	0.432641	0.434084	0.435525	0.436981	0.438463	0.439982	0.441541	0.443141	0.444782	0.446459	0.448166	0.449896	1.000000	0.492193	
2451	0.431169	0.433899	0.428244	0.433119	0.428285	0.427043	0.427523	0.428650	0.429956	0.431306	0.432668	0.434037	0.435421	0.436829	0.438273	0.439757	0.441285	0.442859	0.444475	0.446129	0.447816	0.449528	1.000000	0.512380	
2452	0.436824	0.440724	0.436629	0.437214	0.431262	0.428892	0.428734	0.429466	0.430514	0.431687	0.432920	0.434192	0.435499	0.436845	0.438235	0.439673	0.441162	0.442700	0.444284	0.445909	0.447569	0.449257	1.000000	0.437324	
2453	0.435654	0.439749	0.433509	0.435654	0.432726	0.430121	0.429599	0.430055	0.430910	0.431943	0.433072	0.434263	0.435505	0.436798	0.438143	0.439542	0.440995	0.442501	0.444057	0.445656	0.447292	0.448958	1.000000	0.383869	
2454	0.430974	0.433314	0.426684	0.426684	0.430712	0.429496	0.429235	0.429734	0.430585	0.431604	0.432717	0.433893	0.435122	0.436401	0.437733	0.439120	0.440561	0.442056	0.443600	0.445187	0.446813	0.448469	1.000000	0.513067	
2455	0.429219	0.432144	0.424539	0.426294	0.429239	0.428914	0.428867	0.429407	0.430255	0.431261	0.432360	0.433523	0.434738	0.436005	0.437325	0.438699	0.440129	0.441612	0.443144	0.444721	0.446336	0.447981	1.000000	0.480305	
2456	0.423954	0.437799	0.420249	0.437799	0.432092	0.430530	0.429983	0.430206	0.430835	0.431683	0.432663	0.433731	0.434871	0.436075	0.437342	0.438670	0.440058	0.441504	0.443004	0.444550	0.446137	0.447757	1.000000	0.467844	
2457	0.437799	0.440139	0.430584	0.430584	0.431589	0.430539	0.430059	0.430242	0.430816	0.431612	0.432547	0.433578	0.434685	0.435860	0.437100	0.438405	0.439771	0.441197	0.442677	0.444205	0.445775	0.447380	1.000000	0.491746	
2458	0.435849	0.437604	0.433314	0.434484	0.432554	0.431257	0.430612	0.430646	0.431098	0.431798	0.432655	0.433622	0.434676	0.435806	0.437007	0.438276	0.439611	0.441008	0.442461	0.443965	0.445513	0.447097	1.000000	0.464356	
2459	0.430389	0.433509	0.428634	0.433509	0.432872	0.431666	0.430974	0.430918	0.431283	0.431908	0.432702	0.433616	0.434625	0.435716	0.436882	0.438120	0.439426	0.440796	0.442226	0.443707	0.445234	0.446798	1.000000	0.511749	
2460	0.431949	0.436434	0.430389	0.434094	0.433280	0.432107	0.431364	0.431221	0.431499	0.432049	0.432779	0.433640	0.434602	0.435652	0.436782	0.437988	0.439265	0.440608	0.442012	0.443470	0.444975	0.446519	1.000000	0.436123	
2461	0.430389	0.440724	0.429609	0.439944	0.435501	0.433532	0.432436	0.432052	0.432149	0.432558	0.433177	0.433947	0.434834	0.435821	0.436895	0.438052	0.439285	0.440589	0.441957	0.443383	0.444858	0.446374	1.000000	0.474528	
2462	0.444819	0.452814	0.443064	0.451839	0.440947	0.436861	0.434862	0.433936	0.433664	0.433802	0.434214	0.434820	0.435574	0.436449	0.437429	0.438504	0.439666	0.440906	0.442217	0.443591	0.445020	0.446494	1.000000	0.531610	
2463	0.454179	0.461784	0.454179	0.457884	0.446593	0.440683	0.437739	0.436217	0.435527	0.435356	0.435529	0.435945	0.436544	0.437289	0.438160	0.439139	0.440218	0.441384	0.442629	0.443944	0.445319	0.446745	0.000000	0.511784	
2464	0.464124	0.467049	0.460224	0.464124	0.452437	0.444945	0.441038	0.438875	0.437727	0.437212	0.437118	0.437320	0.437743	0.438342	0.439087	0.439959	0.440942	0.442025	0.443195	0.444443	0.445756	0.447127	0.000000	0.514909	
2465	0.468219	0.469779	0.456714	0.458469	0.454447	0.447404	0.443217	0.440741	0.439322	0.438583	0.438304	0.438351	0.438644	0.439131	0.439779	0.440566	0.441473	0.442488	0.443597	0.444789	0.446052	0.447376	0.000000	0.454584	
2466	0.458664	0.459639	0.446769	0.456519	0.455138	0.449061	0.444879	0.442244	0.440645	0.439741	0.439316	0.439238	0.439421	0.439813	0.440377	0.441089	0.441929	0.442883	0.443937	0.445078	0.446296	0.447577	0.000000	0.415006	
2467	0.452229	0.465294	0.450279	0.462759	0.457678	0.451552	0.447114	0.444197	0.442346	0.441226	0.440618	0.440385	0.440436	0.440713	0.441176	0.441799	0.442560	0.443443	0.444432	0.445515	0.446678	0.447911	0.000000	0.520351	
2468	0.462369	0.467439	0.458664	0.460614	0.458657	0.453200	0.448802	0.445761	0.443751	0.442476	0.441729	0.441372	0.441313	0.441493	0.441871	0.442416	0.443107	0.443927	0.444858	0.445888	0.447002	0.448190	0.000000	0.401018	
2469	0.458859	0.461979	0.453204	0.453204	0.456839	0.453200	0.449352	0.446470	0.444478	0.443169	0.442367	0.441949	0.441830	0.441952	0.442275	0.442770	0.443413	0.444188	0.445078	0.446069	0.447147	0.448300	0.000000	0.448717	
2470	0.451644	0.458859	0.450279	0.458079	0.457253	0.454087	0.450443	0.447575	0.445525	0.444131	0.443240	0.442736	0.442537	0.442585	0.442840	0.443272	0.443858	0.444579	0.445420	0.446365	0.447401	0.448515	0.000000	0.420199	
2471	0.460419	0.466269	0.459834	0.461394	0.458633	0.455416	0.451812	0.448892	0.446745	0.445244	0.444248	0.443646	0.443357	0.443322	0.443502	0.443866	0.444389	0.445053	0.445840	0.446736	0.447726	0.448798	0.000000	0.495031	
2472	0.465879	0.477579	0.464709	0.476019	0.464429	0.459162	0.454838	0.451475	0.448997	0.447230	0.446013	0.445225	0.444777	0.444605	0.444664	0.444920	0.445348	0.445925	0.446635	0.447459	0.448384	0.449396	0.000000	0.550851	
2473	0.477969	0.480309	0.464514	0.464514	0.464457	0.460135	0.456047	0.452717	0.450191	0.448345	0.447041	0.446166	0.445635	0.445385	0.445373	0.445563	0.445929	0.446449	0.447105	0.447880	0.448759	0.449728	0.000000	0.564525	
2474	0.463734	0.472314	0.463344	0.469194	0.466036	0.461782	0.457691	0.454286	0.451653	0.449690	0.448272	0.447289	0.446659	0.446319	0.446223	0.446337	0.446634	0.447090	0.447686	0.448407	0.449235	0.450156	0.000000	0.438235	
2475	0.466659	0.473484	0.465489	0.467244	0.466439	0.462775	0.458885	0.455520	0.452852	0.450823	0.449326	0.448263	0.447554	0.447140	0.446974	0.447023	0.447258	0.447657	0.448201	0.448872	0.449654	0.450532	0.000000	0.475626	
2476	0.471144	0.473289	0.466269	0.472509	0.468462	0.464545	0.460588	0.457138	0.454364	0.452222	0.450614	0.449446	0.448639	0.448135	0.447886	0.447858	0.448023	0.448357	0.448841	0.449455	0.450185	0.451015	0.000000	0.449495	
2477	0.474069	0.476994	0.463344	0.464319	0.467081	0.464504	0.461054	0.457822	0.455130	0.453002	0.451375	0.450171	0.449321	0.448769	0.448473	0.448398	0.448517	0.448807	0.449248	0.449822	0.450514	0.451307	0.000000	0.447938	
2478	0.461394	0.468609	0.457689	0.463734	0.465966	0.464364	0.461389	0.458385	0.455792	0.453695	0.452062	0.450833	0.449948	0.449356	0.449018	0.448901	0.448978	0.449228	0.449629	0.450166	0.450821	0.451580	0.000000	0.475646	
2479	0.466464	0.468414	0.459444	0.459444	0.463792	0.463470	0.461146	0.458486	0.456073	0.454066	0.452472	0.451253	0.450360	0.449752	0.449390	0.449247	0.449295	0.449515	0.449888	0.450395	0.451022	0.451753	0.000000	0.484672	
2480	0.460029	0.463344	0.454764	0.458469	0.462018	0.462560	0.460812	0.458484	0.456257	0.454350	0.452805	0.451605	0.450713	0.450094	0.449715	0.449549	0.449573	0.449768	0.450113	0.450594	0.451195	0.451901	0.000000	0.432192	
2481	0.460224	0.464904	0.452814	0.455154	0.459730	0.461214	0.460104	0.458167	0.456172	0.454402	0.452936	0.451778	0.450906	0.450292	0.449909	0.449733	0.449742	0.449919	0.450246	0.450707	0.451287	0.451972	0.000000	0.519043	
2482	0.457494	0.461394	0.452814	0.455934	0.458465	0.460254	0.459583	0.457955	0.456154	0.454500	0.453102	0.451981	0.451125	0.450513	0.450124	0.449936	0.449930	0.450089	0.450396	0.450836	0.451395	0.452059	0.000000	0.373882	
2483	0.459444	0.460029	0.443844	0.452034	0.456321	0.458759	0.458639	0.457391	0.455837	0.454341	0.453043	0.451983	0.451164	0.450573	0.450192	0.450005	0.449994	0.450144	0.450439	0.450866	0.451410	0.452059	0.000000	0.460963	
2484	0.455739	0.463344	0.451839	0.460224	0.457622	0.459026	0.458838	0.457661	0.456174	0.454721	0.453442	0.452385	0.451558	0.450951	0.450551	0.450340	0.450304	0.450427	0.450696	0.451097	0.451615	0.452238	0.000000	0.425144	
2485	0.464319	0.472509	0.460614	0.470949	0.462064	0.461194	0.460352	0.458926	0.457311	0.455768	0.454414	0.453291	0.452401	0.451736	0.451279	0.451016	0.450930	0.451006	0.451229	0.451587	0.452065	0.452650	0.000000	0.566026	
2486	0.470169	0.477579	0.468219	0.474069	0.466066	0.463535	0.462066	0.460368	0.458600	0.456949	0.455506	0.454304	0.453343	0.452612	0.452093	0.451772	0.451631	0.451655	0.451830	0.452142	0.452576	0.453120	0.000000	0.454096	
2487	0.473289	0.480309	0.472119	0.478554	0.470229	0.466266	0.464127	0.462100	0.460135	0.458343	0.456787	0.455487	0.454439	0.453629	0.453038	0.452650	0.452447	0.452413	0.452534	0.452794	0.453180	0.453679	0.000000	0.458922	
2488	0.478749	0.482259	0.469389	0.470559	0.470339	0.467046	0.464931	0.462906	0.460937	0.459131	0.457552	0.456223	0.455140	0.454293	0.453664	0.453237	0.452995	0.452924	0.453008	0.453233	0.453585	0.454050	0.000000	0.489676	
2489	0.474069	0.475434	0.460614	0.462759	0.467812	0.466267	0.464660	0.462892	0.461077	0.459365	0.457841	0.456541	0.455472	0.454625	0.453989	0.453549	0.453291	0.453201	0.453265	0.453468	0.453798	0.454242	0.000000	0.437879	
2490	0.458469	0.464709	0.455349	0.456129	0.463918	0.464424	0.463593	0.462248	0.460696	0.459156	0.457746	0.456521	0.455500	0.454684	0.454065	0.453634	0.453377	0.453284	0.453340	0.453534	0.453852	0.454283	0.000000	0.486643	
2491	0.447744	0.452619	0.444819	0.446769	0.458202	0.461214	0.461490	0.460774	0.459625	0.458357	0.457136	0.456046	0.455121	0.454373	0.453805	0.453409	0.453177	0.453100	0.453167	0.453367	0.453687	0.454118	1.000000	0.490616	
2492	0.446964	0.456714	0.443649	0.453594	0.456666	0.459828	0.460503	0.460090	0.459161	0.458050	0.456940	0.455926	0.455054	0.454343	0.453797	0.453415	0.453190	0.453114	0.453178	0.453372	0.453685	0.454106	0.000000	0.437842	
2493	0.452034	0.464709	0.451254	0.457884	0.457072	0.459475	0.460176	0.459880	0.459063	0.458039	0.456992	0.456022	0.455177	0.454482	0.453943	0.453561	0.453332	0.453248	0.453302	0.453484	0.453783	0.454190	0.000000	0.482645	
2494	0.462369	0.467244	0.459834	0.464514	0.459553	0.460391	0.460718	0.460321	0.459482	0.458457	0.457410	0.456436	0.455583	0.454875	0.454321	0.453920	0.453671	0.453566	0.453597	0.453756	0.454032	0.454416	0.000000	0.524474	
2495	0.466269	0.467049	0.459249	0.463344	0.460817	0.460928	0.461046	0.460609	0.459779	0.458772	0.457740	0.456773	0.455921	0.455207	0.454643	0.454229	0.453964	0.453841	0.453854	0.453993	0.454249	0.454613	0.000000	0.403186	
2496	0.461589	0.467049	0.460614	0.465684	0.462439	0.461793	0.461626	0.461093	0.460234	0.459218	0.458181	0.457208	0.456345	0.455618	0.455037	0.454605	0.454319	0.454175	0.454165	0.454281	0.454515	0.454856	0.000000	0.478295	
2497	0.467634	0.471144	0.463344	0.466269	0.463716	0.462607	0.462207	0.461586	0.460698	0.459673	0.458630	0.457650	0.456777	0.456036	0.455438	0.454987	0.454681	0.454516	0.454484	0.454577	0.454788	0.455107	0.000000	0.536929	
2498	0.467439	0.476994	0.467244	0.473484	0.466972	0.464584	0.463616	0.462719	0.461681	0.460564	0.459456	0.458422	0.457503	0.456720	0.456083	0.455594	0.455251	0.455050	0.454984	0.455044	0.455223	0.455511	0.000000	0.401695	
2499	0.476214	0.495520	0.474069	0.491815	0.475253	0.469535	0.467141	0.465490	0.463999	0.462580	0.461253	0.460051	0.458995	0.458096	0.457359	0.456781	0.456359	0.456085	0.455953	0.455952	0.456074	0.456309	0.000000	0.572427	
2500	0.485965	0.492595	0.480894	0.489670	0.480058	0.473196	0.469957	0.467793	0.465974	0.464328	0.462832	0.461496	0.460329	0.459335	0.458513	0.457860	0.457368	0.457032	0.456840	0.456785	0.456855	0.457042	0.000000	0.528907	
2501	0.486550	0.491230	0.481089	0.489280	0.483132	0.476120	0.472372	0.469839	0.467767	0.465938	0.464301	0.462851	0.461587	0.460509	0.459612	0.458890	0.458335	0.457940	0.457694	0.457587	0.457609	0.457750	0.000000	0.433000	
2502	0.487720	0.493375	0.481674	0.483625	0.483296	0.477485	0.473779	0.471152	0.468987	0.467079	0.465375	0.463864	0.462545	0.461415	0.460469	0.459701	0.459102	0.458663	0.458376	0.458230	0.458214	0.458319	0.000000	0.426037	
2503	0.483819	0.496690	0.481284	0.495520	0.487371	0.480764	0.476497	0.473473	0.471028	0.468914	0.467049	0.465409	0.463979	0.462753	0.461721	0.460875	0.460205	0.459702	0.459354	0.459151	0.459082	0.459137	0.000000	0.453788	
2504	0.495910	0.496885	0.489670	0.496690	0.490477	0.483659	0.479021	0.475684	0.473002	0.470706	0.468696	0.466934	0.465401	0.464084	0.462970	0.462049	0.461311	0.460744	0.460336	0.460078	0.459957	0.459962	0.000000	0.541046	
2505	0.497470	0.500785	0.492010	0.499030	0.493328	0.486454	0.481522	0.477907	0.475004	0.472533	0.470381	0.468500	0.466863	0.465454	0.464258	0.463262	0.462454	0.461822	0.461354	0.461039	0.460865	0.460821	0.000000	0.427024	
2506	0.485769	0.486354	0.475629	0.480309	0.488988	0.485337	0.481370	0.478136	0.475412	0.473035	0.470933	0.469076	0.467448	0.466037	0.464831	0.463821	0.462995	0.462343	0.461853	0.461515	0.461317	0.461249	0.000000	0.499882	
2507	0.476994	0.485770	0.471534	0.481284	0.486420	0.484600	0.481360	0.478436	0.475864	0.473567	0.471508	0.469672	0.468050	0.466635	0.465419	0.464393	0.463549	0.462876	0.462365	0.462003	0.461782	0.461689	0.000000	0.485766	
2508	0.477969	0.486159	0.475434	0.483429	0.485423	0.484387	0.481618	0.478911	0.476446	0.474203	0.472170	0.470343	0.468718	0.467293	0.466062	0.465018	0.464152	0.463455	0.462919	0.462532	0.462285	0.462167	0.000000	0.382692	
2509	0.467244	0.481284	0.467244	0.478749	0.483199	0.483362	0.481260	0.478896	0.476623	0.474497	0.472536	0.470753	0.469154	0.467742	0.466515	0.465468	0.464594	0.463886	0.463336	0.462933	0.462668	0.462531	0.000000	0.586208	
2510	0.481089	0.485964	0.470364	0.473679	0.480026	0.481602	0.480312	0.478399	0.476396	0.474444	0.472599	0.470896	0.469351	0.467975	0.466771	0.465737	0.464869	0.464162	0.463608	0.463198	0.462924	0.462777	0.000000	0.436509	
2511	0.480699	0.481870	0.475629	0.479529	0.479860	0.481225	0.480214	0.478507	0.476637	0.474772	0.472984	0.471317	0.469794	0.468428	0.467227	0.466189	0.465314	0.464595	0.464027	0.463601	0.463310	0.463145	0.000000	0.479882	
2512	0.481869	0.482259	0.474459	0.476019	0.478580	0.480278	0.479690	0.478270	0.476590	0.474852	0.473153	0.471546	0.470064	0.468726	0.467541	0.466511	0.465638	0.464917	0.464342	0.463908	0.463606	0.463428	0.000000	0.433818	
2513	0.481089	0.484794	0.477579	0.480504	0.479221	0.480320	0.479792	0.478483	0.476891	0.475217	0.473561	0.471983	0.470518	0.469188	0.468004	0.466970	0.466088	0.465356	0.464768	0.464318	0.463999	0.463803	0.000000	0.381328	
2514	0.481089	0.484794	0.477579	0.480504	0.479649	0.480353	0.479881	0.478675	0.477169	0.475558	0.473947	0.472399	0.470952	0.469632	0.468450	0.467414	0.466525	0.465783	0.465182	0.464717	0.464383	0.464170	0.000000	0.396540	
2515	0.490840	0.493180	0.484795	0.486355	0.481884	0.481444	0.480690	0.479407	0.477876	0.476255	0.474636	0.473080	0.471622	0.470288	0.469090	0.468035	0.467126	0.466362	0.465739	0.465252	0.464894	0.464658	0.000000	0.467325	
2516	0.490840	0.493180	0.484795	0.486355	0.483374	0.482337	0.481398	0.480068	0.478528	0.476906	0.475287	0.473727	0.472263	0.470918	0.469706	0.468636	0.467709	0.466925	0.466281	0.465773	0.465393	0.465134	0.000000	0.458027	
2517	0.488890	0.493570	0.484794	0.484794	0.483848	0.482784	0.481823	0.480518	0.479010	0.477415	0.475816	0.474267	0.472808	0.471462	0.470245	0.469165	0.468227	0.467429	0.466769	0.466242	0.465844	0.465567	0.000000	0.525468	
2518	0.485769	0.489670	0.483039	0.484794	0.484163	0.483149	0.482194	0.480926	0.479455	0.477891	0.476314	0.474781	0.473329	0.471985	0.470765	0.469678	0.468729	0.467918	0.467243	0.466700	0.466285	0.465989	0.000000	0.452816	
2519	0.485769	0.489670	0.483039	0.484794	0.484374	0.483449	0.482519	0.481294	0.479866	0.478337	0.476786	0.475269	0.473827	0.472487	0.471266	0.470174	0.469216	0.468393	0.467705	0.467147	0.466715	0.466402	0.000000	0.365846	
2520	0.488110	0.488695	0.483819	0.485185	0.484644	0.483764	0.482852	0.481665	0.480275	0.478778	0.477252	0.475753	0.474321	0.472985	0.471763	0.470666	0.469699	0.468866	0.468165	0.467593	0.467145	0.466815	0.000000	0.455361	
2521	0.493570	0.494545	0.488889	0.489865	0.486384	0.484873	0.483729	0.482446	0.481012	0.479494	0.477953	0.476441	0.474997	0.473647	0.472409	0.471295	0.470311	0.469458	0.468736	0.468143	0.467673	0.467322	0.000000	0.362499	
2522	0.493570	0.494545	0.488889	0.489865	0.487544	0.485781	0.484496	0.483152	0.481693	0.480163	0.478615	0.477096	0.475643	0.474283	0.473033	0.471904	0.470903	0.470032	0.469292	0.468679	0.468189	0.467817	0.000000	0.381760	
2523	0.488695	0.489085	0.482649	0.485185	0.486758	0.485672	0.484582	0.483346	0.481962	0.480487	0.478980	0.477490	0.476058	0.474710	0.473467	0.472339	0.471336	0.470459	0.469710	0.469086	0.468584	0.468199	0.000000	0.473296	
2524	0.480504	0.482844	0.472509	0.477969	0.483828	0.484272	0.483755	0.482834	0.481655	0.480324	0.478923	0.477514	0.476141	0.474838	0.473628	0.472524	0.471537	0.470671	0.469928	0.469306	0.468803	0.468414	0.000000	0.487242	
2525	0.478944	0.480699	0.473679	0.478164	0.481940	0.483161	0.483056	0.482389	0.481386	0.480185	0.478881	0.477546	0.476229	0.474969	0.473790	0.472709	0.471738	0.470882	0.470144	0.469525	0.469020	0.468628	0.000000	0.430009	
2526	0.477774	0.477774	0.466659	0.468024	0.477302	0.480409	0.481177	0.481021	0.480358	0.479400	0.478278	0.477081	0.475872	0.474696	0.473584	0.472555	0.471625	0.470801	0.470088	0.469487	0.468997	0.468615	0.000000	0.441744	
2527	0.464709	0.466269	0.449889	0.451644	0.468749	0.475179	0.477486	0.478223	0.478150	0.477610	0.476798	0.475840	0.474819	0.473792	0.472800	0.471870	0.471020	0.470262	0.469603	0.469047	0.468594	0.468242	0.000000	0.379308	
2528	0.454569	0.454569	0.439944	0.441894	0.459797	0.469127	0.473037	0.474763	0.475361	0.475305	0.474859	0.474184	0.473387	0.472541	0.471696	0.470887	0.470137	0.469463	0.468874	0.468376	0.467973	0.467663	0.000000	0.500073	
2529	0.440919	0.447354	0.437604	0.438579	0.452725	0.463573	0.468730	0.471317	0.472531	0.472936	0.472844	0.472447	0.471874	0.471210	0.470514	0.469828	0.469181	0.468593	0.468077	0.467641	0.467289	0.467023	0.000000	0.431776	
2530	0.440529	0.449889	0.439944	0.449304	0.451584	0.460979	0.466301	0.469221	0.470745	0.471411	0.471536	0.471319	0.470893	0.470350	0.469756	0.469155	0.468578	0.468049	0.467583	0.467188	0.466871	0.466634	0.000000	0.412770	
2531	0.434094	0.439359	0.430584	0.433704	0.445624	0.456020	0.462227	0.465838	0.467895	0.468979	0.469434	0.469484	0.469276	0.468913	0.468468	0.467992	0.467522	0.467082	0.466691	0.466361	0.466100	0.465910	0.000000	0.492850	
2532	0.443064	0.444624	0.437019	0.444624	0.445291	0.453948	0.460026	0.463818	0.466105	0.467407	0.468056	0.468271	0.468204	0.467961	0.467617	0.467226	0.466828	0.466449	0.466110	0.465824	0.465600	0.465442	0.000000	0.495865	
2533	0.445014	0.447354	0.439359	0.442479	0.444353	0.451862	0.457833	0.461785	0.464288	0.465799	0.466635	0.467013	0.467086	0.466962	0.466719	0.466415	0.466090	0.465774	0.465489	0.465248	0.465062	0.464938	0.000000	0.402048	
2534	0.442869	0.445404	0.437994	0.442869	0.443859	0.450227	0.455962	0.459984	0.462640	0.464320	0.465315	0.465835	0.466033	0.466017	0.465867	0.465643	0.465386	0.465129	0.464893	0.464695	0.464546	0.464453	0.000000	0.402345	
2535	0.443259	0.443259	0.432924	0.433899	0.440539	0.447258	0.453204	0.457500	0.460429	0.462357	0.463569	0.464277	0.464636	0.464757	0.464726	0.464602	0.464432	0.464249	0.464078	0.463935	0.463834	0.463781	0.000000	0.303754	
2536	0.432144	0.432339	0.424539	0.428244	0.436440	0.443801	0.450084	0.454713	0.457954	0.460156	0.461607	0.462520	0.463053	0.463325	0.463423	0.463410	0.463335	0.463235	0.463135	0.463054	0.463006	0.463000	0.000000	0.433025	
2537	0.428567	0.435034	0.427195	0.433663	0.435514	0.441958	0.448032	0.452708	0.456085	0.458447	0.460054	0.461112	0.461775	0.462162	0.462360	0.462435	0.462436	0.462402	0.462359	0.462328	0.462323	0.462355	0.000000	0.418630	
2538	0.435818	0.439346	0.431703	0.436210	0.435746	0.440913	0.446554	0.451137	0.454556	0.457012	0.458730	0.459897	0.460664	0.461144	0.461426	0.461575	0.461642	0.461664	0.461671	0.461683	0.461716	0.461781	0.000000	0.436850	
2539	0.435622	0.437190	0.430331	0.430723	0.434072	0.439060	0.444575	0.449193	0.452723	0.455316	0.457174	0.458474	0.459362	0.459951	0.460329	0.460563	0.460705	0.460792	0.460856	0.460919	0.460995	0.461098	0.000000	0.460353	
2540	0.433467	0.434250	0.425823	0.428175	0.432106	0.437081	0.442525	0.447191	0.450835	0.453565	0.455563	0.456996	0.458006	0.458705	0.459181	0.459501	0.459719	0.459874	0.459996	0.460110	0.460232	0.460375	0.000000	0.408773	
2541	0.425627	0.428567	0.407010	0.411517	0.425243	0.432433	0.438649	0.443794	0.447810	0.450852	0.453116	0.454778	0.455985	0.456855	0.457479	0.457928	0.458258	0.458512	0.458721	0.458910	0.459099	0.459301	0.000000	0.408812	
2542	0.417984	0.419748	0.405050	0.406422	0.418969	0.427704	0.434621	0.440234	0.444626	0.447986	0.450522	0.452419	0.453830	0.454877	0.455655	0.456239	0.456687	0.457044	0.457344	0.457614	0.457874	0.458139	0.000000	0.443476	
2543	0.400190	0.408871	0.399406	0.407147	0.415029	0.423966	0.431186	0.437083	0.441743	0.445351	0.448112	0.450210	0.451800	0.453005	0.453923	0.454630	0.455186	0.455639	0.456023	0.456368	0.456694	0.457018	0.000000	0.470972	
2544	0.407010	0.415829	0.406226	0.414065	0.414707	0.422166	0.429046	0.434891	0.439614	0.443333	0.446220	0.448447	0.450160	0.451478	0.452499	0.453300	0.453940	0.454468	0.454919	0.455324	0.455703	0.456074	0.000000	0.382452	
2545	0.407206	0.409949	0.395251	0.395251	0.408222	0.417272	0.424822	0.431116	0.436202	0.440231	0.443389	0.445852	0.447772	0.449273	0.450455	0.451397	0.452162	0.452799	0.453349	0.453840	0.454297	0.454737	0.000000	0.459706	
2546	0.395643	0.405246	0.392115	0.402110	0.406185	0.414516	0.421983	0.428353	0.433579	0.437771	0.441095	0.443718	0.445787	0.447424	0.448728	0.449781	0.450645	0.451372	0.452001	0.452563	0.453084	0.453581	0.000000	0.442720	
2547	0.392507	0.396427	0.390744	0.394467	0.402279	0.410870	0.418543	0.425126	0.430571	0.434977	0.438505	0.441316	0.443556	0.445347	0.446790	0.447967	0.448943	0.449769	0.450487	0.451129	0.451720	0.452281	0.000000	0.389561	
2548	0.399563	0.403874	0.397211	0.399367	0.401308	0.408779	0.416146	0.422673	0.428170	0.432680	0.436331	0.439270	0.441634	0.443544	0.445097	0.446374	0.447440	0.448349	0.449141	0.449851	0.450503	0.451118	0.000000	0.410821	
2549	0.398975	0.406422	0.395447	0.400346	0.400988	0.407246	0.414171	0.420547	0.426030	0.430594	0.434332	0.437371	0.439839	0.441850	0.443498	0.444865	0.446013	0.446997	0.447857	0.448628	0.449336	0.450002	0.000000	0.410201	
2550	0.402306	0.406226	0.397603	0.406226	0.402734	0.407060	0.413178	0.419183	0.424507	0.429022	0.432770	0.435852	0.438378	0.440453	0.442167	0.443598	0.444808	0.445848	0.446762	0.447581	0.448334	0.449040	0.000000	0.538741	
2551	0.408577	0.410929	0.405050	0.407990	0.404486	0.407229	0.412530	0.418117	0.423236	0.427665	0.431393	0.434493	0.437057	0.439180	0.440947	0.442430	0.443692	0.444782	0.445741	0.446604	0.447396	0.448138	0.000000	0.375074	
2552	0.408577	0.408577	0.403286	0.403874	0.404282	0.406619	0.411448	0.416760	0.421747	0.426130	0.429865	0.432999	0.435614	0.437795	0.439622	0.441166	0.442485	0.443629	0.444640	0.445549	0.446384	0.447165	0.000000	0.451709	
2553	0.408186	0.409165	0.399955	0.404070	0.404211	0.406156	0.410525	0.415552	0.420387	0.424707	0.428432	0.431588	0.434242	0.436473	0.438353	0.439950	0.441321	0.442515	0.443572	0.444525	0.445399	0.446218	0.000000	0.429647	
2554	0.402306	0.405050	0.398975	0.402306	0.403576	0.405456	0.409498	0.414290	0.418996	0.423262	0.426980	0.430159	0.432854	0.435133	0.437065	0.438716	0.440139	0.441382	0.442486	0.443482	0.444397	0.445253	0.000000	0.471541	
2555	0.403678	0.403678	0.397015	0.401326	0.402826	0.404705	0.408477	0.413055	0.417637	0.421846	0.425555	0.428753	0.431483	0.433807	0.435789	0.437490	0.438963	0.440254	0.441403	0.442441	0.443396	0.444288	0.000000	0.484764	
2556	0.397995	0.405442	0.395839	0.397995	0.401216	0.403485	0.407166	0.411621	0.416126	0.420308	0.424024	0.427253	0.430027	0.432403	0.434439	0.436195	0.437721	0.439064	0.440261	0.441344	0.442340	0.443270	0.000000	0.416156	
2557	0.399759	0.400934	0.385648	0.386628	0.396353	0.400420	0.404599	0.409241	0.413857	0.418135	0.421946	0.425271	0.428140	0.430607	0.432732	0.434570	0.436173	0.437587	0.438849	0.439993	0.441044	0.442025	0.000000	0.492663	
2558	0.389764	0.389960	0.381533	0.382709	0.391805	0.397200	0.401863	0.406714	0.411461	0.415849	0.419766	0.423195	0.426165	0.428729	0.430945	0.432869	0.434553	0.436041	0.437372	0.438578	0.439688	0.440722	0.000000	0.526139	
2559	0.381729	0.391528	0.379769	0.386628	0.390079	0.395278	0.399958	0.404801	0.409551	0.413964	0.417925	0.421411	0.424446	0.427078	0.429362	0.431353	0.433101	0.434649	0.436036	0.437296	0.438454	0.439533	0.000000	0.373433	
2560	0.387412	0.401130	0.384472	0.396427	0.392195	0.395487	0.399517	0.404003	0.408541	0.412832	0.416731	0.420192	0.423228	0.425876	0.428186	0.430208	0.431989	0.433572	0.434994	0.436287	0.437476	0.438585	0.000000	0.448652	
2561	0.397995	0.399171	0.393291	0.396819	0.393736	0.395729	0.399180	0.403319	0.407639	0.411799	0.415625	0.419052	0.422079	0.424737	0.427066	0.429113	0.430923	0.432537	0.433989	0.435312	0.436531	0.437667	0.000000	0.585433	
2562	0.397799	0.398779	0.387804	0.389176	0.392216	0.394537	0.397929	0.401972	0.406219	0.410340	0.414155	0.417595	0.420649	0.423342	0.425713	0.427804	0.429658	0.431315	0.432810	0.434173	0.435429	0.436602	0.000000	0.370431	
2563	0.390940	0.396231	0.390940	0.394467	0.392967	0.394525	0.397496	0.401257	0.405315	0.409316	0.413062	0.416466	0.419511	0.422210	0.424597	0.426711	0.428592	0.430277	0.431801	0.433192	0.434477	0.435676	0.000000	0.450281	
2564	0.388392	0.393487	0.385648	0.388588	0.391507	0.393445	0.396383	0.400051	0.404028	0.407978	0.411702	0.415107	0.418166	0.420891	0.423311	0.425461	0.427380	0.429103	0.430664	0.432091	0.433410	0.434641	0.000000	0.478960	
2565	0.388392	0.397407	0.384472	0.388392	0.390469	0.392526	0.395384	0.398940	0.402826	0.406715	0.410407	0.413803	0.416872	0.419617	0.422064	0.424246	0.426198	0.427956	0.429552	0.431012	0.432363	0.433624	0.000000	0.384255	
2566	0.391919	0.392115	0.386432	0.387412	0.389450	0.391597	0.394388	0.397843	0.401640	0.405469	0.409129	0.412516	0.415591	0.418354	0.420826	0.423038	0.425023	0.426814	0.428443	0.429936	0.431317	0.432609	0.000000	0.526343	
2567	0.386628	0.391332	0.383884	0.384668	0.387856	0.390337	0.393173	0.396588	0.400334	0.404127	0.407770	0.411158	0.414246	0.417033	0.419535	0.421780	0.423800	0.425627	0.427291	0.428818	0.430233	0.431555	0.000000	0.433428	
2568	0.386628	0.388588	0.383492	0.387412	0.387708	0.389805	0.392453	0.395714	0.399340	0.403049	0.406639	0.409999	0.413080	0.415871	0.418387	0.420653	0.422697	0.424551	0.426241	0.427795	0.429237	0.430585	0.000000	0.507315	
2569	0.386628	0.395839	0.386040	0.387804	0.387740	0.389441	0.391871	0.394961	0.398453	0.402065	0.405593	0.408917	0.411981	0.414770	0.417295	0.419576	0.421640	0.423515	0.425230	0.426808	0.428273	0.429645	0.000000	0.408603	
2570	0.386040	0.386824	0.379769	0.380161	0.385214	0.387754	0.390408	0.393551	0.397046	0.400652	0.404180	0.407514	0.410597	0.413413	0.415969	0.418284	0.420383	0.422294	0.424044	0.425656	0.427154	0.428557	0.000000	0.469729	
2571	0.382709	0.386432	0.380161	0.384276	0.384901	0.387122	0.389641	0.392668	0.396064	0.399596	0.403074	0.406380	0.409453	0.412271	0.414837	0.417169	0.419289	0.421223	0.422997	0.424635	0.426157	0.427584	0.000000	0.421615	
2572	0.386040	0.391528	0.384668	0.391528	0.387110	0.387923	0.389877	0.392559	0.395715	0.399075	0.402433	0.405656	0.408673	0.411457	0.414005	0.416328	0.418448	0.420387	0.422169	0.423817	0.425352	0.426791	0.000000	0.449182	
2573	0.392507	0.393291	0.386628	0.390156	0.388125	0.388329	0.389912	0.392330	0.395287	0.398500	0.401751	0.404900	0.407868	0.410622	0.413153	0.415470	0.417590	0.419535	0.421327	0.422986	0.424533	0.425986	0.000000	0.464686	
2574	0.394271	0.396819	0.392507	0.396819	0.391023	0.389872	0.390775	0.392758	0.395405	0.398391	0.401477	0.404505	0.407388	0.410081	0.412569	0.414858	0.416961	0.418895	0.420682	0.422340	0.423889	0.425345	0.000000	0.503703	
2575	0.395447	0.400150	0.391919	0.397407	0.393151	0.391242	0.391604	0.393201	0.395559	0.398328	0.401251	0.404159	0.406954	0.409584	0.412028	0.414286	0.416368	0.418290	0.420069	0.421724	0.423273	0.424731	0.000000	0.478672	
2576	0.396819	0.399367	0.396623	0.398387	0.394896	0.392541	0.392452	0.393694	0.395776	0.398332	0.401092	0.403878	0.406581	0.409144	0.411541	0.413765	0.415823	0.417729	0.419499	0.421148	0.422694	0.424152	0.000000	0.585607	
2577	0.398387	0.401914	0.392703	0.393683	0.394492	0.392749	0.392606	0.393693	0.395615	0.398032	0.400680	0.403380	0.406021	0.408538	0.410903	0.413107	0.415153	0.417052	0.418819	0.420470	0.422019	0.423483	0.000000	0.496192	
2578	0.391528	0.395447	0.388392	0.392703	0.393896	0.392741	0.392618	0.393599	0.395391	0.397688	0.400237	0.402860	0.405442	0.407917	0.410253	0.412438	0.414472	0.416366	0.418132	0.419784	0.421338	0.422806	0.000000	0.468678	
2579	0.396427	0.398191	0.393487	0.395055	0.394282	0.393161	0.392923	0.393738	0.395366	0.397518	0.399949	0.402479	0.404990	0.407413	0.409710	0.411868	0.413884	0.415766	0.417525	0.419174	0.420726	0.422196	0.000000	0.494542	
2580	0.392507	0.395055	0.390548	0.391332	0.393299	0.392829	0.392724	0.393509	0.395055	0.397119	0.399470	0.401935	0.404396	0.406782	0.409054	0.411194	0.413200	0.415077	0.416835	0.418486	0.420043	0.421518	0.000000	0.426513	
2581	0.386628	0.388980	0.383884	0.385648	0.390748	0.391523	0.391839	0.392760	0.394332	0.396379	0.398702	0.401141	0.403581	0.405953	0.408218	0.410357	0.412366	0.414248	0.416015	0.417675	0.419243	0.420729	0.000000	0.514348	
2582	0.383100	0.388588	0.381337	0.385060	0.388852	0.390348	0.390992	0.392027	0.393618	0.395649	0.397944	0.400356	0.402776	0.405134	0.407391	0.409527	0.411538	0.413426	0.415200	0.416870	0.418448	0.419946	0.000000	0.509078	
2583	0.388392	0.391332	0.385256	0.390352	0.389352	0.390349	0.390912	0.391867	0.393367	0.395307	0.397523	0.399868	0.402236	0.404554	0.406782	0.408899	0.410896	0.412776	0.414546	0.416215	0.417795	0.419295	0.000000	0.490479	
2584	0.388000	0.389764	0.379965	0.381729	0.386811	0.388781	0.389764	0.390902	0.392472	0.394431	0.396645	0.398983	0.401344	0.403659	0.405888	0.408008	0.410012	0.411902	0.413683	0.415364	0.416956	0.418469	0.000000	0.533221	
2585	0.382709	0.384864	0.379965	0.382513	0.385378	0.387642	0.388858	0.390103	0.391706	0.393662	0.395860	0.398180	0.400525	0.402830	0.405053	0.407172	0.409179	0.411074	0.412862	0.414553	0.416155	0.417679	0.000000	0.444588	
2586	0.378985	0.382709	0.373498	0.378005	0.382920	0.385890	0.387501	0.388950	0.390652	0.392652	0.394868	0.397196	0.399546	0.401856	0.404087	0.406216	0.408234	0.410142	0.411945	0.413650	0.415268	0.416807	0.000000	0.577881	
2587	0.380161	0.382121	0.374086	0.375849	0.380563	0.384064	0.386045	0.387703	0.389513	0.391568	0.393812	0.396154	0.398516	0.400836	0.403078	0.405220	0.407253	0.409176	0.410995	0.412717	0.414351	0.415907	0.000000	0.542638	
2588	0.377809	0.378985	0.370558	0.370558	0.377228	0.381608	0.384109	0.386070	0.388055	0.390212	0.392520	0.394906	0.397300	0.399649	0.401917	0.404084	0.406141	0.408089	0.409931	0.411676	0.413333	0.414910	0.000000	0.526914	
2589	0.372518	0.384864	0.371538	0.382709	0.379055	0.381808	0.383934	0.385750	0.387644	0.389728	0.391975	0.394311	0.396666	0.398985	0.401231	0.403383	0.405431	0.407374	0.409215	0.410961	0.412620	0.414203	0.000000	0.588945	
2590	0.383101	0.388000	0.379769	0.382121	0.380077	0.381865	0.383707	0.385404	0.387219	0.389237	0.391427	0.393716	0.396033	0.398323	0.400548	0.402686	0.404724	0.406662	0.408502	0.410249	0.411911	0.413498	0.000000	0.602829	
2591	0.400150	0.406422	0.400150	0.404266	0.388140	0.385938	0.386277	0.387201	0.388530	0.390207	0.392140	0.394231	0.396391	0.398556	0.400681	0.402737	0.404711	0.406595	0.408390	0.410101	0.411733	0.413295	0.000000	0.527546	
2592	0.394271	0.400738	0.392115	0.395643	0.390641	0.387703	0.387448	0.388005	0.389077	0.390558	0.392335	0.394300	0.396359	0.398442	0.400501	0.402505	0.404436	0.406286	0.408055	0.409744	0.411359	0.412907	0.000000	0.462336	
2593	0.394271	0.397995	0.390744	0.394271	0.391851	0.388897	0.388301	0.388601	0.389477	0.390797	0.392443	0.394298	0.396268	0.398279	0.400279	0.402235	0.404128	0.405948	0.407692	0.409362	0.410962	0.412497	0.000000	0.453740	
2594	0.396231	0.397211	0.391332	0.392507	0.392070	0.389553	0.388826	0.388973	0.389710	0.390908	0.392446	0.394211	0.396105	0.398052	0.400001	0.401916	0.403776	0.405569	0.407292	0.408946	0.410532	0.412058	0.000000	0.485057	
2595	0.339594	0.342729	0.334498	0.340966	0.375035	0.380719	0.382844	0.384401	0.385960	0.387686	0.389586	0.391614	0.393707	0.395814	0.397893	0.399918	0.401872	0.403749	0.405547	0.407267	0.408915	0.410495	0.000000	0.441791	
2596	0.330775	0.331167	0.319408	0.329795	0.359955	0.371460	0.376213	0.379201	0.381640	0.383951	0.386264	0.388598	0.390928	0.393225	0.395461	0.397618	0.399688	0.401666	0.403553	0.405354	0.407075	0.408722	1.000000	0.442771	
2597	0.322544	0.330775	0.318036	0.318036	0.345982	0.361747	0.368941	0.373375	0.376747	0.379698	0.382474	0.385156	0.387759	0.390276	0.392695	0.395009	0.397214	0.399310	0.401303	0.403198	0.405004	0.406729	1.000000	0.532856	
2598	0.325875	0.329207	0.316860	0.317056	0.336340	0.353621	0.362455	0.368012	0.372156	0.375657	0.378840	0.381834	0.384685	0.387405	0.389994	0.392453	0.394785	0.396993	0.399086	0.401071	0.402959	0.404758	1.000000	0.408013	
2599	0.319996	0.329795	0.314313	0.327051	0.333244	0.348790	0.358030	0.364111	0.368686	0.372521	0.375962	0.379162	0.382179	0.385038	0.387746	0.390309	0.392732	0.395023	0.397190	0.399244	0.401193	0.403050	1.000000	0.406966	
2600	0.326267	0.330775	0.323720	0.328423	0.331637	0.345087	0.354329	0.360712	0.365589	0.369676	0.373321	0.376687	0.379842	0.382818	0.385627	0.388280	0.390784	0.393147	0.395381	0.397495	0.399501	0.401410	1.000000	0.536438	
2601	0.326855	0.329599	0.319604	0.321172	0.328149	0.340739	0.350184	0.356946	0.362172	0.366547	0.370424	0.373979	0.377291	0.380400	0.383325	0.386080	0.388674	0.391120	0.393428	0.395610	0.397679	0.399646	1.000000	0.497906	
2602	0.318232	0.325287	0.315684	0.321956	0.326084	0.337324	0.346656	0.353614	0.359079	0.363670	0.367732	0.371441	0.374885	0.378108	0.381134	0.383977	0.386652	0.389171	0.391547	0.393792	0.395918	0.397939	1.000000	0.462838	
2603	0.327443	0.336262	0.327247	0.333518	0.328562	0.336632	0.345013	0.351700	0.357113	0.361724	0.365831	0.369591	0.373087	0.376360	0.379433	0.382323	0.385042	0.387604	0.390020	0.392304	0.394467	0.396523	0.000000	0.492777	
2604	0.331363	0.338222	0.329795	0.334694	0.330606	0.336280	0.343724	0.350080	0.355388	0.359981	0.364101	0.367889	0.371418	0.374726	0.377835	0.380761	0.383517	0.386113	0.388564	0.390881	0.393077	0.395164	0.000000	0.493034	
2605	0.338810	0.340966	0.332343	0.339594	0.333602	0.336882	0.343207	0.349082	0.354173	0.358665	0.362739	0.366509	0.370034	0.373348	0.376470	0.379412	0.382186	0.384803	0.387275	0.389615	0.391833	0.393943	0.000000	0.416959	
2606	0.345865	0.346257	0.340574	0.344297	0.337167	0.338230	0.343344	0.348626	0.353413	0.357738	0.361715	0.365425	0.368915	0.372209	0.375321	0.378260	0.381037	0.383662	0.386144	0.388496	0.390728	0.392852	0.000000	0.507983	
2607	0.336850	0.338810	0.324503	0.331167	0.335167	0.336946	0.341821	0.346963	0.351702	0.356024	0.360018	0.363754	0.367274	0.370599	0.373744	0.376716	0.379526	0.382183	0.384697	0.387080	0.389343	0.391496	0.000000	0.614561	
2608	0.321956	0.325875	0.320976	0.324503	0.331612	0.334684	0.339657	0.344824	0.349610	0.353990	0.358045	0.361839	0.365414	0.368792	0.371985	0.375004	0.377859	0.380558	0.383113	0.385535	0.387835	0.390024	1.000000	0.515545	
2609	0.318624	0.334498	0.317644	0.333126	0.332117	0.334401	0.338840	0.343710	0.348342	0.352644	0.356660	0.360439	0.364010	0.367393	0.370597	0.373631	0.376503	0.379222	0.381798	0.384241	0.386563	0.388773	1.000000	0.513891	
2610	0.338614	0.341161	0.335086	0.336850	0.333695	0.334846	0.338592	0.343057	0.347458	0.351625	0.355560	0.359288	0.362829	0.366195	0.369392	0.372425	0.375302	0.378029	0.380615	0.383071	0.385406	0.387632	0.000000	0.620534	
2611	0.333714	0.335674	0.325287	0.326855	0.331415	0.333393	0.337125	0.341514	0.345873	0.350027	0.353965	0.357706	0.361265	0.364652	0.367873	0.370931	0.373834	0.376587	0.379200	0.381683	0.384045	0.386296	0.000000	0.430729	
2612	0.319996	0.330579	0.318428	0.330579	0.331136	0.332881	0.336306	0.340472	0.344697	0.348773	0.352666	0.356383	0.359931	0.363316	0.366541	0.369608	0.372523	0.375291	0.377921	0.380421	0.382801	0.385072	1.000000	0.574215	
2613	0.331755	0.332735	0.326855	0.330187	0.330820	0.332391	0.335541	0.339493	0.343581	0.347573	0.351417	0.355105	0.358638	0.362017	0.365242	0.368316	0.371240	0.374021	0.376665	0.379181	0.381578	0.383865	0.000000	0.584968	
2614	0.330775	0.339986	0.327443	0.334106	0.331915	0.332703	0.335362	0.338980	0.342852	0.346705	0.350455	0.354080	0.357571	0.360922	0.364130	0.367194	0.370115	0.372896	0.375545	0.378068	0.380474	0.382772	0.000000	0.418440	
2615	0.337634	0.339202	0.333126	0.334694	0.332842	0.333065	0.335279	0.338572	0.342224	0.345930	0.349580	0.353135	0.356577	0.359894	0.363079	0.366129	0.369041	0.371820	0.374470	0.376997	0.379409	0.381715	0.000000	0.536125	
2616	0.334694	0.337046	0.331755	0.336654	0.334112	0.333718	0.335450	0.338389	0.341796	0.345331	0.348862	0.352331	0.355710	0.358983	0.362135	0.365162	0.368060	0.370829	0.373475	0.376001	0.378415	0.380725	0.000000	0.541906	
2617	0.330383	0.339986	0.330187	0.339594	0.335939	0.334786	0.335968	0.338504	0.341626	0.344961	0.348347	0.351709	0.355010	0.358222	0.361330	0.364324	0.367197	0.369950	0.372583	0.375102	0.377512	0.379821	0.000000	0.511504	
2618	0.339202	0.345081	0.335282	0.335674	0.335851	0.334948	0.335932	0.338234	0.341168	0.344362	0.347643	0.350927	0.354169	0.357338	0.360414	0.363384	0.366242	0.368984	0.371612	0.374128	0.376539	0.378851	0.000000	0.561078	
2619	0.338614	0.344689	0.334694	0.335674	0.335792	0.335080	0.335899	0.337990	0.340746	0.343801	0.346978	0.350183	0.353365	0.356488	0.359531	0.362476	0.365316	0.368046	0.370666	0.373179	0.375589	0.377902	0.000000	0.602834	
2620	0.324307	0.327247	0.310197	0.314117	0.328567	0.331268	0.333177	0.335717	0.338697	0.341886	0.345152	0.348424	0.351658	0.354827	0.357909	0.360890	0.363764	0.366527	0.369178	0.371720	0.374159	0.376500	1.000000	0.524841	
2621	0.314313	0.318624	0.306670	0.307453	0.321529	0.326938	0.329961	0.333025	0.336294	0.339665	0.343058	0.346425	0.349736	0.352969	0.356107	0.359138	0.362058	0.364863	0.367553	0.370134	0.372608	0.374982	1.000000	0.442522	
2622	0.311177	0.319604	0.303730	0.319604	0.320887	0.325605	0.328667	0.331747	0.335010	0.338371	0.341755	0.345117	0.348426	0.351661	0.354803	0.357842	0.360771	0.363588	0.366292	0.368886	0.371375	0.373765	1.000000	0.458033	
2623	0.325679	0.325875	0.314509	0.315097	0.318957	0.323694	0.326970	0.330161	0.333478	0.336869	0.340274	0.343653	0.346977	0.350227	0.353385	0.356441	0.359387	0.362222	0.364944	0.367558	0.370066	0.372476	1.000000	0.545143	
2624	0.315685	0.318036	0.310785	0.311177	0.316364	0.321418	0.324996	0.328353	0.331763	0.335212	0.338657	0.342068	0.345421	0.348695	0.351877	0.354957	0.357926	0.360784	0.363529	0.366166	0.368697	0.371128	1.000000	0.540297	
2625	0.313725	0.315684	0.308825	0.312157	0.314961	0.319734	0.323391	0.326811	0.330255	0.333724	0.337185	0.340609	0.343974	0.347262	0.350459	0.353553	0.356539	0.359414	0.362178	0.364832	0.367382	0.369832	1.000000	0.594930	
2626	0.307845	0.311765	0.302946	0.306278	0.312067	0.317288	0.321252	0.324855	0.328410	0.331953	0.335468	0.338935	0.342335	0.345655	0.348881	0.352003	0.355016	0.357917	0.360707	0.363386	0.365961	0.368436	1.000000	0.550738	
2627	0.303534	0.305690	0.292755	0.292755	0.305630	0.312827	0.317690	0.321798	0.325668	0.329424	0.333095	0.336682	0.340180	0.343581	0.346876	0.350061	0.353130	0.356082	0.358918	0.361642	0.364259	0.366772	1.000000	0.551694	
2628	0.289620	0.295499	0.282760	0.295499	0.302253	0.309677	0.314916	0.319293	0.323347	0.327236	0.331006	0.334673	0.338237	0.341695	0.345042	0.348272	0.351383	0.354375	0.357249	0.360009	0.362659	0.365206	1.000000	0.426349	
2629	0.292559	0.299418	0.285700	0.288836	0.297780	0.305887	0.311656	0.316393	0.320692	0.324758	0.328664	0.332437	0.336089	0.339622	0.343034	0.346323	0.349488	0.352529	0.355449	0.358252	0.360943	0.363527	1.000000	0.512915	
2630	0.294323	0.306082	0.291579	0.301378	0.298980	0.305068	0.310371	0.314963	0.319207	0.323250	0.327148	0.330922	0.334580	0.338122	0.341546	0.344850	0.348030	0.351088	0.354026	0.356848	0.359557	0.362161	1.000000	0.452695	
2631	0.305690	0.305690	0.288836	0.290599	0.296186	0.302437	0.307900	0.312642	0.317006	0.321143	0.325117	0.328955	0.332668	0.336259	0.339727	0.343071	0.346290	0.349384	0.352357	0.355212	0.357954	0.360589	1.000000	0.578584	
2632	0.294519	0.303926	0.291579	0.302554	0.298309	0.302458	0.307232	0.311682	0.315894	0.319944	0.323864	0.327667	0.331359	0.334937	0.338399	0.341742	0.344964	0.348065	0.351046	0.353912	0.356665	0.359313	1.000000	0.580230	
2633	0.298439	0.308433	0.295499	0.307453	0.301357	0.303366	0.307259	0.311279	0.315245	0.319138	0.322952	0.326681	0.330319	0.333859	0.337294	0.340618	0.343828	0.346921	0.349899	0.352764	0.355521	0.358173	1.000000	0.554061	
2634	0.312157	0.314901	0.303926	0.311961	0.304892	0.304929	0.307847	0.311344	0.314992	0.318675	0.322341	0.325963	0.329521	0.333000	0.336389	0.339679	0.342862	0.345936	0.348901	0.351757	0.354508	0.357158	1.000000	0.558778	
2635	0.315097	0.318036	0.310393	0.316860	0.308881	0.307098	0.308974	0.311869	0.315136	0.318558	0.322037	0.325519	0.328971	0.332368	0.335692	0.338930	0.342074	0.345117	0.348058	0.350895	0.353632	0.356272	1.000000	0.592394	
2636	0.313137	0.318036	0.303926	0.310197	0.309320	0.307662	0.309127	0.311710	0.314756	0.318019	0.321379	0.324772	0.328154	0.331498	0.334781	0.337988	0.341108	0.344134	0.347061	0.349890	0.352622	0.355259	1.000000	0.634233	
2637	0.313137	0.318036	0.303926	0.310197	0.309612	0.308123	0.309260	0.311566	0.314405	0.317514	0.320758	0.324061	0.327374	0.330663	0.333903	0.337077	0.340171	0.343178	0.346091	0.348910	0.351636	0.354269	1.000000	0.539315	
2638	0.312941	0.313921	0.305690	0.308825	0.309350	0.308251	0.309206	0.311305	0.313976	0.316954	0.320095	0.323317	0.326567	0.329806	0.333008	0.336151	0.339222	0.342210	0.345111	0.347921	0.350640	0.353270	1.000000	0.587068	
2639	0.307845	0.307845	0.296871	0.300790	0.306497	0.306894	0.308154	0.310303	0.312962	0.315911	0.319023	0.322219	0.325446	0.328669	0.331857	0.334992	0.338057	0.341043	0.343944	0.346757	0.349481	0.352117	1.000000	0.566558	
2640	0.303534	0.311765	0.302946	0.309609	0.307534	0.307388	0.308336	0.310237	0.312704	0.315504	0.318500	0.321604	0.324758	0.327921	0.331063	0.334159	0.337195	0.340158	0.343041	0.345840	0.348553	0.351183	1.000000	0.629740	
2641	0.337046	0.348217	0.334694	0.342337	0.319135	0.313742	0.312586	0.313294	0.314984	0.317235	0.319824	0.322615	0.325522	0.328486	0.331465	0.334427	0.337351	0.340219	0.343022	0.345753	0.348409	0.350988	1.000000	0.546119	
2642	0.340574	0.354880	0.339202	0.354880	0.331050	0.321222	0.317873	0.317255	0.318052	0.319664	0.321771	0.324189	0.326799	0.329521	0.332301	0.335098	0.337882	0.340632	0.343334	0.345979	0.348559	0.351074	1.000000	0.490039	
2643	0.331755	0.348413	0.331755	0.346061	0.336054	0.325738	0.321396	0.319998	0.320207	0.321367	0.323121	0.325256	0.327636	0.330170	0.332793	0.335457	0.338130	0.340785	0.343406	0.345981	0.348501	0.350964	1.000000	0.581571	
2644	0.354488	0.362523	0.349784	0.361543	0.344550	0.332248	0.326415	0.323955	0.323387	0.323959	0.325255	0.327026	0.329110	0.331400	0.333820	0.336313	0.338839	0.341370	0.343883	0.346365	0.348805	0.351196	1.000000	0.614355	
2645	0.357819	0.366638	0.357428	0.365071	0.351390	0.338216	0.331247	0.327871	0.326593	0.326611	0.327467	0.328882	0.330674	0.332721	0.334936	0.337256	0.339634	0.342037	0.344441	0.346827	0.349183	0.351501	1.000000	0.591645	
2646	0.364091	0.378397	0.362523	0.376437	0.359739	0.345165	0.336896	0.332496	0.330427	0.329826	0.330188	0.331201	0.332664	0.334435	0.336418	0.338540	0.340749	0.343006	0.345283	0.347558	0.349817	0.352049	1.000000	0.675872	
2647	0.378789	0.381533	0.369382	0.371146	0.363542	0.349889	0.341177	0.336177	0.333559	0.332492	0.332463	0.333150	0.334337	0.335875	0.337658	0.339609	0.341670	0.343799	0.345963	0.348140	0.350313	0.352469	1.000000	0.535861	
2648	0.363307	0.366834	0.352136	0.352528	0.359870	0.350369	0.342596	0.337734	0.335019	0.333784	0.333578	0.334095	0.335128	0.336528	0.338189	0.340033	0.342000	0.344045	0.346136	0.348249	0.350364	0.352470	1.000000	0.596593	
2649	0.360955	0.366051	0.358995	0.362327	0.360689	0.352543	0.345062	0.340077	0.337119	0.335626	0.335175	0.335472	0.336310	0.337540	0.339051	0.340764	0.342615	0.344560	0.346562	0.348596	0.350642	0.352687	1.000000	0.666647	
2650	0.360367	0.364091	0.355860	0.361543	0.360974	0.354179	0.347122	0.342121	0.338998	0.337298	0.336640	0.336744	0.337407	0.338481	0.339855	0.341445	0.343189	0.345038	0.346956	0.348916	0.350896	0.352881	1.000000	0.577778	
2651	0.362327	0.367422	0.357624	0.365267	0.362405	0.356195	0.349390	0.344325	0.341019	0.339102	0.338230	0.338135	0.338619	0.339531	0.340762	0.342226	0.343858	0.345608	0.347438	0.349320	0.351230	0.353154	1.000000	0.608620	
2652	0.362327	0.365463	0.353116	0.353704	0.359505	0.355742	0.349930	0.345219	0.341994	0.340044	0.339090	0.338895	0.339274	0.340087	0.341224	0.342602	0.344156	0.345836	0.347603	0.349428	0.351288	0.353166	1.000000	0.534734	
2653	0.357232	0.360563	0.352724	0.358211	0.359073	0.356191	0.350965	0.346456	0.343242	0.341217	0.340152	0.339837	0.340098	0.340798	0.341831	0.343114	0.344582	0.346185	0.347882	0.349645	0.351449	0.353277	1.000000	0.647273	
2654	0.351548	0.360171	0.349588	0.359191	0.359113	0.356737	0.351993	0.347669	0.344469	0.342376	0.341210	0.340781	0.340928	0.341519	0.342451	0.343641	0.345025	0.346551	0.348180	0.349880	0.351629	0.353407	1.000000	0.682913	
2655	0.358015	0.362719	0.355664	0.356840	0.358355	0.356755	0.352599	0.348542	0.345420	0.343309	0.342078	0.341565	0.341620	0.342120	0.342965	0.344074	0.345383	0.346841	0.348408	0.350052	0.351750	0.353482	1.000000	0.602250	
2656	0.353116	0.356840	0.352136	0.354684	0.357131	0.356379	0.352860	0.349127	0.346133	0.344043	0.342779	0.342205	0.342188	0.342613	0.343384	0.344422	0.345665	0.347062	0.348573	0.350167	0.351818	0.353508	1.000000	0.535881	
2657	0.358016	0.359191	0.353900	0.356644	0.356969	0.356427	0.353333	0.349843	0.346941	0.344856	0.343549	0.342909	0.342816	0.343163	0.343857	0.344823	0.345998	0.347332	0.348785	0.350327	0.351930	0.353577	1.000000	0.603018	
2658	0.352920	0.356252	0.343709	0.343709	0.352549	0.354115	0.352130	0.349259	0.346693	0.344782	0.343558	0.342948	0.342855	0.343184	0.343852	0.344786	0.345928	0.347230	0.348652	0.350163	0.351739	0.353360	1.000000	0.543661	
2659	0.353508	0.356840	0.350568	0.353312	0.352803	0.353969	0.352277	0.349645	0.347202	0.345332	0.344100	0.343454	0.343310	0.343582	0.344190	0.345066	0.346152	0.347401	0.348774	0.350241	0.351776	0.353359	1.000000	0.520107	
2660	0.353704	0.360955	0.349784	0.351548	0.352385	0.353529	0.352186	0.349826	0.347536	0.345733	0.344514	0.343848	0.343668	0.343894	0.344452	0.345278	0.346316	0.347518	0.348847	0.350273	0.351770	0.353320	1.000000	0.473753	
2661	0.359191	0.367422	0.356840	0.364091	0.356287	0.355449	0.353674	0.351185	0.348810	0.346918	0.345601	0.344836	0.344556	0.344686	0.345154	0.345895	0.346854	0.347985	0.349249	0.350614	0.352057	0.353556	1.000000	0.564994	
2662	0.369578	0.373498	0.365659	0.373302	0.361958	0.358695	0.356128	0.353291	0.350694	0.348620	0.347140	0.346224	0.345806	0.345808	0.346159	0.346794	0.347656	0.348698	0.349882	0.351175	0.352551	0.353990	1.000000	0.652184	
2663	0.375261	0.377417	0.369970	0.373498	0.365805	0.361386	0.358299	0.355215	0.352448	0.350225	0.348604	0.347555	0.347010	0.346894	0.347135	0.347669	0.348439	0.349397	0.350503	0.351726	0.353038	0.354419	1.000000	0.617654	
2664	0.377613	0.385060	0.375653	0.382121	0.371243	0.365156	0.361277	0.357778	0.354730	0.352283	0.350466	0.349241	0.348536	0.348275	0.348385	0.348799	0.349459	0.350318	0.351335	0.352476	0.353715	0.355028	1.000000	0.557088	
2665	0.379181	0.389764	0.379181	0.388980	0.377156	0.369488	0.364740	0.360749	0.357365	0.354650	0.352606	0.351179	0.350295	0.349872	0.349835	0.350116	0.350657	0.351407	0.352326	0.353378	0.354535	0.355774	1.000000	0.661112	
2666	0.389372	0.391919	0.382905	0.388392	0.380901	0.372925	0.367696	0.363382	0.359752	0.356827	0.354594	0.352995	0.351951	0.351382	0.351212	0.351371	0.351800	0.352449	0.353275	0.354242	0.355322	0.356491	1.000000	0.522803	
2667	0.389568	0.391528	0.370362	0.373302	0.378368	0.372993	0.368397	0.364327	0.360794	0.357890	0.355633	0.353985	0.352879	0.352242	0.352001	0.352090	0.352452	0.353037	0.353802	0.354713	0.355740	0.356860	1.000000	0.564630	
2668	0.377025	0.385648	0.374869	0.383101	0.379945	0.374831	0.370235	0.366115	0.362510	0.359517	0.357159	0.355406	0.354193	0.353452	0.353111	0.353107	0.353381	0.353883	0.354573	0.355414	0.356376	0.357437	1.000000	0.632517	
2669	0.374673	0.378789	0.370362	0.371342	0.377078	0.374197	0.370373	0.366613	0.363189	0.360279	0.357947	0.356183	0.354939	0.354154	0.353763	0.353705	0.353925	0.354375	0.355014	0.355807	0.356724	0.357743	1.000000	0.564355	
2670	0.369970	0.371930	0.359583	0.359583	0.371246	0.371540	0.369024	0.365943	0.362912	0.360235	0.358038	0.356349	0.355141	0.354367	0.353970	0.353897	0.354096	0.354522	0.355134	0.355900	0.356791	0.357783	1.000000	0.556238	
2671	0.364091	0.368990	0.352724	0.353508	0.365333	0.368261	0.367085	0.364759	0.362188	0.359801	0.357787	0.356210	0.355070	0.354333	0.353954	0.353885	0.354079	0.354493	0.355092	0.355841	0.356715	0.357689	1.000000	0.646579	
2672	0.355272	0.357428	0.349392	0.349392	0.360020	0.364831	0.364873	0.363295	0.361204	0.359129	0.357320	0.355878	0.354823	0.354139	0.353791	0.353737	0.353937	0.354350	0.354942	0.355682	0.356544	0.357507	1.000000	0.632436	
2673	0.350764	0.355664	0.345865	0.345865	0.355302	0.361382	0.362497	0.361635	0.360024	0.358273	0.356684	0.355389	0.354434	0.353815	0.353508	0.353479	0.353692	0.354111	0.354703	0.355440	0.356296	0.357251	1.000000	0.560395	
2674	0.351352	0.365071	0.349588	0.365071	0.358558	0.362053	0.362819	0.361963	0.360412	0.358712	0.357150	0.355861	0.354896	0.354256	0.353921	0.353859	0.354037	0.354419	0.354976	0.355677	0.356500	0.357423	1.000000	0.570967	
2675	0.361151	0.362915	0.353704	0.361543	0.359553	0.361960	0.362659	0.361923	0.360499	0.358895	0.357394	0.356139	0.355185	0.354542	0.354193	0.354111	0.354264	0.354620	0.355148	0.355822	0.356617	0.357513	1.000000	0.592901	
2676	0.364679	0.368990	0.361543	0.366051	0.361719	0.362704	0.363083	0.362316	0.360926	0.359356	0.357875	0.356622	0.355657	0.354993	0.354617	0.354503	0.354621	0.354942	0.355435	0.356075	0.356837	0.357701	1.000000	0.641388	
2677	0.368402	0.370754	0.366442	0.367422	0.363620	0.363562	0.363626	0.362802	0.361426	0.359877	0.358405	0.357149	0.356169	0.355481	0.355074	0.354926	0.355009	0.355294	0.355751	0.356355	0.357083	0.357915	1.000000	0.568571	
2678	0.368990	0.369774	0.366442	0.366442	0.364561	0.364086	0.363978	0.363149	0.361812	0.360300	0.358852	0.357602	0.356616	0.355910	0.355480	0.355304	0.355356	0.355608	0.356032	0.356604	0.357301	0.358102	1.000000	0.608702	
2679	0.366442	0.369382	0.365855	0.367030	0.365384	0.364621	0.364359	0.363518	0.362213	0.360734	0.359306	0.358062	0.357068	0.356347	0.355892	0.355688	0.355710	0.355929	0.356322	0.356861	0.357527	0.358298	1.000000	0.568779	
2680	0.367814	0.367814	0.351744	0.351940	0.360903	0.362315	0.362807	0.362416	0.361423	0.360167	0.358897	0.357764	0.356845	0.356174	0.355751	0.355565	0.355595	0.355817	0.356206	0.356740	0.357397	0.358159	1.000000	0.572866	
2681	0.355076	0.355076	0.343513	0.353116	0.358307	0.360643	0.361596	0.361530	0.360784	0.359712	0.358576	0.357537	0.356683	0.356054	0.355657	0.355485	0.355520	0.355741	0.356125	0.356650	0.357297	0.358048	1.000000	0.642303	
2682	0.353508	0.365463	0.348609	0.357819	0.358145	0.360129	0.361124	0.361177	0.360556	0.359590	0.358534	0.357551	0.356733	0.356123	0.355734	0.355562	0.355590	0.355800	0.356170	0.356679	0.357309	0.358043	1.000000	0.572972	
2683	0.359779	0.371146	0.359387	0.371146	0.362478	0.362132	0.362376	0.362126	0.361371	0.360336	0.359234	0.358214	0.357359	0.356712	0.356285	0.356073	0.356061	0.356232	0.356564	0.357036	0.357631	0.358331	1.000000	0.645230	
2684	0.366638	0.374478	0.362719	0.374282	0.366413	0.364341	0.363865	0.363284	0.362364	0.361235	0.360070	0.358998	0.358095	0.357401	0.356928	0.356670	0.356613	0.356740	0.357030	0.357462	0.358018	0.358681	1.000000	0.444679	
2685	0.370754	0.375065	0.366051	0.369186	0.367337	0.365222	0.364530	0.363846	0.362889	0.361748	0.360577	0.359495	0.358577	0.357863	0.357365	0.357080	0.356994	0.357091	0.357350	0.357752	0.358278	0.358912	1.000000	0.471482	
2686	0.372322	0.374478	0.368010	0.369578	0.368084	0.366014	0.365161	0.364392	0.363403	0.362253	0.361077	0.359987	0.359056	0.358323	0.357802	0.357490	0.357376	0.357443	0.357672	0.358044	0.358541	0.359147	1.000000	0.500927	
2687	0.371734	0.375457	0.368598	0.375457	0.370542	0.367731	0.366448	0.365446	0.364330	0.363105	0.361876	0.360741	0.359769	0.358995	0.358432	0.358079	0.357924	0.357950	0.358140	0.358474	0.358934	0.359505	1.000000	0.590761	
2688	0.381533	0.383101	0.378593	0.380749	0.373944	0.370098	0.368235	0.366903	0.365593	0.364244	0.362924	0.361717	0.360681	0.359848	0.359229	0.358822	0.358615	0.358592	0.358735	0.359024	0.359442	0.359972	1.000000	0.551683	
2689	0.380553	0.382709	0.375849	0.380945	0.376278	0.372070	0.369824	0.368240	0.366774	0.365321	0.363925	0.362655	0.361562	0.360675	0.360005	0.359548	0.359292	0.359222	0.359319	0.359565	0.359942	0.360433	1.000000	0.644320	
2690	0.382513	0.388000	0.378397	0.384276	0.378944	0.374289	0.371631	0.369768	0.368121	0.366544	0.365056	0.363710	0.362550	0.361601	0.360872	0.360358	0.360049	0.359928	0.359976	0.360175	0.360508	0.360957	1.000000	0.425619	
2691	0.381729	0.384668	0.379769	0.383688	0.380525	0.375998	0.373138	0.371093	0.369318	0.367650	0.366091	0.364684	0.363469	0.362467	0.361686	0.361123	0.360765	0.360597	0.360600	0.360756	0.361047	0.361457	1.000000	0.646217	
2692	0.383688	0.396427	0.383100	0.395447	0.385499	0.379534	0.375927	0.373413	0.371328	0.369443	0.367722	0.366185	0.364859	0.363760	0.362892	0.362249	0.361816	0.361579	0.361517	0.361612	0.361847	0.362204	1.000000	0.589456	
2693	0.398779	0.411321	0.398779	0.409557	0.393519	0.384993	0.380130	0.376855	0.374269	0.372031	0.370046	0.368301	0.366802	0.365556	0.364559	0.363800	0.363263	0.362930	0.362781	0.362796	0.362956	0.363244	0.000000	0.581101	
2694	0.410145	0.412889	0.406422	0.406422	0.397820	0.388889	0.383417	0.379671	0.376742	0.374250	0.372067	0.370160	0.368525	0.367159	0.366054	0.365197	0.364571	0.364155	0.363930	0.363873	0.363967	0.364193	0.000000	0.533910	
2695	0.404266	0.406618	0.399954	0.406618	0.400752	0.392113	0.386317	0.382237	0.379040	0.376338	0.373987	0.371939	0.370181	0.368706	0.367503	0.366555	0.365845	0.365351	0.365053	0.364929	0.364959	0.365126	0.000000	0.601234	
2696	0.404070	0.431507	0.403090	0.424452	0.408652	0.397992	0.391084	0.386258	0.382533	0.379442	0.376790	0.374500	0.372541	0.370892	0.369536	0.368453	0.367621	0.367016	0.366616	0.366398	0.366343	0.366430	0.000000	0.637838	
2697	0.422884	0.437190	0.420924	0.429743	0.415682	0.403765	0.395916	0.390399	0.386165	0.382688	0.379732	0.377195	0.375028	0.373200	0.371687	0.370463	0.369504	0.368783	0.368277	0.367962	0.367817	0.367821	0.000000	0.675941	
2698	0.436210	0.439346	0.420336	0.420336	0.417234	0.406778	0.398969	0.393250	0.388793	0.385117	0.381988	0.379299	0.376998	0.375049	0.373424	0.372098	0.371044	0.370235	0.369647	0.369256	0.369038	0.368975	0.000000	0.550410	
2699	0.423472	0.424844	0.414457	0.415437	0.416635	0.408352	0.401027	0.395363	0.390843	0.387073	0.383846	0.381062	0.378669	0.376632	0.374925	0.373519	0.372389	0.371509	0.370852	0.370396	0.370117	0.369996	0.000000	0.596715	
2700	0.410733	0.414653	0.409165	0.413477	0.415582	0.409284	0.402583	0.397088	0.392584	0.388776	0.385492	0.382643	0.380182	0.378077	0.376302	0.374829	0.373634	0.372691	0.371974	0.371460	0.371126	0.370952	0.000000	0.565693	
2701	0.417004	0.420728	0.408773	0.413477	0.414880	0.410046	0.403945	0.398649	0.394191	0.390370	0.387047	0.384148	0.381630	0.379466	0.377629	0.376096	0.374842	0.373840	0.373066	0.372497	0.372111	0.371887	0.000000	0.580448	
2702	0.416025	0.425236	0.414653	0.420924	0.416895	0.412024	0.406067	0.400771	0.396248	0.392341	0.388929	0.385942	0.383338	0.381091	0.379175	0.377566	0.376238	0.375166	0.374326	0.373693	0.373246	0.372964	0.000000	0.557100	
2703	0.419552	0.426215	0.411125	0.412693	0.415494	0.412146	0.406896	0.401906	0.397513	0.393654	0.390249	0.387246	0.384615	0.382331	0.380372	0.378718	0.377343	0.376223	0.375335	0.374656	0.374163	0.373837	0.000000	0.546689	
2704	0.411517	0.420532	0.409557	0.414261	0.415083	0.412530	0.407816	0.403083	0.398801	0.394984	0.391583	0.388564	0.385904	0.383583	0.381583	0.379883	0.378461	0.377295	0.376360	0.375634	0.375096	0.374726	0.000000	0.549276	
2705	0.411909	0.419160	0.410145	0.419160	0.416442	0.413736	0.409234	0.404614	0.400367	0.396543	0.393115	0.390057	0.387350	0.384978	0.382925	0.381171	0.379695	0.378474	0.377486	0.376708	0.376121	0.375702	0.000000	0.565017	
2706	0.416417	0.434446	0.416417	0.433663	0.422182	0.417359	0.412288	0.407380	0.402928	0.398938	0.395368	0.392184	0.389363	0.386887	0.384737	0.382892	0.381330	0.380029	0.378964	0.378115	0.377459	0.376976	0.000000	0.538069	
2707	0.434642	0.439150	0.427783	0.430331	0.424898	0.419717	0.414543	0.409566	0.405036	0.400963	0.397310	0.394045	0.391144	0.388591	0.386365	0.384447	0.382815	0.381446	0.380316	0.379404	0.378688	0.378149	0.000000	0.495505	
2708	0.431311	0.436406	0.425236	0.431703	0.427167	0.421897	0.416688	0.411674	0.407087	0.402947	0.399221	0.395882	0.392908	0.390282	0.387984	0.385997	0.384296	0.382861	0.381668	0.380695	0.379921	0.379326	0.000000	0.487760	
2709	0.407010	0.413085	0.392507	0.392507	0.415614	0.416553	0.413666	0.409849	0.405966	0.402273	0.398848	0.395717	0.392890	0.390369	0.388146	0.386210	0.384545	0.383133	0.381954	0.380987	0.380214	0.379616	0.000000	0.422543	
2710	0.409361	0.409361	0.384668	0.386824	0.406017	0.411148	0.410310	0.407656	0.404493	0.401276	0.398180	0.395283	0.392627	0.390230	0.388099	0.386230	0.384614	0.383237	0.382082	0.381131	0.380368	0.379774	0.000000	0.624707	
2711	0.392311	0.394271	0.377025	0.384668	0.398901	0.406333	0.407105	0.405467	0.402968	0.400205	0.397429	0.394765	0.392281	0.390012	0.387976	0.386179	0.384616	0.383277	0.382150	0.381218	0.380468	0.379882	0.000000	0.456301	
2712	0.381729	0.400934	0.379377	0.399954	0.399252	0.405174	0.406211	0.404942	0.402737	0.400189	0.397570	0.395019	0.392614	0.390402	0.388404	0.386631	0.385081	0.383747	0.382618	0.381681	0.380921	0.380323	0.000000	0.529604	
2713	0.404266	0.405246	0.395447	0.403286	0.400597	0.404830	0.405846	0.404784	0.402779	0.400389	0.397887	0.395422	0.393078	0.390907	0.388936	0.387177	0.385632	0.384297	0.383162	0.382215	0.381441	0.380828	0.000000	0.424049	
2714	0.400738	0.404854	0.395839	0.400738	0.400644	0.404086	0.405207	0.404399	0.402622	0.400411	0.398046	0.395681	0.393411	0.391292	0.389357	0.387621	0.386090	0.384761	0.383625	0.382672	0.381890	0.381265	0.000000	0.579898	
2715	0.405246	0.413869	0.404462	0.411713	0.404334	0.405473	0.406020	0.405095	0.403321	0.401140	0.398805	0.396463	0.394207	0.392093	0.390156	0.388411	0.386867	0.385520	0.384364	0.383389	0.382583	0.381934	0.000000	0.509710	
2716	0.415045	0.420336	0.407990	0.409165	0.405944	0.406144	0.406414	0.405483	0.403771	0.401658	0.399380	0.397083	0.394857	0.392763	0.390834	0.389092	0.387542	0.386186	0.385017	0.384025	0.383201	0.382533	0.000000	0.549709	
2717	0.412301	0.415829	0.408773	0.408773	0.406887	0.406622	0.406709	0.405796	0.404156	0.402117	0.399902	0.397653	0.395462	0.393391	0.391475	0.389737	0.388186	0.386822	0.385642	0.384636	0.383796	0.383110	0.000000	0.512529	
2718	0.412105	0.414849	0.407010	0.408382	0.407385	0.406942	0.406918	0.406043	0.404481	0.402521	0.400373	0.398176	0.396024	0.393978	0.392079	0.390348	0.388798	0.387429	0.386240	0.385223	0.384368	0.383665	0.000000	0.473746	
2719	0.412301	0.419552	0.411321	0.419552	0.411441	0.409235	0.408497	0.407329	0.405640	0.403620	0.401439	0.399219	0.397047	0.394981	0.393060	0.391306	0.389730	0.388334	0.387117	0.386070	0.385186	0.384454	0.000000	0.516903	
2720	0.420728	0.427783	0.419160	0.427783	0.416888	0.412607	0.410908	0.409277	0.407343	0.405179	0.402902	0.400613	0.398383	0.396268	0.394300	0.392502	0.390883	0.389446	0.388187	0.387100	0.386177	0.385406	0.000000	0.539808	
2721	0.424844	0.426607	0.411125	0.413869	0.415882	0.412837	0.411278	0.409715	0.407845	0.405740	0.403512	0.401259	0.399057	0.396958	0.394999	0.393202	0.391579	0.390134	0.388863	0.387761	0.386821	0.386032	0.000000	0.525874	
2722	0.404266	0.404854	0.394271	0.397407	0.409724	0.410031	0.409544	0.408542	0.407042	0.405202	0.403173	0.401071	0.398985	0.396976	0.395085	0.393340	0.391756	0.390338	0.389088	0.387999	0.387067	0.386282	0.000000	0.522677	
2723	0.403286	0.405246	0.397603	0.401914	0.407120	0.408555	0.408590	0.407911	0.406648	0.404990	0.403103	0.401112	0.399112	0.397169	0.395329	0.393621	0.392064	0.390664	0.389425	0.388343	0.387412	0.386625	0.000000	0.419383	
2724	0.410537	0.411125	0.400542	0.404070	0.406104	0.407740	0.408025	0.407545	0.406450	0.404931	0.403156	0.401257	0.399328	0.397440	0.395641	0.393964	0.392428	0.391042	0.389811	0.388731	0.387800	0.387009	0.000000	0.474056	
2725	0.404266	0.407206	0.396623	0.396623	0.402943	0.405719	0.406600	0.406505	0.405694	0.404395	0.402793	0.401031	0.399210	0.397408	0.395676	0.394051	0.392555	0.391199	0.389990	0.388926	0.388005	0.387220	0.000000	0.478132	
2726	0.393487	0.397603	0.389764	0.391136	0.399007	0.403067	0.404667	0.405041	0.404574	0.403539	0.402146	0.400548	0.398859	0.397162	0.395514	0.393956	0.392512	0.391198	0.390020	0.388981	0.388078	0.387306	0.000000	0.541183	
2727	0.395447	0.410733	0.392115	0.410733	0.402916	0.404461	0.405425	0.405583	0.405048	0.404003	0.402623	0.401045	0.399375	0.397694	0.396058	0.394506	0.393064	0.391748	0.390565	0.389518	0.388605	0.387821	0.000000	0.498866	
2728	0.410145	0.423472	0.407794	0.418572	0.408135	0.407027	0.407069	0.406820	0.406088	0.404943	0.403509	0.401900	0.400210	0.398513	0.396862	0.395295	0.393837	0.392503	0.391302	0.390235	0.389301	0.388497	0.000000	0.551105	
2729	0.415633	0.421708	0.405638	0.406618	0.407629	0.406952	0.407012	0.406801	0.406129	0.405051	0.403682	0.402130	0.400489	0.398831	0.397210	0.395666	0.394224	0.392901	0.391705	0.390640	0.389704	0.388895	0.000000	0.555881	
2730	0.407206	0.411125	0.394859	0.409165	0.408141	0.407355	0.407281	0.407026	0.406362	0.405317	0.403986	0.402473	0.400866	0.399236	0.397637	0.396109	0.394677	0.393359	0.392165	0.391097	0.390157	0.389340	0.000000	0.542823	
2731	0.402502	0.408381	0.401718	0.407598	0.407960	0.407399	0.407321	0.407081	0.406457	0.405464	0.404187	0.402723	0.401159	0.399564	0.397993	0.396485	0.395068	0.393760	0.392571	0.391505	0.390562	0.389742	0.000000	0.404646	
2732	0.406422	0.410145	0.403678	0.404462	0.406794	0.406865	0.406964	0.406831	0.406304	0.405399	0.404202	0.402808	0.401302	0.399756	0.398224	0.396747	0.395353	0.394062	0.392884	0.391825	0.390886	0.390065	0.000000	0.466732	
2733	0.406422	0.410145	0.403678	0.404462	0.406017	0.406428	0.406651	0.406606	0.406162	0.405339	0.404217	0.402889	0.401440	0.399940	0.398447	0.397000	0.395629	0.394355	0.393188	0.392137	0.391201	0.390382	0.000000	0.438389	
2734	0.400934	0.404266	0.395839	0.396427	0.402820	0.404610	0.405373	0.405636	0.405413	0.404764	0.403784	0.402573	0.401222	0.399803	0.398375	0.396981	0.395653	0.394413	0.393274	0.392243	0.391323	0.390514	0.000000	0.486649	
2735	0.401130	0.407794	0.399563	0.406422	0.404021	0.404939	0.405504	0.405711	0.405491	0.404871	0.403930	0.402761	0.401448	0.400062	0.398662	0.397290	0.395980	0.394751	0.393620	0.392593	0.391674	0.390864	0.000000	0.463981	
2736	0.406422	0.407990	0.398387	0.398387	0.402143	0.403748	0.404614	0.405013	0.404944	0.404452	0.403622	0.402548	0.401315	0.399997	0.398652	0.397326	0.396053	0.394854	0.393745	0.392736	0.391830	0.391029	0.000000	0.527904	
2737	0.398191	0.398387	0.386824	0.390352	0.398212	0.401312	0.402831	0.403617	0.403822	0.403543	0.402885	0.401953	0.400838	0.399618	0.398356	0.397098	0.395880	0.394727	0.393656	0.392677	0.391796	0.391014	0.000000	0.511968	
2738	0.386824	0.390548	0.381337	0.388980	0.395135	0.399070	0.401100	0.402223	0.402680	0.402603	0.402113	0.401320	0.400322	0.399201	0.398021	0.396832	0.395671	0.394565	0.393533	0.392586	0.391730	0.390970	0.000000	0.548408	
2739	0.392507	0.393291	0.384864	0.389568	0.393279	0.397342	0.399658	0.401018	0.401672	0.401762	0.401416	0.400747	0.399855	0.398823	0.397719	0.396593	0.395486	0.394424	0.393428	0.392511	0.391680	0.390939	0.000000	0.449935	
2740	0.388196	0.394467	0.383100	0.387216	0.391258	0.395501	0.398103	0.399703	0.400560	0.400824	0.400627	0.400087	0.399305	0.398368	0.397344	0.396286	0.395235	0.394221	0.393265	0.392380	0.391576	0.390857	0.000000	0.514056	
2741	0.387020	0.388588	0.373302	0.373890	0.385469	0.391572	0.395076	0.397245	0.398508	0.399086	0.399141	0.398809	0.398200	0.397408	0.396506	0.395552	0.394588	0.393648	0.392755	0.391924	0.391165	0.390484	0.000000	0.442606	
2742	0.368206	0.370166	0.358407	0.358407	0.376448	0.385542	0.390493	0.393546	0.395423	0.396462	0.396878	0.396838	0.396470	0.395879	0.395145	0.394334	0.393492	0.392656	0.391851	0.391096	0.390403	0.389779	0.000000	0.466511	
2743	0.359583	0.366638	0.356448	0.363111	0.372002	0.381463	0.387070	0.390648	0.392938	0.394310	0.395002	0.395193	0.395020	0.394594	0.394001	0.393310	0.392571	0.391824	0.391095	0.390405	0.389768	0.389193	0.000000	0.425073	
2744	0.358407	0.360563	0.353508	0.355076	0.366360	0.376666	0.383071	0.387260	0.390025	0.391779	0.392784	0.393236	0.393283	0.393044	0.392611	0.392057	0.391435	0.390788	0.390147	0.389533	0.388961	0.388443	0.000000	0.538601	
2745	0.353312	0.357428	0.343709	0.347237	0.359986	0.371315	0.378592	0.383448	0.386734	0.388905	0.390254	0.390992	0.391281	0.391248	0.390991	0.390587	0.390096	0.389562	0.389018	0.388488	0.387991	0.387538	0.000000	0.451502	
2746	0.352332	0.355076	0.348805	0.350372	0.356781	0.367507	0.375064	0.380298	0.383937	0.386419	0.388038	0.389011	0.389502	0.389645	0.389540	0.389269	0.388892	0.388458	0.388001	0.387547	0.387116	0.386721	0.000000	0.452733	
2747	0.353508	0.364679	0.350960	0.363307	0.358956	0.366744	0.373594	0.378680	0.382350	0.384928	0.386664	0.387757	0.388364	0.388612	0.388603	0.388417	0.388117	0.387749	0.387351	0.386949	0.386563	0.386206	0.000000	0.532425	
2748	0.360759	0.364091	0.354292	0.356644	0.358186	0.364907	0.371476	0.376581	0.380373	0.383103	0.384996	0.386239	0.386984	0.387358	0.387462	0.387376	0.387163	0.386873	0.386543	0.386201	0.385867	0.385557	0.000000	0.567415	
2749	0.359779	0.361739	0.350372	0.353508	0.356626	0.362835	0.369230	0.374384	0.378306	0.381194	0.383247	0.384642	0.385529	0.386031	0.386249	0.386265	0.386143	0.385933	0.385673	0.385393	0.385114	0.384852	0.000000	0.513753	
2750	0.358799	0.358799	0.350960	0.354880	0.356044	0.361388	0.367436	0.372526	0.376504	0.379496	0.381671	0.383191	0.384196	0.384809	0.385129	0.385236	0.385196	0.385058	0.384863	0.384640	0.384411	0.384193	0.000000	0.487430	
2751	0.354292	0.360367	0.348805	0.358407	0.356832	0.360846	0.366307	0.371182	0.375112	0.378136	0.380379	0.381982	0.383075	0.383774	0.384174	0.384356	0.384384	0.384308	0.384167	0.383992	0.383806	0.383627	0.000000	0.512751	
2752	0.355860	0.361151	0.352332	0.352332	0.355332	0.359298	0.364560	0.369386	0.373360	0.376471	0.378821	0.380535	0.381738	0.382541	0.383037	0.383307	0.383413	0.383407	0.383329	0.383210	0.383074	0.382939	0.000000	0.586158	
2753	0.355664	0.358995	0.352528	0.352528	0.354397	0.358067	0.363056	0.367781	0.371757	0.374926	0.377360	0.379169	0.380468	0.381364	0.381948	0.382297	0.382477	0.382537	0.382519	0.382453	0.382364	0.382271	0.000000	0.517505	
2754	0.347629	0.349392	0.344493	0.349001	0.352598	0.356419	0.361299	0.365992	0.370007	0.373254	0.375784	0.377697	0.379100	0.380095	0.380771	0.381206	0.381462	0.381592	0.381637	0.381627	0.381588	0.381539	0.000000	0.519121	
2755	0.349980	0.351156	0.345669	0.348217	0.351138	0.354928	0.359664	0.364299	0.368331	0.371638	0.374253	0.376259	0.377757	0.378845	0.379608	0.380124	0.380455	0.380652	0.380757	0.380802	0.380812	0.380807	0.000000	0.529581	
2756	0.350960	0.353116	0.339790	0.346061	0.349446	0.353315	0.357964	0.362562	0.366618	0.369988	0.372687	0.374786	0.376379	0.377559	0.378410	0.379007	0.379413	0.379678	0.379844	0.379944	0.380004	0.380043	0.000000	0.441935	
2757	0.341553	0.349980	0.340182	0.348217	0.349036	0.352388	0.356745	0.361196	0.365202	0.368583	0.371327	0.373490	0.375155	0.376408	0.377332	0.377998	0.378467	0.378792	0.379012	0.379161	0.379265	0.379344	0.000000	0.535023	
2758	0.350372	0.350372	0.340965	0.342141	0.346738	0.350525	0.354920	0.359381	0.363428	0.366878	0.369706	0.371961	0.373720	0.375064	0.376075	0.376822	0.377367	0.377759	0.378041	0.378247	0.378401	0.378526	0.000000	0.521883	
2759	0.342925	0.349197	0.341161	0.349197	0.347557	0.350284	0.354204	0.358411	0.362333	0.365737	0.368566	0.370850	0.372653	0.374050	0.375115	0.375916	0.376513	0.376955	0.377282	0.377529	0.377722	0.377882	0.000000	0.583862	
2760	0.342925	0.349197	0.341161	0.349197	0.348104	0.350086	0.353578	0.357534	0.361323	0.364670	0.367490	0.369794	0.371633	0.373075	0.374189	0.375040	0.375685	0.376173	0.376543	0.376830	0.377059	0.377251	0.000000	0.608716	
2761	0.362915	0.368010	0.349980	0.351352	0.349187	0.350316	0.353300	0.356945	0.360556	0.363811	0.366594	0.368895	0.370752	0.372223	0.373374	0.374264	0.374948	0.375474	0.375880	0.376201	0.376461	0.376682	0.000000	0.508587	
2762	0.348609	0.350764	0.327835	0.333322	0.343899	0.347226	0.350803	0.354695	0.358461	0.361844	0.364745	0.367159	0.369124	0.370698	0.371943	0.372921	0.373686	0.374286	0.374760	0.375142	0.375458	0.375729	0.000000	0.572495	
2763	0.332734	0.338026	0.325875	0.335282	0.341026	0.345055	0.348863	0.352846	0.356678	0.360130	0.363108	0.365604	0.367653	0.369309	0.370634	0.371687	0.372523	0.373187	0.373722	0.374158	0.374523	0.374840	0.000000	0.462559	
2764	0.331755	0.333518	0.324111	0.329011	0.337021	0.342138	0.346381	0.350576	0.354550	0.358122	0.361214	0.363819	0.365973	0.367729	0.369147	0.370288	0.371204	0.371943	0.372545	0.373043	0.373465	0.373833	0.000000	0.627028	
2765	0.324895	0.328815	0.319604	0.327051	0.333698	0.339395	0.343965	0.348336	0.352435	0.356118	0.359316	0.362026	0.364281	0.366134	0.367644	0.368870	0.369866	0.370679	0.371348	0.371907	0.372386	0.372805	0.000000	0.532332	
2766	0.329795	0.333714	0.322348	0.322348	0.329914	0.336295	0.341263	0.345861	0.350120	0.353939	0.357262	0.360090	0.362457	0.364416	0.366026	0.367345	0.368426	0.369317	0.370058	0.370684	0.371222	0.371696	0.000000	0.479283	
2767	0.318232	0.324895	0.314705	0.314705	0.324845	0.332370	0.337943	0.342894	0.347396	0.351408	0.354898	0.357876	0.360381	0.362467	0.364193	0.365619	0.366798	0.367779	0.368602	0.369302	0.369908	0.370443	0.000000	0.442653	
2768	0.305886	0.309217	0.302358	0.302358	0.317349	0.326913	0.333495	0.339033	0.343931	0.348243	0.351979	0.355168	0.357858	0.360110	0.361985	0.363545	0.364846	0.365936	0.366858	0.367649	0.368337	0.368947	1.000000	0.419111	
2769	0.304318	0.309609	0.294323	0.294323	0.309674	0.320988	0.328598	0.334775	0.340115	0.344764	0.348776	0.352200	0.355096	0.357530	0.359569	0.361275	0.362708	0.363919	0.364949	0.365838	0.366615	0.367307	1.000000	0.565113	
2770	0.309609	0.316076	0.303338	0.310001	0.309783	0.318990	0.326274	0.332416	0.337799	0.342522	0.346622	0.350142	0.353135	0.355666	0.357798	0.359594	0.361111	0.362400	0.363503	0.364459	0.365299	0.366047	1.000000	0.531655	
2771	0.312941	0.312941	0.293147	0.293147	0.304238	0.314291	0.322133	0.328676	0.334364	0.339336	0.343651	0.347361	0.350527	0.353214	0.355489	0.357416	0.359052	0.360449	0.361652	0.362699	0.363621	0.364445	1.000000	0.474576	
2772	0.296479	0.308433	0.293147	0.305690	0.304722	0.312727	0.320078	0.326487	0.332158	0.337165	0.341542	0.345329	0.348578	0.351351	0.353711	0.355720	0.357435	0.358907	0.360179	0.361291	0.362274	0.363154	1.000000	0.547608	
2773	0.330187	0.333714	0.318036	0.318232	0.309225	0.313728	0.319847	0.325700	0.331087	0.335944	0.340247	0.344007	0.347258	0.350052	0.352444	0.354491	0.356247	0.357761	0.359075	0.360228	0.361249	0.362166	0.000000	0.471863	
2774	0.317252	0.319800	0.302358	0.308825	0.309092	0.312837	0.318469	0.324093	0.329375	0.334194	0.338501	0.342291	0.345587	0.348435	0.350886	0.352993	0.354810	0.356382	0.357753	0.358959	0.360030	0.360994	1.000000	0.425057	
2775	0.310981	0.315293	0.295695	0.298439	0.305541	0.310219	0.315965	0.321650	0.326995	0.331888	0.336276	0.340152	0.343537	0.346474	0.349013	0.351205	0.353102	0.354750	0.356192	0.357464	0.358598	0.359619	1.000000	0.511803	
2776	0.298830	0.306278	0.295107	0.297263	0.302781	0.307863	0.313628	0.319327	0.324708	0.329654	0.334108	0.338059	0.341525	0.344545	0.347165	0.349436	0.351409	0.353131	0.354641	0.355978	0.357171	0.358249	1.000000	0.545260	
2777	0.303338	0.307257	0.300006	0.300202	0.301922	0.306470	0.311949	0.317506	0.322823	0.327754	0.332225	0.336213	0.339729	0.342806	0.345487	0.347822	0.349858	0.351640	0.353209	0.354601	0.355847	0.356973	1.000000	0.547327	
2778	0.302554	0.308629	0.298439	0.301378	0.301741	0.305545	0.310628	0.315970	0.321173	0.326052	0.330511	0.334513	0.338061	0.341181	0.343912	0.346299	0.348389	0.350224	0.351845	0.353287	0.354580	0.355751	1.000000	0.571055	
2779	0.295695	0.298047	0.290991	0.291579	0.298353	0.303005	0.308247	0.313647	0.318897	0.323828	0.328348	0.332419	0.336040	0.339236	0.342043	0.344505	0.346667	0.348572	0.350259	0.351763	0.353115	0.354341	1.000000	0.489932	
2780	0.294127	0.306865	0.286288	0.306865	0.301191	0.303707	0.308074	0.313001	0.317971	0.322734	0.327155	0.331173	0.334772	0.337966	0.340787	0.343271	0.345461	0.347397	0.349117	0.350654	0.352039	0.353297	1.000000	0.568912	
2781	0.295107	0.304710	0.292363	0.300398	0.300927	0.303106	0.307115	0.311801	0.316620	0.321293	0.325668	0.329671	0.333277	0.336493	0.339344	0.341865	0.344096	0.346073	0.347835	0.349413	0.350838	0.352135	1.000000	0.512746	
2782	0.301182	0.309413	0.298047	0.306474	0.302776	0.303718	0.307035	0.311294	0.315839	0.320337	0.324602	0.328540	0.332112	0.335316	0.338170	0.340705	0.342955	0.344958	0.346746	0.348353	0.349807	0.351131	1.000000	0.664254	
2783	0.308433	0.310589	0.299222	0.300398	0.301983	0.303114	0.306205	0.310256	0.314651	0.319050	0.323257	0.327167	0.330733	0.333947	0.336821	0.339383	0.341666	0.343703	0.345527	0.347169	0.348657	0.350016	1.000000	0.460008	
2784	0.305298	0.310589	0.303534	0.306082	0.303349	0.303654	0.306190	0.309858	0.313992	0.318214	0.322303	0.326138	0.329661	0.332854	0.335723	0.338292	0.340588	0.342643	0.344489	0.346155	0.347667	0.349051	1.000000	0.490130	
2785	0.305298	0.308237	0.297655	0.301966	0.302888	0.303347	0.305662	0.309107	0.313067	0.317165	0.321173	0.324959	0.328457	0.331643	0.334518	0.337101	0.339417	0.341497	0.343370	0.345064	0.346605	0.348016	1.000000	0.627279	
2786	0.306474	0.308041	0.292363	0.292363	0.299380	0.301350	0.303999	0.307512	0.311474	0.315565	0.319573	0.323369	0.326888	0.330102	0.333012	0.335634	0.337991	0.340113	0.342027	0.343762	0.345343	0.346793	1.000000	0.521778	
2787	0.293539	0.297851	0.290991	0.296479	0.298413	0.300464	0.303059	0.306461	0.310321	0.314334	0.318290	0.322058	0.325566	0.328784	0.331707	0.334350	0.336733	0.338884	0.340829	0.342595	0.344207	0.345687	1.000000	0.609538	
2788	0.295107	0.302750	0.292559	0.302358	0.299728	0.300809	0.302972	0.306071	0.309708	0.313561	0.317405	0.321097	0.324557	0.327747	0.330659	0.333301	0.335692	0.337855	0.339816	0.341601	0.343233	0.344735	1.000000	0.463279	
2789	0.295499	0.300006	0.287660	0.288052	0.295836	0.298489	0.301107	0.304354	0.308043	0.311915	0.315774	0.319485	0.322970	0.326191	0.329138	0.331818	0.334248	0.336452	0.338454	0.340279	0.341950	0.343489	1.000000	0.558199	
2790	0.290012	0.295499	0.281389	0.295499	0.295724	0.297945	0.300406	0.303511	0.307078	0.310856	0.314647	0.318315	0.321775	0.324987	0.327936	0.330627	0.333074	0.335298	0.337324	0.339173	0.340870	0.342434	1.000000	0.628979	
2791	0.304318	0.323720	0.303338	0.317056	0.302834	0.301420	0.302487	0.304801	0.307845	0.311256	0.314781	0.318253	0.321570	0.324676	0.327548	0.330182	0.332588	0.334785	0.336790	0.338627	0.340316	0.341876	1.000000	0.497125	
2792	0.318624	0.326855	0.317056	0.321956	0.309208	0.305154	0.304921	0.306435	0.308931	0.311947	0.315180	0.318434	0.321587	0.324569	0.327348	0.329912	0.332266	0.334423	0.336400	0.338216	0.339889	0.341438	0.000000	0.524120	
2793	0.324112	0.325287	0.309609	0.309609	0.309342	0.305964	0.305507	0.306737	0.308983	0.311796	0.314870	0.318003	0.321066	0.323983	0.326714	0.329246	0.331580	0.333724	0.335695	0.337509	0.339185	0.340739	0.000000	0.518892	
2794	0.312157	0.317252	0.305494	0.315097	0.311260	0.307624	0.306705	0.307533	0.309453	0.312009	0.314883	0.317862	0.320807	0.323634	0.326299	0.328783	0.331080	0.333199	0.335153	0.336956	0.338625	0.340175	1.000000	0.530202	
2795	0.298439	0.302162	0.280801	0.280801	0.301107	0.302747	0.303467	0.304987	0.307249	0.309995	0.312989	0.316054	0.319067	0.321955	0.324675	0.327209	0.329557	0.331723	0.333723	0.335569	0.337280	0.338870	1.000000	0.500681	
2796	0.285504	0.289620	0.280017	0.284720	0.295645	0.299470	0.301124	0.303057	0.305516	0.308365	0.311419	0.314525	0.317574	0.320494	0.323248	0.325816	0.328198	0.330399	0.332433	0.334314	0.336058	0.337680	1.000000	0.503767	
2797	0.284720	0.288836	0.277273	0.277665	0.289651	0.295505	0.298192	0.300639	0.303374	0.306384	0.309544	0.312727	0.315839	0.318815	0.321620	0.324238	0.326667	0.328914	0.330992	0.332915	0.334700	0.336361	1.000000	0.558659	
2798	0.276881	0.284720	0.273354	0.278841	0.286048	0.292475	0.295773	0.298563	0.301487	0.304607	0.307838	0.311074	0.314230	0.317247	0.320092	0.322749	0.325217	0.327503	0.329619	0.331580	0.333401	0.335097	1.000000	0.530050	
2799	0.289424	0.291187	0.284132	0.289620	0.287238	0.291956	0.295004	0.297711	0.300574	0.303640	0.306826	0.310028	0.313160	0.316164	0.319004	0.321663	0.324139	0.326436	0.328567	0.330544	0.332383	0.334098	1.000000	0.585529	
2800	0.286680	0.294323	0.284132	0.291775	0.288751	0.291923	0.294600	0.297146	0.299897	0.302875	0.305990	0.309137	0.312230	0.315207	0.318031	0.320683	0.323158	0.325460	0.327599	0.329587	0.331438	0.333167	1.000000	0.673124	
2801	0.294911	0.306866	0.292559	0.304122	0.293874	0.294141	0.295790	0.297810	0.300222	0.302955	0.305886	0.308893	0.311878	0.314773	0.317534	0.320140	0.322581	0.324859	0.326981	0.328958	0.330803	0.332529	1.000000	0.589487	
2802	0.302162	0.308629	0.300202	0.303338	0.297029	0.295813	0.296734	0.298337	0.300462	0.302980	0.305744	0.308622	0.311506	0.314324	0.317027	0.319589	0.321998	0.324253	0.326359	0.328325	0.330164	0.331888	1.000000	0.608529	
2803	0.306278	0.319800	0.305298	0.316076	0.303378	0.299498	0.299152	0.300026	0.301663	0.303825	0.306318	0.308985	0.311705	0.314393	0.316993	0.319474	0.321818	0.324022	0.326088	0.328023	0.329837	0.331540	1.000000	0.571205	
2804	0.311177	0.314117	0.306278	0.308237	0.304998	0.301087	0.300287	0.300808	0.302168	0.304109	0.306425	0.308949	0.311554	0.314151	0.316681	0.319106	0.321407	0.323578	0.325618	0.327534	0.329334	0.331028	1.000000	0.491353	
2805	0.306278	0.307845	0.291579	0.292363	0.300786	0.299501	0.299297	0.300004	0.301414	0.303352	0.305644	0.308140	0.310720	0.313297	0.315812	0.318229	0.320527	0.322698	0.324743	0.326666	0.328474	0.330178	1.000000	0.535476	
2806	0.294715	0.300398	0.288836	0.295303	0.298959	0.298737	0.298798	0.299556	0.300944	0.302832	0.305069	0.307514	0.310050	0.312591	0.315080	0.317477	0.319762	0.321927	0.323968	0.325892	0.327703	0.329412	1.000000	0.582148	
2807	0.290599	0.299026	0.285504	0.296087	0.298001	0.298255	0.298459	0.299226	0.300571	0.302397	0.304570	0.306956	0.309443	0.311944	0.314401	0.316776	0.319045	0.321199	0.323235	0.325156	0.326968	0.328679	1.000000	0.545501	
2808	0.315097	0.316860	0.310785	0.315097	0.303700	0.301317	0.300538	0.300737	0.301688	0.303216	0.305155	0.307353	0.309688	0.312068	0.314426	0.316721	0.318925	0.321027	0.323021	0.324907	0.326692	0.328381	1.000000	0.576474	
2809	0.312745	0.315880	0.306670	0.309217	0.305539	0.302754	0.301623	0.301545	0.302267	0.303604	0.305381	0.307444	0.309668	0.311956	0.314240	0.316475	0.318631	0.320694	0.322657	0.324520	0.326285	0.327960	1.000000	0.550248	
2810	0.307257	0.310785	0.303926	0.310785	0.307288	0.304214	0.302769	0.302425	0.302922	0.304067	0.305681	0.307607	0.309716	0.311910	0.314117	0.316288	0.318393	0.320415	0.322345	0.324181	0.325925	0.327582	1.000000	0.546181	
2811	0.310785	0.319408	0.310785	0.316468	0.310348	0.306442	0.304481	0.303762	0.303964	0.304867	0.306280	0.308039	0.310010	0.312089	0.314201	0.316294	0.318335	0.320304	0.322190	0.323990	0.325705	0.327338	1.000000	0.608638	
2812	0.311765	0.315293	0.306474	0.307845	0.309514	0.306697	0.304902	0.304151	0.304263	0.305059	0.306367	0.308030	0.309916	0.311922	0.313974	0.316017	0.318017	0.319953	0.321813	0.323592	0.325290	0.326909	1.000000	0.583414	
2813	0.301770	0.305102	0.292755	0.303534	0.307520	0.306122	0.304731	0.304092	0.304207	0.304961	0.306210	0.307811	0.309638	0.311593	0.313601	0.315608	0.317578	0.319490	0.321332	0.323096	0.324784	0.326396	1.000000	0.622405	
2814	0.305298	0.308237	0.297067	0.300202	0.305081	0.305046	0.304165	0.303722	0.303899	0.304654	0.305876	0.307440	0.309228	0.311147	0.313122	0.315103	0.317052	0.318947	0.320776	0.322531	0.324212	0.325820	1.000000	0.634550	
2815	0.304318	0.308433	0.299418	0.304318	0.304827	0.304913	0.304184	0.303779	0.303931	0.304632	0.305790	0.307287	0.309015	0.310879	0.312808	0.314749	0.316666	0.318535	0.320343	0.322081	0.323749	0.325347	1.000000	0.559664	
2816	0.309413	0.312353	0.304318	0.309413	0.306356	0.305732	0.304837	0.304315	0.304353	0.304941	0.305991	0.307391	0.309032	0.310821	0.312687	0.314574	0.316446	0.318278	0.320055	0.321769	0.323416	0.324997	1.000000	0.656231	
2817	0.313137	0.327443	0.310393	0.327247	0.313319	0.309644	0.307639	0.306499	0.306114	0.306380	0.307172	0.308360	0.309824	0.311466	0.313207	0.314990	0.316773	0.318531	0.320244	0.321904	0.323505	0.325047	1.000000	0.568511	
2818	0.325091	0.329991	0.320192	0.329991	0.318877	0.313343	0.310433	0.308737	0.307951	0.307903	0.308439	0.309415	0.310701	0.312192	0.313806	0.315481	0.317174	0.318854	0.320501	0.322104	0.323656	0.325155	1.000000	0.628182	
2819	0.329991	0.329991	0.312745	0.314117	0.317290	0.313484	0.310893	0.309249	0.308425	0.308304	0.308755	0.309644	0.310849	0.312268	0.313817	0.315437	0.317081	0.318720	0.320333	0.321906	0.323434	0.324913	1.000000	0.647323	
2820	0.314117	0.322348	0.306278	0.320388	0.318323	0.314739	0.312080	0.310310	0.309345	0.309084	0.309401	0.310168	0.311264	0.312586	0.314052	0.315599	0.317182	0.318767	0.320334	0.321869	0.323363	0.324813	1.000000	0.624199	
2821	0.315097	0.324699	0.312353	0.316076	0.317574	0.314982	0.312580	0.310859	0.309863	0.309535	0.309772	0.310456	0.311473	0.312723	0.314124	0.315615	0.317148	0.318691	0.320222	0.321726	0.323194	0.324621	1.000000	0.574206	
2822	0.323524	0.329207	0.321172	0.322740	0.319296	0.316393	0.313850	0.311991	0.310853	0.310387	0.310492	0.311056	0.311963	0.313116	0.314432	0.315848	0.317317	0.318805	0.320288	0.321751	0.323183	0.324580	1.000000	0.514739	
2823	0.304710	0.329011	0.300986	0.322348	0.320313	0.317475	0.314912	0.312977	0.311738	0.311158	0.311151	0.311606	0.312415	0.313478	0.314715	0.316061	0.317470	0.318905	0.320343	0.321766	0.323164	0.324531	1.000000	0.586813	
2824	0.326855	0.336458	0.325287	0.328815	0.323147	0.319537	0.316650	0.314485	0.313051	0.312297	0.312132	0.312446	0.313128	0.314079	0.315218	0.316480	0.317814	0.319184	0.320566	0.321940	0.323295	0.324625	1.000000	0.627064	
2825	0.331559	0.347433	0.328815	0.347041	0.331112	0.324538	0.320449	0.317586	0.315666	0.314539	0.314072	0.314133	0.314602	0.315372	0.316355	0.317482	0.318699	0.319969	0.321262	0.322559	0.323847	0.325118	1.000000	0.611767	
2826	0.341749	0.346061	0.337634	0.343513	0.335245	0.327988	0.323332	0.320055	0.317808	0.316408	0.315707	0.315567	0.315859	0.316475	0.317325	0.318335	0.319451	0.320632	0.321848	0.323077	0.324305	0.325522	1.000000	0.600811	
2827	0.341749	0.346061	0.337634	0.343513	0.338001	0.330811	0.325854	0.322289	0.319785	0.318157	0.317252	0.316930	0.317062	0.317536	0.318260	0.319161	0.320180	0.321277	0.322418	0.323581	0.324751	0.325917	1.000000	0.590862	
2828	0.343905	0.349197	0.341749	0.344101	0.340035	0.333227	0.328135	0.324367	0.321656	0.319831	0.318744	0.318255	0.318237	0.318577	0.319183	0.319978	0.320905	0.321920	0.322989	0.324088	0.325201	0.326317	1.000000	0.499138	
2829	0.346453	0.347237	0.339790	0.340378	0.340149	0.334527	0.329666	0.325891	0.323096	0.321156	0.319946	0.319334	0.319200	0.319432	0.319940	0.320647	0.321495	0.322440	0.323446	0.324490	0.325554	0.326626	1.000000	0.478741	
2830	0.339202	0.345669	0.338418	0.344493	0.341597	0.336339	0.331519	0.327663	0.324742	0.322662	0.321309	0.320562	0.320299	0.320415	0.320817	0.321429	0.322192	0.323061	0.324000	0.324984	0.325995	0.327019	1.000000	0.539051	
2831	0.349393	0.353900	0.346257	0.352528	0.345241	0.339283	0.334145	0.330031	0.326879	0.324589	0.323044	0.322121	0.321701	0.321675	0.321949	0.322449	0.323112	0.323891	0.324751	0.325664	0.326612	0.327579	1.000000	0.684484	
2832	0.354684	0.355272	0.349784	0.354292	0.348258	0.342012	0.336663	0.332342	0.328988	0.326505	0.324780	0.323690	0.323118	0.322954	0.323104	0.323493	0.324056	0.324747	0.325528	0.326371	0.327256	0.328166	1.000000	0.584050	
2833	0.360367	0.360759	0.346649	0.348217	0.348244	0.343140	0.338108	0.333854	0.330467	0.327906	0.326082	0.324887	0.324209	0.323944	0.324001	0.324303	0.324789	0.325408	0.326125	0.326911	0.327743	0.328607	1.000000	0.587490	
2834	0.345865	0.354096	0.344101	0.353116	0.349868	0.344954	0.339984	0.335688	0.332209	0.329532	0.327584	0.326264	0.325466	0.325088	0.325041	0.325248	0.325647	0.326189	0.326835	0.327558	0.328333	0.329146	1.000000	0.560497	
2835	0.351352	0.353508	0.346257	0.347629	0.349122	0.345440	0.340939	0.336825	0.333395	0.330700	0.328697	0.327306	0.326429	0.325972	0.325848	0.325982	0.326313	0.326793	0.327383	0.328053	0.328782	0.329552	1.000000	0.605720	
2836	0.345473	0.353116	0.344493	0.348021	0.348755	0.345909	0.341824	0.337892	0.334520	0.331817	0.329771	0.328316	0.327368	0.326837	0.326640	0.326704	0.326971	0.327391	0.327926	0.328546	0.329229	0.329958	1.000000	0.665499	
2837	0.348805	0.351156	0.344101	0.350764	0.349425	0.346792	0.342942	0.339117	0.335770	0.333040	0.330937	0.329411	0.328385	0.327775	0.327501	0.327493	0.327692	0.328049	0.328527	0.329095	0.329730	0.330415	1.000000	0.631381	
2838	0.348609	0.353116	0.348609	0.351744	0.350198	0.347692	0.344042	0.340320	0.336999	0.334246	0.332093	0.330501	0.329401	0.328715	0.328367	0.328288	0.328421	0.328717	0.329138	0.329654	0.330242	0.330884	1.000000	0.583605	
2839	0.353116	0.353704	0.345473	0.347629	0.349341	0.347681	0.344491	0.341016	0.337816	0.335110	0.332956	0.331336	0.330194	0.329457	0.329055	0.328922	0.329003	0.329249	0.329624	0.330098	0.330646	0.331252	1.000000	0.672520	
2840	0.345277	0.348609	0.341553	0.344297	0.347660	0.347066	0.344466	0.341329	0.338315	0.335703	0.333586	0.331969	0.330807	0.330039	0.329599	0.329427	0.329466	0.329673	0.330011	0.330448	0.330964	0.331539	1.000000	0.619902	
2841	0.346453	0.347629	0.337634	0.338810	0.344710	0.345565	0.343759	0.341089	0.338353	0.335903	0.333876	0.332302	0.331155	0.330383	0.329928	0.329734	0.329749	0.329931	0.330242	0.330655	0.331146	0.331698	1.000000	0.520605	
2842	0.339006	0.347629	0.333714	0.336458	0.341959	0.343909	0.342847	0.340648	0.338207	0.335939	0.334020	0.332505	0.331385	0.330621	0.330161	0.329955	0.329953	0.330115	0.330406	0.330798	0.331270	0.331803	1.000000	0.494916	
2843	0.336262	0.338418	0.331363	0.332343	0.338754	0.341806	0.341534	0.339857	0.337756	0.335707	0.333927	0.332497	0.331427	0.330689	0.330239	0.330033	0.330025	0.330177	0.330457	0.330836	0.331295	0.331815	1.000000	0.567951	
2844	0.334694	0.347629	0.329991	0.335478	0.337662	0.340655	0.340777	0.339440	0.337581	0.335692	0.334013	0.332643	0.331603	0.330876	0.330426	0.330211	0.330190	0.330327	0.330589	0.330951	0.331392	0.331895	1.000000	0.609869	
2845	0.337046	0.346257	0.335674	0.343513	0.339612	0.341175	0.341119	0.339828	0.338037	0.336197	0.334541	0.333173	0.332121	0.331372	0.330894	0.330648	0.330594	0.330698	0.330929	0.331261	0.331674	0.332151	1.000000	0.577830	
2846	0.352136	0.354096	0.346257	0.348021	0.342415	0.342420	0.341981	0.340608	0.338805	0.336959	0.335290	0.333897	0.332812	0.332025	0.331506	0.331217	0.331122	0.331186	0.331379	0.331675	0.332054	0.332500	1.000000	0.581471	
2847	0.348805	0.358407	0.348413	0.357428	0.347419	0.345148	0.343912	0.342210	0.340238	0.338280	0.336519	0.335045	0.333882	0.333021	0.332431	0.332077	0.331919	0.331925	0.332064	0.332311	0.332644	0.333047	1.000000	0.605347	
2848	0.359387	0.364483	0.356840	0.362915	0.352584	0.348379	0.346288	0.344182	0.341982	0.339869	0.337986	0.336404	0.335145	0.334193	0.333520	0.333088	0.332859	0.332798	0.332876	0.333066	0.333348	0.333704	0.000000	0.522339	
2849	0.361935	0.383884	0.359387	0.380749	0.361973	0.354264	0.350595	0.347664	0.344964	0.342507	0.340362	0.338568	0.337127	0.336019	0.335207	0.334650	0.334310	0.334149	0.334136	0.334244	0.334450	0.334738	0.000000	0.557237	
2850	0.384080	0.399171	0.383688	0.388588	0.370844	0.360505	0.355344	0.351562	0.348320	0.345480	0.343041	0.341008	0.339365	0.338081	0.337113	0.336419	0.335955	0.335682	0.335569	0.335586	0.335710	0.335921	0.000000	0.667121	
2851	0.386040	0.396231	0.379965	0.388000	0.376563	0.365504	0.359426	0.355032	0.351372	0.348223	0.345539	0.343300	0.341479	0.340038	0.338931	0.338110	0.337532	0.337156	0.336949	0.336880	0.336926	0.337066	0.000000	0.675996	
2852	0.389372	0.391332	0.383688	0.386628	0.379918	0.369345	0.362826	0.358041	0.354084	0.350701	0.347821	0.345413	0.343442	0.341865	0.340634	0.339701	0.339019	0.338550	0.338256	0.338108	0.338081	0.338155	0.000000	0.457615	
2853	0.385648	0.389372	0.375849	0.376241	0.378692	0.370599	0.364503	0.359775	0.355788	0.352348	0.349400	0.346917	0.344868	0.343213	0.341906	0.340899	0.340147	0.339611	0.339256	0.339050	0.338969	0.338992	0.000000	0.517064	
2854	0.373694	0.386628	0.371342	0.382905	0.380096	0.372836	0.366803	0.361977	0.357874	0.354320	0.351262	0.348673	0.346522	0.344770	0.343370	0.342276	0.341443	0.340831	0.340404	0.340133	0.339991	0.339957	0.000000	0.592736	
2855	0.385648	0.387608	0.376829	0.376829	0.379007	0.373562	0.368057	0.363392	0.359332	0.355772	0.352682	0.350046	0.347840	0.346027	0.344565	0.343409	0.342515	0.341845	0.341363	0.341039	0.340847	0.340768	0.000000	0.591274	
2856	0.376045	0.383101	0.373890	0.381925	0.379980	0.375083	0.369790	0.365157	0.361070	0.357459	0.354307	0.351601	0.349322	0.347435	0.345899	0.344672	0.343710	0.342974	0.342430	0.342048	0.341803	0.341672	0.000000	0.497058	
2857	0.381925	0.384668	0.374869	0.376241	0.378734	0.375293	0.370597	0.366213	0.362237	0.358671	0.355525	0.352803	0.350492	0.348564	0.346983	0.345707	0.344695	0.343911	0.343320	0.342892	0.342604	0.342432	0.000000	0.476092	
2858	0.373302	0.379181	0.372126	0.378201	0.378556	0.375822	0.371547	0.367354	0.363465	0.359931	0.356785	0.354042	0.351697	0.349727	0.348098	0.346772	0.345711	0.344877	0.344238	0.343764	0.343431	0.343218	0.000000	0.546490	
2859	0.380749	0.382513	0.376633	0.377025	0.378046	0.376041	0.372232	0.368275	0.364508	0.361034	0.357909	0.355163	0.352798	0.350797	0.349131	0.347764	0.346660	0.345783	0.345101	0.344586	0.344213	0.343961	0.000000	0.558288	
2860	0.373890	0.375849	0.367030	0.370362	0.375485	0.375008	0.371998	0.368474	0.364959	0.361636	0.358601	0.355905	0.353562	0.351564	0.349889	0.348505	0.347378	0.346475	0.345765	0.345222	0.344821	0.344541	0.000000	0.594980	
2861	0.369578	0.379573	0.369186	0.373106	0.374692	0.374662	0.372137	0.368915	0.365585	0.362376	0.359407	0.356744	0.354412	0.352409	0.350718	0.349312	0.348158	0.347225	0.346485	0.345910	0.345479	0.345169	0.000000	0.577691	
2862	0.376241	0.378789	0.369774	0.376829	0.375404	0.375056	0.372723	0.369669	0.366450	0.363308	0.360375	0.357724	0.355386	0.353367	0.351651	0.350214	0.349026	0.348059	0.347283	0.346674	0.346208	0.345865	0.000000	0.632075	
2863	0.378005	0.380357	0.368598	0.369774	0.373527	0.374096	0.372355	0.369679	0.366706	0.363725	0.360897	0.358311	0.356012	0.354010	0.352298	0.350855	0.349655	0.348671	0.347875	0.347244	0.346756	0.346391	0.000000	0.655634	
2864	0.370166	0.374282	0.363503	0.370950	0.372668	0.373524	0.372179	0.369800	0.367032	0.364191	0.361456	0.358928	0.356661	0.354675	0.352964	0.351514	0.350300	0.349298	0.348483	0.347830	0.347318	0.346930	0.000000	0.462274	
2865	0.376437	0.376437	0.367030	0.368010	0.371116	0.372521	0.371658	0.369630	0.367108	0.364438	0.361820	0.359371	0.357155	0.355198	0.353502	0.352055	0.350837	0.349825	0.348996	0.348328	0.347800	0.347394	0.000000	0.589850	
2866	0.365071	0.372714	0.365071	0.370362	0.370864	0.372129	0.371496	0.369699	0.367358	0.364820	0.362294	0.359907	0.357729	0.355792	0.354104	0.352655	0.351429	0.350404	0.349559	0.348872	0.348324	0.347898	0.000000	0.597659	
2867	0.371930	0.374869	0.366834	0.367422	0.369717	0.371273	0.370987	0.369482	0.367363	0.364988	0.362579	0.360274	0.358150	0.356248	0.354579	0.353139	0.351913	0.350883	0.350029	0.349330	0.348768	0.348327	0.000000	0.653046	
2868	0.368402	0.370950	0.364287	0.365463	0.368299	0.370217	0.370296	0.369100	0.367217	0.365019	0.362739	0.360527	0.358468	0.356610	0.354968	0.353543	0.352324	0.351294	0.350435	0.349728	0.349157	0.348704	0.000000	0.555804	
2869	0.368402	0.374870	0.367030	0.372910	0.369836	0.370706	0.370623	0.369462	0.367655	0.365528	0.363304	0.361131	0.359096	0.357249	0.355609	0.354178	0.352948	0.351903	0.351026	0.350301	0.349709	0.349236	0.000000	0.601996	
2870	0.373890	0.379769	0.371538	0.378789	0.372820	0.372176	0.371644	0.370351	0.368511	0.366383	0.364165	0.361992	0.359952	0.358094	0.356437	0.354985	0.353731	0.352660	0.351757	0.351004	0.350385	0.349886	0.000000	0.506243	
2871	0.381533	0.384668	0.373694	0.378789	0.374810	0.373378	0.372537	0.371154	0.369302	0.367184	0.364977	0.362812	0.360771	0.358905	0.357235	0.355766	0.354490	0.353396	0.352468	0.351690	0.351046	0.350521	0.000000	0.604305	
2872	0.377613	0.380357	0.373890	0.375849	0.375156	0.373828	0.372951	0.371601	0.369805	0.367743	0.365581	0.363448	0.361427	0.359570	0.357900	0.356424	0.355137	0.354029	0.353084	0.352287	0.351623	0.351077	0.000000	0.562861	
2873	0.373890	0.375849	0.368990	0.372910	0.374407	0.373661	0.372946	0.371726	0.370044	0.368076	0.365988	0.363909	0.361926	0.360093	0.358436	0.356965	0.355676	0.354561	0.353605	0.352796	0.352118	0.351557	0.000000	0.483244	
2874	0.373498	0.374870	0.367422	0.368010	0.372275	0.372633	0.372329	0.371372	0.369888	0.368072	0.366101	0.364109	0.362191	0.360403	0.358778	0.357327	0.356050	0.354939	0.353984	0.353172	0.352487	0.351919	0.000000	0.601572	
2875	0.369578	0.373890	0.363307	0.368010	0.370853	0.371793	0.371789	0.371052	0.369743	0.368068	0.366207	0.364299	0.362444	0.360702	0.359108	0.357677	0.356412	0.355308	0.354354	0.353538	0.352848	0.352273	0.000000	0.603093	
2876	0.361935	0.362523	0.353312	0.356644	0.366117	0.369038	0.369896	0.369680	0.368736	0.367331	0.365675	0.363926	0.362192	0.360542	0.359020	0.357643	0.356419	0.355345	0.354414	0.353615	0.352937	0.352369	0.000000	0.561162	
2877	0.357819	0.359387	0.351352	0.354096	0.362110	0.366322	0.367921	0.368196	0.367610	0.366477	0.365032	0.363447	0.361840	0.360290	0.358844	0.357527	0.356349	0.355310	0.354405	0.353627	0.352964	0.352407	0.000000	0.509747	
2878	0.357428	0.363699	0.356056	0.358211	0.360810	0.364847	0.366707	0.367245	0.366887	0.365944	0.364653	0.363191	0.361682	0.360208	0.358821	0.357549	0.356405	0.355392	0.354506	0.353740	0.353086	0.352534	0.000000	0.501393	
2879	0.357036	0.371146	0.355468	0.368010	0.363210	0.365422	0.366870	0.367318	0.366973	0.366077	0.364840	0.363426	0.361957	0.360514	0.359149	0.357892	0.356757	0.355747	0.354861	0.354092	0.353433	0.352874	0.000000	0.615122	
2880	0.353312	0.355272	0.346845	0.350372	0.358931	0.362686	0.364808	0.365704	0.365696	0.365064	0.364036	0.362789	0.361453	0.360116	0.358836	0.357646	0.356563	0.355596	0.354743	0.354000	0.353362	0.352819	0.000000	0.541706	
2881	0.351352	0.356840	0.351352	0.353900	0.357254	0.361088	0.363444	0.364580	0.364789	0.364344	0.363473	0.362356	0.361125	0.359873	0.358660	0.357523	0.356483	0.355548	0.354721	0.353998	0.353374	0.352843	0.000000	0.575349	
2882	0.355860	0.357624	0.339594	0.339594	0.351367	0.357180	0.360463	0.362200	0.362851	0.362747	0.362146	0.361245	0.360189	0.359077	0.357979	0.356935	0.355971	0.355099	0.354323	0.353642	0.353054	0.352552	0.000000	0.578502	
2883	0.341945	0.344689	0.337242	0.340574	0.347769	0.354161	0.357977	0.360140	0.361137	0.361316	0.360948	0.360237	0.359336	0.358352	0.357357	0.356399	0.355504	0.354690	0.353961	0.353319	0.352763	0.352289	0.000000	0.581895	
2884	0.336262	0.352332	0.332343	0.348217	0.347918	0.353080	0.356757	0.359005	0.360143	0.360471	0.360240	0.359651	0.358853	0.357954	0.357031	0.356130	0.355284	0.354507	0.353810	0.353193	0.352658	0.352199	0.000000	0.499431	
2885	0.352136	0.359191	0.348805	0.356840	0.350892	0.353764	0.356767	0.358799	0.359889	0.360237	0.360052	0.359514	0.358765	0.357911	0.357024	0.356154	0.355331	0.354573	0.353889	0.353283	0.352755	0.352301	0.000000	0.526298	
2886	0.355664	0.357623	0.344297	0.347041	0.349608	0.352541	0.355551	0.357679	0.358901	0.359385	0.359329	0.358905	0.358255	0.357484	0.356667	0.355855	0.355079	0.354361	0.353709	0.353129	0.352622	0.352186	0.000000	0.601449	
2887	0.347433	0.350372	0.333714	0.335870	0.345029	0.349510	0.353091	0.355602	0.357129	0.357868	0.358025	0.357782	0.357282	0.356637	0.355925	0.355200	0.354497	0.353840	0.353240	0.352703	0.352232	0.351827	0.000000	0.582939	
2888	0.334694	0.345669	0.334106	0.339202	0.343087	0.347636	0.351355	0.354040	0.355750	0.356664	0.356980	0.356875	0.356496	0.355953	0.355327	0.354675	0.354034	0.353428	0.352870	0.352370	0.351929	0.351549	0.000000	0.575435	
2889	0.340182	0.342729	0.329991	0.332539	0.339571	0.344891	0.349003	0.351992	0.353965	0.355108	0.355622	0.355688	0.355454	0.355035	0.354513	0.353949	0.353382	0.352839	0.352335	0.351880	0.351478	0.351132	0.000000	0.477550	
2890	0.332539	0.337046	0.327247	0.333126	0.337422	0.342752	0.347018	0.350195	0.352362	0.353689	0.354372	0.354587	0.354483	0.354176	0.353750	0.353267	0.352769	0.352284	0.351830	0.351417	0.351052	0.350736	0.000000	0.408252	
2891	0.329599	0.334498	0.317252	0.319996	0.331614	0.338614	0.343641	0.347319	0.349872	0.351516	0.352462	0.352900	0.352984	0.352835	0.352544	0.352176	0.351776	0.351374	0.350992	0.350641	0.350329	0.350060	0.000000	0.456009	
2892	0.317448	0.319996	0.301182	0.304906	0.322711	0.332486	0.338799	0.343280	0.346413	0.348509	0.349820	0.350559	0.350894	0.350956	0.350843	0.350626	0.350355	0.350065	0.349779	0.349512	0.349273	0.349068	0.000000	0.535541	
2893	0.312941	0.316468	0.306865	0.306865	0.317429	0.327827	0.334807	0.339812	0.343371	0.345822	0.347434	0.348427	0.348979	0.349227	0.349272	0.349191	0.349037	0.348848	0.348650	0.348459	0.348287	0.348140	0.000000	0.622743	
2894	0.313529	0.315293	0.296871	0.296871	0.310576	0.322199	0.330065	0.335722	0.339794	0.342664	0.344625	0.345913	0.346714	0.347173	0.347401	0.347476	0.347457	0.347384	0.347287	0.347185	0.347091	0.347014	1.000000	0.368412	
2895	0.300594	0.303338	0.293539	0.297459	0.306204	0.317701	0.325989	0.332078	0.336537	0.339747	0.342005	0.343549	0.344572	0.345224	0.345617	0.345836	0.345941	0.345978	0.345976	0.345957	0.345937	0.345924	1.000000	0.478347	
2896	0.297459	0.308237	0.294519	0.307649	0.306686	0.315873	0.323697	0.329752	0.334315	0.337676	0.340096	0.341798	0.342967	0.343750	0.344261	0.344584	0.344781	0.344898	0.344967	0.345012	0.345046	0.345083	1.000000	0.527058	
2897	0.306866	0.306866	0.298439	0.300790	0.304721	0.313131	0.320833	0.326993	0.331736	0.335297	0.337912	0.339797	0.341133	0.342066	0.342708	0.343148	0.343448	0.343656	0.343805	0.343920	0.344017	0.344110	1.000000	0.489126	
2898	0.302750	0.310001	0.291775	0.294715	0.301385	0.309783	0.317569	0.323919	0.328889	0.332679	0.335512	0.337598	0.339115	0.340209	0.340994	0.341560	0.341971	0.342277	0.342513	0.342705	0.342871	0.343024	1.000000	0.477751	
2899	0.293343	0.302358	0.291579	0.297459	0.300076	0.307542	0.315055	0.321399	0.326471	0.330406	0.333398	0.335640	0.337304	0.338532	0.339440	0.340114	0.340622	0.341015	0.341327	0.341588	0.341815	0.342023	1.000000	0.513916	
2900	0.304318	0.307257	0.299222	0.307257	0.302470	0.307490	0.314080	0.320052	0.324993	0.328913	0.331946	0.334256	0.335997	0.337306	0.338290	0.339037	0.339611	0.340064	0.340431	0.340740	0.341011	0.341259	1.000000	0.483521	
2901	0.306082	0.309805	0.294715	0.297655	0.300865	0.305702	0.312027	0.317919	0.322890	0.326896	0.330041	0.332470	0.334330	0.335751	0.336839	0.337680	0.338340	0.338869	0.339305	0.339676	0.340003	0.340300	1.000000	0.519173	
2902	0.301966	0.305102	0.298635	0.304318	0.302016	0.305450	0.311063	0.316624	0.321461	0.325440	0.328612	0.331097	0.333026	0.334518	0.335677	0.336586	0.337309	0.337896	0.338384	0.338803	0.339173	0.339510	1.000000	0.568812	
2903	0.305102	0.307062	0.298830	0.300790	0.301607	0.304603	0.309779	0.315116	0.319871	0.323849	0.327066	0.329619	0.331624	0.333196	0.334432	0.335412	0.336202	0.336851	0.337395	0.337864	0.338280	0.338659	1.000000	0.581105	
2904	0.304318	0.304514	0.299222	0.303142	0.302119	0.304337	0.308950	0.313976	0.318584	0.322513	0.325737	0.328327	0.330386	0.332017	0.333314	0.334354	0.335201	0.335901	0.336494	0.337007	0.337463	0.337878	1.000000	0.577456	
2905	0.302750	0.303926	0.298439	0.298439	0.300892	0.303265	0.307636	0.312496	0.317035	0.320960	0.324221	0.326869	0.328997	0.330700	0.332068	0.333177	0.334087	0.334846	0.335492	0.336055	0.336555	0.337011	1.000000	0.529177	
2906	0.299810	0.309021	0.297655	0.305886	0.302557	0.303741	0.307417	0.311866	0.316177	0.319988	0.323202	0.325845	0.327992	0.329727	0.331133	0.332282	0.333232	0.334030	0.334713	0.335310	0.335842	0.336327	1.000000	0.562334	
2907	0.305102	0.318036	0.303142	0.315488	0.306867	0.305877	0.308426	0.312211	0.316124	0.319697	0.322773	0.325340	0.327448	0.329169	0.330575	0.331731	0.332694	0.333508	0.334207	0.334820	0.335369	0.335869	0.000000	0.578698	
2908	0.317448	0.323720	0.316272	0.323720	0.312485	0.309121	0.310338	0.313307	0.316708	0.319957	0.322826	0.325261	0.327286	0.328955	0.330330	0.331469	0.332422	0.333232	0.333931	0.334546	0.335098	0.335602	0.000000	0.571522	
2909	0.322544	0.324895	0.317644	0.320976	0.315315	0.311277	0.311667	0.314038	0.317037	0.320023	0.322723	0.325052	0.327012	0.328642	0.329996	0.331125	0.332075	0.332887	0.333590	0.334211	0.334769	0.335281	0.000000	0.521060	
2910	0.318624	0.320584	0.313137	0.315488	0.315373	0.312042	0.312145	0.314176	0.316918	0.319730	0.322321	0.324586	0.326511	0.328126	0.329478	0.330612	0.331573	0.332397	0.333114	0.333749	0.334321	0.334846	0.000000	0.503015	
2911	0.315880	0.329403	0.314705	0.328031	0.319592	0.314949	0.314131	0.315495	0.317772	0.320266	0.322638	0.324754	0.326577	0.328123	0.329426	0.330527	0.331465	0.332274	0.332980	0.333608	0.334175	0.334696	0.000000	0.568718	
2912	0.325483	0.326659	0.319996	0.322348	0.320511	0.316295	0.315158	0.316148	0.318124	0.320400	0.322622	0.324636	0.326393	0.327896	0.329173	0.330259	0.331189	0.331994	0.332700	0.333330	0.333900	0.334424	0.000000	0.634590	
2913	0.321172	0.329011	0.320976	0.327247	0.322756	0.318286	0.316669	0.317205	0.318826	0.320842	0.322879	0.324764	0.326430	0.327871	0.329104	0.330161	0.331070	0.331860	0.332557	0.333180	0.333745	0.334267	0.000000	0.532168	
2914	0.331755	0.343317	0.331755	0.342141	0.329218	0.322623	0.319853	0.319580	0.320620	0.322216	0.323949	0.325611	0.327113	0.328430	0.329570	0.330553	0.331405	0.332150	0.332809	0.333401	0.333940	0.334440	0.000000	0.643930	
2915	0.340966	0.346845	0.336262	0.344493	0.334310	0.326600	0.322933	0.321953	0.322456	0.323653	0.325091	0.326532	0.327869	0.329060	0.330103	0.331010	0.331802	0.332498	0.333117	0.333675	0.334186	0.334661	0.000000	0.627334	
2916	0.336850	0.338418	0.331559	0.337438	0.335352	0.328570	0.324746	0.323427	0.323609	0.324542	0.325777	0.327064	0.328285	0.329389	0.330365	0.331221	0.331973	0.332637	0.333230	0.333768	0.334261	0.334722	0.000000	0.536611	
2917	0.334498	0.337242	0.323916	0.325091	0.331932	0.327938	0.324789	0.323586	0.323723	0.324578	0.325739	0.326968	0.328146	0.329220	0.330177	0.331020	0.331764	0.332424	0.333016	0.333553	0.334048	0.334510	0.000000	0.510833	
2918	0.325091	0.327247	0.311177	0.312353	0.325406	0.325104	0.323235	0.322516	0.322848	0.323789	0.324995	0.326255	0.327459	0.328559	0.329540	0.330408	0.331176	0.331859	0.332472	0.333030	0.333544	0.334023	0.000000	0.555627	
2919	0.314117	0.316664	0.310197	0.314509	0.321773	0.323178	0.322144	0.321753	0.322206	0.323190	0.324412	0.325682	0.326896	0.328008	0.329003	0.329887	0.330671	0.331370	0.332000	0.332573	0.333101	0.333594	0.000000	0.609557	
2920	0.323720	0.328031	0.317840	0.317840	0.320462	0.322207	0.321606	0.321381	0.321871	0.322845	0.324047	0.325300	0.326503	0.327609	0.328605	0.329492	0.330282	0.330989	0.331627	0.332209	0.332746	0.333248	0.000000	0.551760	
2921	0.320192	0.331755	0.318036	0.331755	0.324226	0.323943	0.322875	0.322369	0.322631	0.323420	0.324475	0.325615	0.326731	0.327772	0.328717	0.329566	0.330327	0.331011	0.331630	0.332198	0.332723	0.333215	0.000000	0.485178	
2922	0.330383	0.336066	0.327247	0.332343	0.326932	0.325470	0.324058	0.323319	0.323378	0.323996	0.324912	0.325943	0.326975	0.327951	0.328846	0.329657	0.330388	0.331048	0.331649	0.332201	0.332714	0.333196	0.000000	0.476984	
2923	0.333322	0.337046	0.322936	0.325483	0.326449	0.325473	0.324236	0.323525	0.323540	0.324092	0.324944	0.325920	0.326910	0.327854	0.328726	0.329520	0.330239	0.330891	0.331487	0.332035	0.332546	0.333026	0.000000	0.502886	
2924	0.326071	0.328423	0.313333	0.314117	0.322338	0.323408	0.322971	0.322629	0.322815	0.323448	0.324343	0.325345	0.326354	0.327315	0.328205	0.329015	0.329751	0.330419	0.331030	0.331593	0.332117	0.332611	0.000000	0.597715	
2925	0.316860	0.321368	0.313333	0.317644	0.320774	0.322360	0.322305	0.322154	0.322417	0.323074	0.323971	0.324969	0.325975	0.326936	0.327827	0.328642	0.329384	0.330059	0.330677	0.331248	0.331781	0.332282	0.000000	0.632198	
2926	0.319408	0.324895	0.314901	0.320584	0.320710	0.322037	0.322090	0.322005	0.322276	0.322913	0.323782	0.324755	0.325741	0.326687	0.327569	0.328378	0.329117	0.329792	0.330412	0.330985	0.331520	0.332025	0.000000	0.648213	
2927	0.320976	0.324699	0.318036	0.321564	0.320995	0.321951	0.322024	0.321963	0.322221	0.322826	0.323659	0.324599	0.325559	0.326486	0.327354	0.328155	0.328888	0.329560	0.330179	0.330753	0.331289	0.331795	0.000000	0.619528	
2928	0.324111	0.328619	0.317840	0.318428	0.320139	0.321310	0.321575	0.321626	0.321930	0.322542	0.323369	0.324298	0.325249	0.326170	0.327035	0.327836	0.328571	0.329247	0.329870	0.330448	0.330990	0.331501	0.000000	0.630724	
2929	0.324111	0.328619	0.317840	0.320388	0.320222	0.321143	0.321427	0.321508	0.321811	0.322403	0.323203	0.324108	0.325038	0.325943	0.326798	0.327592	0.328323	0.328997	0.329620	0.330200	0.330743	0.331257	0.000000	0.596680	
2930	0.321760	0.321760	0.316076	0.320780	0.320408	0.321077	0.321346	0.321439	0.321732	0.322299	0.323068	0.323945	0.324853	0.325741	0.326583	0.327368	0.328095	0.328766	0.329388	0.329967	0.330511	0.331027	0.000000	0.497557	
2931	0.321172	0.322544	0.316076	0.318232	0.319683	0.320560	0.320957	0.321133	0.321463	0.322036	0.322800	0.323667	0.324565	0.325446	0.326285	0.327069	0.327796	0.328469	0.329094	0.329677	0.330226	0.330745	0.000000	0.462860	
2932	0.319996	0.321760	0.314901	0.315684	0.318350	0.319673	0.320298	0.320614	0.321018	0.321626	0.322404	0.323277	0.324179	0.325064	0.325906	0.326695	0.327429	0.328109	0.328741	0.329332	0.329888	0.330414	0.000000	0.584707	
2933	0.315489	0.316076	0.309609	0.311961	0.316220	0.318271	0.319255	0.319790	0.320321	0.321003	0.321824	0.322725	0.323647	0.324550	0.325408	0.326212	0.326960	0.327654	0.328300	0.328903	0.329471	0.330009	0.000000	0.542543	
2934	0.312549	0.316272	0.308825	0.315684	0.316042	0.317801	0.318809	0.319399	0.319965	0.320660	0.321483	0.322382	0.323301	0.324202	0.325061	0.325867	0.326618	0.327317	0.327968	0.328577	0.329150	0.329694	0.000000	0.386746	
2935	0.312549	0.316664	0.308825	0.315097	0.315727	0.317309	0.318345	0.318989	0.319590	0.320301	0.321128	0.322026	0.322945	0.323845	0.324705	0.325514	0.326269	0.326973	0.327629	0.328244	0.328823	0.329373	0.000000	0.525271	
2936	0.311569	0.319016	0.311569	0.316272	0.315909	0.317121	0.318086	0.318731	0.319335	0.320041	0.320859	0.321746	0.322654	0.323548	0.324404	0.325211	0.325966	0.326671	0.327330	0.327948	0.328532	0.329085	0.000000	0.630839	
2937	0.318624	0.320192	0.309609	0.311569	0.314462	0.316111	0.317271	0.318049	0.318738	0.319494	0.320342	0.321249	0.322172	0.323078	0.323946	0.324764	0.325530	0.326246	0.326915	0.327544	0.328137	0.328700	0.000000	0.623963	
2938	0.311177	0.311569	0.301182	0.306474	0.311799	0.314359	0.315922	0.316946	0.317794	0.318654	0.319572	0.320528	0.321490	0.322427	0.323322	0.324164	0.324953	0.325689	0.326377	0.327024	0.327633	0.328212	0.000000	0.571334	
2939	0.304122	0.304122	0.288052	0.288640	0.304079	0.309683	0.312511	0.314250	0.315552	0.316718	0.317853	0.318973	0.320062	0.321102	0.322083	0.322999	0.323852	0.324645	0.325384	0.326076	0.326726	0.327342	0.000000	0.590969	
2940	0.289816	0.291187	0.282760	0.286288	0.298149	0.305429	0.309233	0.311587	0.313301	0.314755	0.316100	0.317379	0.318593	0.319737	0.320805	0.321796	0.322714	0.323565	0.324355	0.325093	0.325786	0.326440	1.000000	0.541610	
2941	0.287464	0.297459	0.287072	0.293735	0.296678	0.303303	0.307296	0.309887	0.311796	0.313399	0.314857	0.316225	0.317512	0.318717	0.319838	0.320876	0.321836	0.322724	0.323550	0.324319	0.325041	0.325721	0.000000	0.549856	
2942	0.287856	0.291579	0.282564	0.284720	0.292692	0.299924	0.304474	0.307490	0.309713	0.311548	0.313183	0.314688	0.316087	0.317384	0.318584	0.319690	0.320711	0.321654	0.322528	0.323341	0.324103	0.324820	1.000000	0.586476	
2943	0.270610	0.290403	0.270218	0.286288	0.290557	0.297445	0.302201	0.305471	0.307911	0.309919	0.311689	0.313303	0.314791	0.316165	0.317430	0.318595	0.319668	0.320658	0.321574	0.322426	0.323224	0.323973	1.000000	0.573542	
2944	0.283348	0.284720	0.275509	0.276881	0.285998	0.293706	0.299036	0.302748	0.305524	0.307787	0.309755	0.311526	0.313143	0.314624	0.315982	0.317227	0.318371	0.319424	0.320398	0.321302	0.322146	0.322938	1.000000	0.520882	
2945	0.279821	0.284328	0.271394	0.274921	0.282306	0.290291	0.296022	0.300098	0.303170	0.305667	0.307820	0.309741	0.311481	0.313067	0.314516	0.315840	0.317055	0.318171	0.319201	0.320157	0.321048	0.321883	1.000000	0.578988	
2946	0.275901	0.280409	0.272570	0.279625	0.281412	0.288351	0.293972	0.298148	0.301359	0.303987	0.306254	0.308272	0.310096	0.311756	0.313269	0.314653	0.315920	0.317085	0.318160	0.319156	0.320084	0.320954	1.000000	0.476200	
2947	0.283740	0.284720	0.279429	0.280801	0.281208	0.286979	0.292326	0.296496	0.299777	0.302491	0.304839	0.306932	0.308822	0.310542	0.312110	0.313543	0.314856	0.316063	0.317177	0.318209	0.319171	0.320072	1.000000	0.488343	
2948	0.280605	0.282760	0.276489	0.278253	0.280223	0.285392	0.290566	0.294759	0.298122	0.300927	0.303362	0.305533	0.307493	0.309275	0.310901	0.312386	0.313747	0.314998	0.316152	0.317222	0.318219	0.319152	1.000000	0.567728	
2949	0.277077	0.280605	0.275509	0.277469	0.279305	0.283951	0.288929	0.293112	0.296533	0.299414	0.301924	0.304164	0.306188	0.308028	0.309707	0.311241	0.312648	0.313941	0.315134	0.316241	0.317271	0.318236	1.000000	0.645580	
2950	0.277665	0.283740	0.275313	0.282760	0.280457	0.283735	0.288158	0.292126	0.295474	0.298339	0.300859	0.303120	0.305169	0.307037	0.308744	0.310307	0.311742	0.313062	0.314282	0.315414	0.316469	0.317457	1.000000	0.597828	
2951	0.282956	0.288248	0.282564	0.286680	0.282531	0.284270	0.287973	0.291607	0.294797	0.297587	0.300072	0.302318	0.304365	0.306239	0.307956	0.309533	0.310982	0.312319	0.313556	0.314705	0.315776	0.316780	1.000000	0.565686	
2952	0.286680	0.286680	0.275901	0.277273	0.280779	0.282998	0.286636	0.290242	0.293449	0.296276	0.298805	0.301096	0.303187	0.305103	0.306860	0.308475	0.309961	0.311332	0.312601	0.313780	0.314881	0.315912	1.000000	0.686078	
2953	0.274333	0.276293	0.269042	0.271394	0.277650	0.280888	0.284731	0.288447	0.291753	0.294671	0.297282	0.299647	0.301805	0.303781	0.305594	0.307259	0.308792	0.310207	0.311517	0.312734	0.313869	0.314934	1.000000	0.511975	
2954	0.275117	0.275117	0.265318	0.268062	0.274454	0.278556	0.282647	0.286506	0.289930	0.292954	0.295659	0.298106	0.300338	0.302380	0.304253	0.305974	0.307558	0.309020	0.310373	0.311631	0.312804	0.313903	1.000000	0.489637	
2955	0.266102	0.267082	0.262183	0.264143	0.271017	0.275936	0.280334	0.284376	0.287947	0.291096	0.293908	0.296450	0.298764	0.300881	0.302821	0.304603	0.306242	0.307756	0.309157	0.310458	0.311672	0.312810	1.000000	0.494797	
2956	0.260811	0.262379	0.255912	0.260027	0.267354	0.273043	0.277796	0.282057	0.285799	0.289091	0.292026	0.294673	0.297080	0.299279	0.301292	0.303141	0.304842	0.306411	0.307864	0.309213	0.310471	0.311650	1.000000	0.568696	
2957	0.261007	0.264731	0.258067	0.261399	0.265369	0.270926	0.275746	0.280090	0.283922	0.287305	0.290324	0.293050	0.295529	0.297793	0.299868	0.301772	0.303526	0.305143	0.306641	0.308032	0.309330	0.310545	1.000000	0.492138	
2958	0.260419	0.262183	0.256304	0.257479	0.262739	0.268481	0.273463	0.277936	0.281888	0.285380	0.288499	0.291315	0.293874	0.296212	0.298354	0.300320	0.302130	0.303801	0.305347	0.306784	0.308124	0.309379	1.000000	0.615324	
2959	0.255324	0.265514	0.253364	0.263163	0.262880	0.267514	0.272175	0.276529	0.280448	0.283947	0.287092	0.289941	0.292539	0.294916	0.297097	0.299102	0.300949	0.302656	0.304237	0.305707	0.307079	0.308363	1.000000	0.540307	
2960	0.261595	0.267082	0.254932	0.255324	0.260361	0.265298	0.270069	0.274510	0.278515	0.282100	0.285327	0.288253	0.290921	0.293364	0.295605	0.297667	0.299567	0.301323	0.302950	0.304463	0.305875	0.307198	1.000000	0.573655	
2961	0.257871	0.260419	0.254736	0.256500	0.259074	0.263698	0.268373	0.272794	0.276821	0.280449	0.283725	0.286704	0.289424	0.291918	0.294208	0.296317	0.298262	0.300060	0.301728	0.303279	0.304727	0.306083	1.000000	0.498114	
2962	0.276881	0.290012	0.269434	0.285700	0.267949	0.267698	0.270539	0.274023	0.277504	0.280787	0.283835	0.286655	0.289262	0.291674	0.293905	0.295969	0.297881	0.299655	0.301306	0.302845	0.304284	0.305635	1.000000	0.656619	
2963	0.290795	0.315685	0.290795	0.303338	0.279746	0.274178	0.274638	0.276815	0.279492	0.282242	0.284919	0.287469	0.289874	0.292131	0.294242	0.296210	0.298046	0.299759	0.301359	0.302857	0.304262	0.305585	1.000000	0.581195	
2964	0.300202	0.310589	0.287856	0.291971	0.283821	0.277413	0.276805	0.278259	0.280452	0.282870	0.285310	0.287688	0.289966	0.292125	0.294160	0.296071	0.297862	0.299540	0.301112	0.302588	0.303976	0.305286	1.000000	0.455036	
2965	0.290404	0.303730	0.283152	0.302946	0.290196	0.282056	0.280073	0.280610	0.282182	0.284165	0.286290	0.288433	0.290530	0.292550	0.294474	0.296297	0.298016	0.299636	0.301160	0.302597	0.303952	0.305234	1.000000	0.593125	
2966	0.301378	0.307062	0.297067	0.299222	0.293205	0.285177	0.282466	0.282383	0.283493	0.285137	0.287009	0.288959	0.290908	0.292811	0.294644	0.296393	0.298053	0.299624	0.301109	0.302514	0.303842	0.305102	1.000000	0.538281	
2967	0.300594	0.308237	0.299026	0.299418	0.295276	0.287766	0.284585	0.284005	0.284718	0.286058	0.287698	0.289469	0.291278	0.293070	0.294814	0.296492	0.298094	0.299618	0.301065	0.302437	0.303740	0.304977	1.000000	0.571556	
2968	0.303926	0.311765	0.296479	0.310001	0.300184	0.291809	0.287762	0.286481	0.286663	0.287603	0.288937	0.290471	0.292092	0.293734	0.295357	0.296935	0.298455	0.299911	0.301300	0.302624	0.303885	0.305088	1.000000	0.634176	
2969	0.312157	0.315097	0.304514	0.306082	0.302150	0.294404	0.290052	0.288348	0.288156	0.288795	0.289890	0.291232	0.292700	0.294218	0.295740	0.297235	0.298686	0.300085	0.301426	0.302709	0.303936	0.305109	0.000000	0.610969	
2970	0.302358	0.311177	0.301182	0.308237	0.304179	0.296919	0.292325	0.290242	0.289701	0.290049	0.290909	0.292062	0.293376	0.294768	0.296186	0.297595	0.298976	0.300314	0.301605	0.302846	0.304036	0.305178	1.000000	0.575104	
2971	0.302358	0.311177	0.300986	0.306278	0.304879	0.298621	0.294069	0.291769	0.290976	0.291096	0.291763	0.292755	0.293937	0.295220	0.296546	0.297880	0.299197	0.300482	0.301728	0.302931	0.304088	0.305202	1.000000	0.612044	
2972	0.305298	0.307454	0.298047	0.301378	0.303712	0.299122	0.294983	0.292684	0.291776	0.291760	0.292297	0.293176	0.294260	0.295461	0.296719	0.297995	0.299263	0.300508	0.301719	0.302892	0.304025	0.305118	1.000000	0.564768	
2973	0.298830	0.301574	0.294323	0.295107	0.300844	0.298392	0.294999	0.292915	0.292033	0.291976	0.292453	0.293270	0.294297	0.295447	0.296661	0.297900	0.299137	0.300355	0.301545	0.302700	0.303818	0.304898	1.000000	0.602711	
2974	0.295499	0.298635	0.293735	0.297067	0.299585	0.298151	0.295257	0.293310	0.292420	0.292304	0.292709	0.293455	0.294418	0.295511	0.296676	0.297873	0.299074	0.300263	0.301427	0.302561	0.303661	0.304726	1.000000	0.603978	
2975	0.299026	0.300790	0.292951	0.296283	0.298484	0.297811	0.295385	0.293593	0.292717	0.292561	0.292908	0.293593	0.294499	0.295541	0.296662	0.297821	0.298990	0.300151	0.301292	0.302406	0.303489	0.304541	1.000000	0.565781	
2976	0.299026	0.301966	0.294127	0.296283	0.297750	0.297533	0.295497	0.293850	0.292991	0.292801	0.293095	0.293724	0.294576	0.295570	0.296648	0.297770	0.298908	0.300042	0.301160	0.302255	0.303322	0.304359	1.000000	0.613463	
2977	0.296479	0.296675	0.291579	0.292951	0.296151	0.296700	0.295179	0.293764	0.292988	0.292811	0.293087	0.293687	0.294506	0.295467	0.296516	0.297612	0.298727	0.299842	0.300944	0.302025	0.303081	0.304108	1.000000	0.682247	
2978	0.290012	0.292167	0.285112	0.285308	0.292536	0.294629	0.293945	0.292959	0.292397	0.292327	0.292655	0.293278	0.294106	0.295069	0.296116	0.297209	0.298321	0.299433	0.300532	0.301612	0.302667	0.303695	1.000000	0.537584	
2979	0.290012	0.292167	0.278253	0.278841	0.287971	0.291758	0.292057	0.291614	0.291355	0.291457	0.291888	0.292574	0.293442	0.294433	0.295499	0.296607	0.297730	0.298853	0.299962	0.301050	0.302113	0.303149	1.000000	0.630034	
2980	0.278449	0.285112	0.278449	0.284720	0.286888	0.290479	0.291140	0.290958	0.290844	0.291022	0.291490	0.292191	0.293063	0.294052	0.295114	0.296217	0.297336	0.298454	0.299561	0.300647	0.301709	0.302744	1.000000	0.551196	
2981	0.283740	0.288836	0.278841	0.279037	0.284271	0.288398	0.289627	0.289822	0.289936	0.290249	0.290798	0.291549	0.292453	0.293463	0.294540	0.295654	0.296782	0.297907	0.299020	0.300113	0.301181	0.302223	1.000000	0.542330	
2982	0.276489	0.282956	0.275901	0.280801	0.283114	0.287017	0.288524	0.288963	0.289233	0.289639	0.290242	0.291025	0.291946	0.292966	0.294049	0.295167	0.296297	0.297426	0.298541	0.299636	0.300708	0.301752	1.000000	0.654097	
2983	0.281977	0.282956	0.271786	0.272374	0.279534	0.284355	0.286505	0.287383	0.287936	0.288525	0.289250	0.290115	0.291095	0.292159	0.293275	0.294419	0.295572	0.296720	0.297852	0.298963	0.300049	0.301106	1.000000	0.546873	
2984	0.274529	0.289620	0.274529	0.287660	0.282243	0.284956	0.286649	0.287409	0.287915	0.288469	0.289161	0.289995	0.290946	0.291982	0.293075	0.294198	0.295333	0.296465	0.297584	0.298684	0.299760	0.300811	1.000000	0.614615	
2985	0.288836	0.297459	0.288052	0.292951	0.285812	0.286409	0.287437	0.287937	0.288303	0.288759	0.289372	0.290139	0.291033	0.292020	0.293070	0.294157	0.295260	0.296366	0.297462	0.298543	0.299602	0.300638	1.000000	0.609777	
2986	0.293931	0.295107	0.282172	0.284524	0.285383	0.286067	0.287073	0.287612	0.288012	0.288485	0.289103	0.289865	0.290750	0.291726	0.292765	0.293841	0.294935	0.296032	0.297122	0.298196	0.299251	0.300284	1.000000	0.547525	
2987	0.283544	0.286288	0.275509	0.283936	0.284901	0.285679	0.286681	0.287262	0.287698	0.288192	0.288816	0.289576	0.290454	0.291421	0.292450	0.293516	0.294602	0.295691	0.296775	0.297844	0.298895	0.299925	1.000000	0.633514	
2988	0.278841	0.281389	0.267474	0.269630	0.279810	0.282761	0.284550	0.285583	0.286308	0.286994	0.287750	0.288603	0.289548	0.290566	0.291635	0.292733	0.293845	0.294957	0.296060	0.297148	0.298215	0.299259	1.000000	0.548933	
2989	0.274333	0.279821	0.273549	0.278841	0.279487	0.282048	0.283836	0.284941	0.285734	0.286468	0.287255	0.288127	0.289083	0.290107	0.291178	0.292278	0.293390	0.294503	0.295607	0.296696	0.297764	0.298810	1.000000	0.455063	
2990	0.273745	0.276881	0.264731	0.268454	0.275810	0.279577	0.281913	0.283371	0.284405	0.285306	0.286210	0.287167	0.288186	0.289257	0.290366	0.291497	0.292635	0.293770	0.294893	0.295998	0.297083	0.298143	1.000000	0.569354	
2991	0.271394	0.283544	0.267474	0.281193	0.277604	0.279871	0.281823	0.283163	0.284158	0.285041	0.285931	0.286876	0.287882	0.288941	0.290039	0.291159	0.292288	0.293415	0.294532	0.295633	0.296713	0.297770	1.000000	0.556259	
2992	0.287660	0.294127	0.283740	0.292363	0.282524	0.282142	0.283141	0.284039	0.284789	0.285513	0.286289	0.287144	0.288077	0.289075	0.290122	0.291198	0.292290	0.293386	0.294475	0.295552	0.296612	0.297652	1.000000	0.583910	
2993	0.291971	0.300202	0.288052	0.300202	0.288417	0.285426	0.285273	0.285579	0.285975	0.286461	0.287062	0.287781	0.288604	0.289512	0.290482	0.291493	0.292530	0.293578	0.294626	0.295667	0.296695	0.297708	1.000000	0.575756	
2994	0.298634	0.314509	0.297655	0.306670	0.294501	0.289288	0.287948	0.287587	0.287566	0.287765	0.288151	0.288702	0.289389	0.290185	0.291060	0.291991	0.292958	0.293946	0.294943	0.295939	0.296927	0.297905	1.000000	0.674309	
2995	0.305494	0.317252	0.304514	0.312941	0.300648	0.293589	0.291072	0.290002	0.289518	0.289389	0.289528	0.289884	0.290413	0.291077	0.291841	0.292678	0.293564	0.294481	0.295416	0.296358	0.297300	0.298235	0.000000	0.546586	
2996	0.313529	0.317840	0.307062	0.307649	0.302982	0.296145	0.293144	0.291683	0.290913	0.290567	0.290535	0.290751	0.291163	0.291727	0.292406	0.293169	0.293991	0.294852	0.295738	0.296637	0.297540	0.298442	0.000000	0.546808	
2997	0.323915	0.335282	0.322740	0.332147	0.312703	0.302691	0.298019	0.295536	0.294085	0.293250	0.292847	0.292770	0.292945	0.293312	0.293825	0.294447	0.295147	0.295903	0.296696	0.297514	0.298345	0.299183	0.000000	0.669344	
2998	0.324359	0.333345	0.320165	0.333145	0.319517	0.308228	0.302410	0.299118	0.297090	0.295823	0.295086	0.294740	0.294693	0.294874	0.295229	0.295716	0.296299	0.296952	0.297656	0.298394	0.299154	0.299929	0.000000	0.565816	
2999	0.328352	0.343928	0.328352	0.336340	0.325125	0.313339	0.306651	0.302663	0.300109	0.298437	0.297378	0.296769	0.296503	0.296500	0.296698	0.297047	0.297512	0.298062	0.298674	0.299331	0.300019	0.300729	0.000000	0.578477	
3000	0.341133	0.344528	0.329151	0.330749	0.326999	0.316505	0.309664	0.305338	0.302466	0.300522	0.299231	0.298427	0.297992	0.297843	0.297914	0.298152	0.298519	0.298982	0.299518	0.300106	0.300734	0.301389	0.000000	0.628614	
3001	0.331547	0.338736	0.327753	0.337938	0.330645	0.320402	0.313198	0.308443	0.305194	0.302936	0.301382	0.300354	0.299729	0.299416	0.299343	0.299457	0.299714	0.300080	0.300529	0.301040	0.301599	0.302192	0.000000	0.681081	
3002	0.339335	0.346125	0.336939	0.343729	0.335007	0.324643	0.317014	0.311803	0.308158	0.305568	0.303734	0.302470	0.301642	0.301153	0.300928	0.300908	0.301047	0.301309	0.301666	0.302095	0.302579	0.303105	0.000000	0.649337	
3003	0.346325	0.347723	0.335741	0.337139	0.335717	0.326915	0.319530	0.314216	0.310388	0.307605	0.305590	0.304161	0.303185	0.302565	0.302222	0.302096	0.302141	0.302318	0.302599	0.302960	0.303383	0.303853	0.000000	0.597342	
3004	0.336340	0.341732	0.333145	0.337339	0.336258	0.328810	0.321756	0.316418	0.312461	0.309523	0.307354	0.305779	0.304670	0.303928	0.303476	0.303252	0.303208	0.303305	0.303513	0.303809	0.304172	0.304589	0.000000	0.641779	
3005	0.334543	0.339136	0.325557	0.330549	0.334355	0.329126	0.322855	0.317764	0.313852	0.310879	0.308643	0.306988	0.305795	0.304972	0.304443	0.304147	0.304036	0.304072	0.304225	0.304469	0.304786	0.305160	0.000000	0.537796	
3006	0.327554	0.328352	0.318967	0.321163	0.329958	0.327678	0.322644	0.318088	0.314415	0.311543	0.309338	0.307679	0.306464	0.305607	0.305040	0.304705	0.304555	0.304554	0.304671	0.304881	0.305167	0.305511	0.000000	0.662870	
3007	0.321962	0.324958	0.316371	0.322362	0.327426	0.326712	0.322608	0.318495	0.315026	0.312241	0.310062	0.308395	0.307155	0.306264	0.305658	0.305284	0.305095	0.305055	0.305136	0.305313	0.305566	0.305882	0.000000	0.639426	
3008	0.321363	0.324159	0.317968	0.322761	0.325871	0.325993	0.322627	0.318901	0.315621	0.312920	0.310767	0.309096	0.307833	0.306911	0.306269	0.305857	0.305630	0.305554	0.305600	0.305744	0.305966	0.306253	0.000000	0.593040	
3009	0.321763	0.332945	0.320564	0.326355	0.326032	0.326059	0.323093	0.319611	0.316447	0.313786	0.311633	0.309938	0.308639	0.307674	0.306987	0.306529	0.306258	0.306140	0.306146	0.306253	0.306440	0.306695	0.000000	0.566227	
3010	0.329551	0.332346	0.327154	0.329151	0.327072	0.326621	0.323851	0.320520	0.317424	0.314778	0.312606	0.310875	0.309531	0.308516	0.307778	0.307270	0.306952	0.306788	0.306751	0.306818	0.306969	0.307188	0.000000	0.627025	
3011	0.329551	0.336340	0.322561	0.335342	0.329829	0.328207	0.325287	0.321931	0.318802	0.316104	0.313870	0.312069	0.310653	0.309568	0.308763	0.308191	0.307812	0.307593	0.307504	0.307522	0.307628	0.307807	0.000000	0.593126	
3012	0.335142	0.338936	0.330948	0.336340	0.331999	0.329686	0.326669	0.323304	0.320151	0.317410	0.315118	0.313253	0.311770	0.310618	0.309748	0.309114	0.308677	0.308402	0.308263	0.308234	0.308296	0.308434	0.000000	0.626721	
3013	0.336739	0.339336	0.324958	0.329750	0.331249	0.329697	0.327054	0.323918	0.320890	0.318206	0.315931	0.314057	0.312551	0.311368	0.310462	0.309790	0.309315	0.309004	0.308828	0.308765	0.308795	0.308903	0.000000	0.552876	
3014	0.322362	0.328552	0.320964	0.328552	0.330350	0.329489	0.327241	0.324359	0.321479	0.318874	0.316632	0.314765	0.313247	0.312042	0.311108	0.310405	0.309898	0.309554	0.309347	0.309254	0.309255	0.309334	0.000000	0.635239	
3015	0.329151	0.334543	0.327154	0.333145	0.331282	0.330154	0.327979	0.325196	0.322376	0.319794	0.317549	0.315661	0.314112	0.312870	0.311895	0.311151	0.310603	0.310219	0.309973	0.309844	0.309810	0.309858	0.000000	0.586555	
3016	0.331547	0.334343	0.329750	0.329950	0.330838	0.330117	0.328225	0.325648	0.322959	0.320450	0.318238	0.316358	0.314801	0.313539	0.312540	0.311767	0.311189	0.310775	0.310499	0.310340	0.310279	0.310299	0.000000	0.632675	
3017	0.334543	0.338137	0.331547	0.332147	0.331274	0.330486	0.328716	0.326267	0.323666	0.321204	0.319011	0.317128	0.315555	0.314269	0.313240	0.312436	0.311824	0.311377	0.311069	0.310878	0.310787	0.310779	0.000000	0.686978	
3018	0.329750	0.332746	0.327354	0.328352	0.330300	0.330098	0.328670	0.326466	0.324026	0.321665	0.319530	0.317676	0.316111	0.314821	0.313780	0.312957	0.312325	0.311855	0.311524	0.311310	0.311196	0.311166	0.000000	0.543702	
3019	0.328752	0.338537	0.327354	0.332546	0.331049	0.330543	0.329155	0.327045	0.324682	0.322367	0.320253	0.318401	0.316826	0.315516	0.314450	0.313600	0.312938	0.312438	0.312077	0.311834	0.311692	0.311636	0.000000	0.544672	
3020	0.333544	0.340134	0.330150	0.337139	0.333079	0.331742	0.330153	0.328006	0.325640	0.323320	0.321191	0.319315	0.317709	0.316364	0.315260	0.314371	0.313671	0.313134	0.312736	0.312459	0.312284	0.312196	0.000000	0.529275	
3021	0.340534	0.340733	0.330549	0.332746	0.332968	0.331925	0.330477	0.328458	0.326187	0.323928	0.321833	0.319970	0.318363	0.317007	0.315885	0.314974	0.314249	0.313686	0.313263	0.312960	0.312760	0.312648	0.000000	0.611690	
3022	0.331348	0.333944	0.317769	0.319766	0.328567	0.329714	0.329138	0.327630	0.325693	0.323660	0.321718	0.319960	0.318424	0.317115	0.316023	0.315131	0.314416	0.313857	0.313434	0.313128	0.312923	0.312804	0.000000	0.496657	
3023	0.320564	0.322362	0.312976	0.320564	0.325899	0.328050	0.328066	0.326957	0.325298	0.323460	0.321654	0.319990	0.318517	0.317250	0.316186	0.315309	0.314602	0.314046	0.313622	0.313312	0.313100	0.312975	0.000000	0.531872	
3024	0.310380	0.316770	0.305787	0.308183	0.319994	0.324438	0.325581	0.325169	0.323982	0.322475	0.320906	0.319414	0.318068	0.316895	0.315900	0.315075	0.314408	0.313881	0.313479	0.313185	0.312986	0.312869	0.000000	0.616012	
3025	0.308183	0.313775	0.307984	0.308982	0.316323	0.321628	0.323506	0.323627	0.322828	0.321604	0.320243	0.318905	0.317673	0.316584	0.315653	0.314876	0.314244	0.313743	0.313360	0.313081	0.312893	0.312784	0.000000	0.488298	
3026	0.304389	0.307185	0.296002	0.301993	0.311547	0.318058	0.320817	0.321567	0.321225	0.320339	0.319229	0.318080	0.316991	0.316012	0.315165	0.314453	0.313872	0.313412	0.313061	0.312807	0.312639	0.312547	0.000000	0.479969	
3027	0.304789	0.307385	0.292607	0.293806	0.305633	0.313648	0.317440	0.318923	0.319116	0.318627	0.317817	0.316896	0.315983	0.315141	0.314402	0.313776	0.313264	0.312860	0.312554	0.312338	0.312201	0.312135	0.000000	0.506070	
3028	0.293406	0.311778	0.290211	0.307385	0.306217	0.312510	0.316183	0.317824	0.318214	0.317902	0.317237	0.316432	0.315609	0.314837	0.314151	0.313567	0.313086	0.312706	0.312418	0.312216	0.312089	0.312030	0.000000	0.542145	
3029	0.304389	0.308583	0.291409	0.298398	0.303611	0.309944	0.313960	0.315974	0.316689	0.316643	0.316191	0.315552	0.314861	0.314192	0.313589	0.313069	0.312641	0.312303	0.312049	0.311875	0.311771	0.311731	0.000000	0.618056	
3030	0.300395	0.301993	0.290610	0.293206	0.300143	0.306901	0.311366	0.313806	0.314883	0.315131	0.314914	0.314462	0.313919	0.313369	0.312861	0.312418	0.312052	0.311765	0.311554	0.311414	0.311339	0.311324	0.000000	0.632466	
3031	0.290411	0.293007	0.283821	0.288014	0.296100	0.303467	0.308447	0.311349	0.312816	0.313382	0.313419	0.313172	0.312793	0.312375	0.311974	0.311618	0.311324	0.311096	0.310934	0.310836	0.310797	0.310811	0.000000	0.568214	
3032	0.289213	0.290411	0.274435	0.275434	0.289211	0.298370	0.304320	0.307929	0.309941	0.310934	0.311309	0.311331	0.311169	0.310926	0.310669	0.310432	0.310236	0.310091	0.310000	0.309962	0.309974	0.310034	0.000000	0.602860	
3033	0.269443	0.276832	0.261455	0.269243	0.282555	0.293074	0.299936	0.304245	0.306810	0.308244	0.308972	0.309278	0.309346	0.309292	0.309189	0.309081	0.308994	0.308940	0.308927	0.308956	0.309027	0.309137	0.000000	0.527832	
3034	0.270042	0.270042	0.259458	0.259658	0.274923	0.286999	0.294901	0.299998	0.303183	0.305109	0.306232	0.306858	0.307185	0.307345	0.307420	0.307461	0.307499	0.307552	0.307631	0.307739	0.307879	0.308050	1.000000	0.656233	
3035	0.250872	0.256463	0.242884	0.249673	0.266506	0.280212	0.289248	0.295205	0.299067	0.301533	0.303090	0.304068	0.304685	0.305084	0.305358	0.305566	0.305747	0.305922	0.306106	0.306306	0.306525	0.306767	1.000000	0.498185	
3036	0.253468	0.259259	0.248875	0.253468	0.262160	0.275349	0.284775	0.291230	0.295559	0.298432	0.300333	0.301600	0.302458	0.303060	0.303504	0.303858	0.304162	0.304444	0.304720	0.305001	0.305292	0.305596	1.000000	0.557622	
3037	0.254266	0.260257	0.253068	0.254466	0.259595	0.271552	0.280986	0.287729	0.292398	0.295595	0.297785	0.299301	0.300371	0.301154	0.301753	0.302239	0.302656	0.303036	0.303398	0.303753	0.304110	0.304472	1.000000	0.584688	
3038	0.255864	0.263452	0.254865	0.259059	0.259417	0.269281	0.278246	0.284998	0.289834	0.293238	0.295634	0.297338	0.298575	0.299503	0.300228	0.300823	0.301335	0.301798	0.302231	0.302650	0.303062	0.303474	1.000000	0.616750	
3039	0.258460	0.258460	0.250272	0.254865	0.257900	0.266660	0.275323	0.282129	0.287144	0.290762	0.293369	0.295266	0.296675	0.297753	0.298608	0.299316	0.299927	0.300476	0.300985	0.301470	0.301941	0.302405	1.000000	0.618464	
3040	0.258460	0.258460	0.250272	0.253867	0.256555	0.264334	0.272641	0.279437	0.284584	0.288382	0.291174	0.293246	0.294814	0.296032	0.297010	0.297826	0.298531	0.299163	0.299745	0.300294	0.300823	0.301339	1.000000	0.598988	
3041	0.252469	0.256463	0.233698	0.239289	0.250800	0.259780	0.268472	0.275613	0.281100	0.285215	0.288292	0.290614	0.292400	0.293806	0.294949	0.295907	0.296736	0.297476	0.298154	0.298788	0.299392	0.299975	1.000000	0.504403	
3042	0.236294	0.251071	0.234497	0.249474	0.250358	0.257906	0.266097	0.273124	0.278667	0.282909	0.286135	0.288607	0.290533	0.292068	0.293325	0.294384	0.295304	0.296124	0.296873	0.297570	0.298231	0.298865	1.000000	0.537429	
3043	0.253468	0.254865	0.249074	0.250672	0.250463	0.256591	0.264169	0.270986	0.276514	0.280829	0.284165	0.286757	0.288800	0.290445	0.291801	0.292951	0.293951	0.294844	0.295657	0.296412	0.297125	0.297806	1.000000	0.571248	
3044	0.247676	0.247876	0.230303	0.234497	0.245141	0.252574	0.260460	0.267511	0.273281	0.277840	0.281406	0.284208	0.286439	0.288251	0.289755	0.291035	0.292150	0.293144	0.294047	0.294884	0.295669	0.296414	1.000000	0.562616	
3045	0.235495	0.238491	0.230902	0.231501	0.240594	0.248743	0.256840	0.264081	0.270068	0.274850	0.278633	0.281637	0.284050	0.286025	0.287674	0.289083	0.290312	0.291407	0.292401	0.293319	0.294176	0.294988	1.000000	0.497488	
3046	0.235096	0.240288	0.232700	0.236494	0.239227	0.246515	0.254297	0.261454	0.267485	0.272376	0.276292	0.279435	0.281983	0.284083	0.285846	0.287358	0.288681	0.289860	0.290930	0.291916	0.292835	0.293702	1.000000	0.570874	
3047	0.241885	0.248076	0.236494	0.246678	0.241711	0.246545	0.253345	0.260047	0.265884	0.270718	0.274647	0.277837	0.280448	0.282616	0.284448	0.286025	0.287408	0.288644	0.289766	0.290799	0.291762	0.292669	1.000000	0.506555	
3048	0.244681	0.249873	0.236893	0.240088	0.241170	0.245371	0.251687	0.258146	0.263900	0.268742	0.272727	0.275995	0.278693	0.280948	0.282863	0.284519	0.285974	0.287276	0.288458	0.289546	0.290560	0.291513	1.000000	0.625348	
3049	0.240488	0.245280	0.238491	0.241486	0.241275	0.244665	0.250412	0.256559	0.262176	0.266983	0.270991	0.274312	0.277075	0.279401	0.281386	0.283108	0.284626	0.285986	0.287222	0.288360	0.289419	0.290414	1.000000	0.615274	
3050	0.244282	0.247477	0.240887	0.246478	0.243010	0.244994	0.249921	0.255599	0.260968	0.265660	0.269630	0.272954	0.275745	0.278109	0.280139	0.281907	0.283470	0.284873	0.286150	0.287326	0.288420	0.289448	1.000000	0.661864	
3051	0.249673	0.255465	0.248875	0.252669	0.246229	0.246390	0.250264	0.255320	0.260330	0.264822	0.268687	0.271965	0.274742	0.277112	0.279158	0.280948	0.282537	0.283966	0.285269	0.286470	0.287589	0.288640	1.000000	0.599116	
3052	0.251471	0.257262	0.249673	0.253468	0.248642	0.247677	0.250665	0.255144	0.259802	0.264090	0.267842	0.271062	0.273817	0.276185	0.278240	0.280047	0.281656	0.283107	0.284432	0.285655	0.286795	0.287867	1.000000	0.689237	
3053	0.252868	0.253468	0.248475	0.251071	0.249452	0.248294	0.250715	0.254756	0.259131	0.263250	0.266910	0.270087	0.272828	0.275200	0.277270	0.279097	0.280729	0.282205	0.283554	0.284801	0.285964	0.287058	1.000000	0.670527	
3054	0.250872	0.261256	0.249474	0.257461	0.252122	0.249961	0.251559	0.255013	0.259002	0.262876	0.266385	0.269471	0.272160	0.274504	0.276563	0.278388	0.280024	0.281508	0.282868	0.284126	0.285301	0.286407	1.000000	0.527655	
3055	0.259658	0.264650	0.259059	0.259658	0.254634	0.251724	0.252571	0.255456	0.259053	0.262669	0.266011	0.268993	0.271616	0.273922	0.275959	0.277774	0.279407	0.280892	0.282257	0.283522	0.284705	0.285820	1.000000	0.668971	
3056	0.258859	0.262454	0.254466	0.259259	0.256175	0.253094	0.253407	0.255818	0.259068	0.262449	0.265636	0.268518	0.271079	0.273347	0.275362	0.277167	0.278796	0.280283	0.281652	0.282923	0.284113	0.285236	1.000000	0.645038	
3057	0.256263	0.269044	0.255664	0.268245	0.260199	0.255849	0.255262	0.257001	0.259774	0.262823	0.265781	0.268504	0.270956	0.273147	0.275108	0.276874	0.278477	0.279944	0.281299	0.282560	0.283744	0.284862	1.000000	0.681347	
3058	0.271240	0.272638	0.264051	0.265050	0.261816	0.257521	0.256485	0.257768	0.260180	0.262966	0.265741	0.268336	0.270699	0.272829	0.274749	0.276486	0.278070	0.279524	0.280871	0.282128	0.283309	0.284427	1.000000	0.696067	
3059	0.267047	0.267845	0.258660	0.260656	0.261429	0.258091	0.257007	0.258043	0.260217	0.262817	0.265458	0.267961	0.270262	0.272352	0.274246	0.275967	0.277542	0.278993	0.280339	0.281598	0.282783	0.283904	1.000000	0.677214	
3060	0.258060	0.261455	0.254865	0.257262	0.260040	0.257941	0.257039	0.257969	0.259989	0.262459	0.265003	0.267439	0.269697	0.271760	0.273639	0.275354	0.276927	0.278381	0.279732	0.280997	0.282189	0.283319	1.000000	0.659818	
3061	0.265449	0.272239	0.263452	0.270242	0.263441	0.260177	0.258689	0.259137	0.260778	0.262961	0.265294	0.267576	0.269721	0.271701	0.273518	0.275186	0.276725	0.278151	0.279482	0.280731	0.281911	0.283032	1.000000	0.637144	
3062	0.268844	0.272239	0.265249	0.267646	0.264842	0.261535	0.259809	0.259948	0.261306	0.263263	0.265424	0.267579	0.269630	0.271542	0.273308	0.274939	0.276450	0.277855	0.279171	0.280408	0.281580	0.282693	1.000000	0.563890	
3063	0.266847	0.268844	0.262254	0.264451	0.264712	0.262065	0.260389	0.260377	0.261548	0.263340	0.265370	0.267427	0.269405	0.271264	0.272992	0.274595	0.276086	0.277478	0.278783	0.280014	0.281181	0.282292	1.000000	0.551394	
3064	0.265050	0.265449	0.253468	0.257062	0.262162	0.261156	0.259973	0.260061	0.261203	0.262935	0.264909	0.266921	0.268869	0.270707	0.272423	0.274020	0.275510	0.276903	0.278212	0.279448	0.280620	0.281738	1.000000	0.525724	
3065	0.256862	0.260656	0.253468	0.256463	0.260262	0.260302	0.259534	0.259718	0.260839	0.262517	0.264440	0.266411	0.268329	0.270148	0.271853	0.273445	0.274932	0.276327	0.277639	0.278880	0.280058	0.281182	1.000000	0.619499	
3066	0.258460	0.268445	0.255465	0.264451	0.261658	0.261057	0.260149	0.260169	0.261116	0.262642	0.264440	0.266315	0.268161	0.269925	0.271588	0.273150	0.274615	0.275992	0.277292	0.278524	0.279695	0.280815	1.000000	0.669808	
3067	0.266248	0.273836	0.261855	0.273037	0.265451	0.263235	0.261760	0.261395	0.262033	0.263313	0.264918	0.266643	0.268373	0.270047	0.271640	0.273146	0.274567	0.275909	0.277180	0.278388	0.279541	0.280644	1.000000	0.603881	
3068	0.277431	0.284620	0.260856	0.263452	0.264785	0.263274	0.261971	0.261591	0.262143	0.263322	0.264836	0.266488	0.268159	0.269788	0.271348	0.272828	0.274230	0.275558	0.276819	0.278020	0.279167	0.280266	1.000000	0.613418	
3069	0.264451	0.264650	0.254865	0.258859	0.262810	0.262472	0.261582	0.261330	0.261890	0.263034	0.264504	0.266116	0.267754	0.269359	0.270902	0.272370	0.273764	0.275088	0.276346	0.277546	0.278694	0.279795	1.000000	0.681774	
3070	0.258660	0.271440	0.257262	0.270441	0.265354	0.263921	0.262690	0.262198	0.262548	0.263512	0.264834	0.266327	0.267871	0.269402	0.270885	0.272307	0.273664	0.274957	0.276191	0.277371	0.278502	0.279590	1.000000	0.674318	
3071	0.265449	0.290610	0.264850	0.288014	0.272907	0.268301	0.265855	0.264657	0.264507	0.265093	0.266122	0.267385	0.268747	0.270132	0.271497	0.272822	0.274099	0.275325	0.276502	0.277634	0.278724	0.279775	1.000000	0.640861	
3072	0.286617	0.292607	0.279827	0.287016	0.277610	0.271704	0.268500	0.266786	0.266238	0.266507	0.267283	0.268342	0.269541	0.270794	0.272051	0.273287	0.274490	0.275654	0.276779	0.277865	0.278916	0.279934	1.000000	0.557132	
3073	0.280426	0.292008	0.278629	0.288014	0.281078	0.274670	0.270940	0.268808	0.267913	0.267895	0.268435	0.269302	0.270344	0.271469	0.272621	0.273770	0.274900	0.276002	0.277074	0.278116	0.279128	0.280112	1.000000	0.609164	
3074	0.285618	0.288414	0.273637	0.274036	0.278731	0.274554	0.271327	0.269306	0.268384	0.268291	0.268746	0.269533	0.270505	0.271570	0.272672	0.273779	0.274874	0.275947	0.276995	0.278015	0.279010	0.279978	1.000000	0.596746	
3075	0.272838	0.287016	0.272239	0.278229	0.278564	0.275223	0.272190	0.270156	0.269142	0.268932	0.269273	0.269957	0.270841	0.271831	0.272870	0.273925	0.274975	0.276011	0.277027	0.278021	0.278991	0.279940	1.000000	0.733293	
3076	0.287415	0.298798	0.284021	0.296601	0.284576	0.279110	0.275241	0.272674	0.271254	0.270717	0.270791	0.271257	0.271961	0.272802	0.273718	0.274668	0.275631	0.276591	0.277542	0.278479	0.279401	0.280306	1.000000	0.647410	
3077	0.293806	0.303191	0.293806	0.302392	0.290515	0.283343	0.278635	0.275505	0.273649	0.272761	0.272546	0.272775	0.273284	0.273963	0.274742	0.275577	0.276442	0.277318	0.278196	0.279070	0.279936	0.280791	1.000000	0.605831	
3078	0.301394	0.305188	0.294804	0.295203	0.292078	0.285499	0.280706	0.277381	0.275307	0.274209	0.273805	0.273870	0.274237	0.274796	0.275473	0.276221	0.277010	0.277822	0.278644	0.279468	0.280291	0.281108	1.000000	0.642801	
3079	0.290411	0.292408	0.280426	0.280426	0.288194	0.284577	0.280671	0.277671	0.275701	0.274610	0.274173	0.274189	0.274506	0.275017	0.275650	0.276359	0.277114	0.277895	0.278691	0.279492	0.280294	0.281093	1.000000	0.628443	
3080	0.281624	0.286417	0.273237	0.274635	0.283674	0.282769	0.279916	0.277382	0.275619	0.274611	0.274199	0.274211	0.274512	0.275002	0.275613	0.276302	0.277039	0.277803	0.278584	0.279372	0.280162	0.280951	1.000000	0.620503	
3081	0.277830	0.281025	0.268445	0.269443	0.278930	0.280346	0.278607	0.276626	0.275144	0.274278	0.273934	0.273979	0.274291	0.274784	0.275393	0.276077	0.276808	0.277568	0.278343	0.279127	0.279913	0.280698	1.000000	0.574705	
3082	0.277830	0.281025	0.261855	0.271240	0.276367	0.278691	0.277686	0.276113	0.274844	0.274082	0.273785	0.273845	0.274159	0.274645	0.275245	0.275919	0.276640	0.277390	0.278156	0.278932	0.279711	0.280490	1.000000	0.575274	
3083	0.274435	0.276033	0.268644	0.269443	0.274059	0.277009	0.276656	0.275477	0.274428	0.273783	0.273544	0.273630	0.273954	0.274441	0.275038	0.275706	0.276422	0.277166	0.277927	0.278698	0.279472	0.280248	1.000000	0.623989	
3084	0.269243	0.274036	0.265050	0.267047	0.271722	0.275198	0.275455	0.274675	0.273860	0.273348	0.273183	0.273309	0.273653	0.274151	0.274752	0.275423	0.276138	0.276881	0.277641	0.278410	0.279183	0.279957	1.000000	0.593959	
3085	0.264051	0.270242	0.262653	0.268445	0.270629	0.273970	0.274579	0.274081	0.273444	0.273032	0.272919	0.273072	0.273427	0.273927	0.274527	0.275194	0.275904	0.276643	0.277399	0.278164	0.278934	0.279704	1.000000	0.729030	
3086	0.268644	0.287615	0.268245	0.282223	0.274494	0.275471	0.275534	0.274857	0.274119	0.273625	0.273436	0.273518	0.273809	0.274252	0.274802	0.275424	0.276096	0.276800	0.277526	0.278264	0.279010	0.279760	1.000000	0.580063	
3087	0.287415	0.291409	0.280626	0.286617	0.278535	0.277497	0.276919	0.275977	0.275080	0.274463	0.274169	0.274157	0.274366	0.274737	0.275224	0.275791	0.276415	0.277077	0.277765	0.278470	0.279187	0.279911	1.000000	0.651519	
3088	0.286816	0.295802	0.286816	0.294804	0.283958	0.280644	0.279155	0.277770	0.276598	0.275775	0.275315	0.275164	0.275255	0.275524	0.275923	0.276415	0.276972	0.277576	0.278213	0.278874	0.279550	0.280238	1.000000	0.557585	
3089	0.296402	0.302193	0.294804	0.298199	0.288705	0.283836	0.281535	0.279715	0.278259	0.277222	0.276586	0.276288	0.276252	0.276413	0.276719	0.277129	0.277615	0.278157	0.278739	0.279351	0.279984	0.280633	1.000000	0.683537	
3090	0.297200	0.302193	0.292807	0.296402	0.291270	0.286120	0.283394	0.281305	0.279655	0.278459	0.277687	0.277269	0.277128	0.277197	0.277422	0.277761	0.278184	0.278671	0.279204	0.279772	0.280366	0.280979	1.000000	0.573524	
3091	0.294804	0.299397	0.286417	0.288414	0.290318	0.286537	0.284021	0.281982	0.280329	0.279102	0.278283	0.277813	0.277619	0.277637	0.277814	0.278110	0.278494	0.278945	0.279446	0.279985	0.280553	0.281143	1.000000	0.621011	
3092	0.288414	0.296801	0.287415	0.294005	0.291547	0.287895	0.285269	0.283127	0.281381	0.280063	0.279157	0.278603	0.278331	0.278279	0.278392	0.278631	0.278964	0.279370	0.279830	0.280331	0.280866	0.281425	1.000000	0.562451	
3093	0.299996	0.305787	0.294804	0.300395	0.294497	0.290168	0.287160	0.284771	0.282843	0.281375	0.280336	0.279666	0.279291	0.279146	0.279178	0.279345	0.279614	0.279962	0.280371	0.280827	0.281320	0.281842	1.000000	0.682687	
3094	0.303191	0.303391	0.297400	0.301993	0.296995	0.292318	0.289014	0.286411	0.284316	0.282705	0.281540	0.280755	0.280278	0.280042	0.279993	0.280087	0.280292	0.280582	0.280940	0.281349	0.281801	0.282285	1.000000	0.660500	
3095	0.299597	0.311378	0.294604	0.309382	0.301124	0.295420	0.291560	0.288599	0.286244	0.284426	0.283086	0.282151	0.281543	0.281193	0.281043	0.281048	0.281174	0.281394	0.281688	0.282042	0.282442	0.282881	1.000000	0.622776	
3096	0.310580	0.317569	0.306586	0.314574	0.305607	0.298903	0.294437	0.291073	0.288424	0.286371	0.284836	0.283733	0.282979	0.282502	0.282240	0.282147	0.282186	0.282328	0.282554	0.282845	0.283189	0.283577	1.000000	0.644841	
3097	0.313176	0.314973	0.306985	0.310180	0.307132	0.300953	0.296405	0.292893	0.290097	0.287907	0.286244	0.285023	0.284162	0.283587	0.283238	0.283066	0.283034	0.283113	0.283281	0.283520	0.283817	0.284162	1.000000	0.595252	
3098	0.313176	0.315772	0.306985	0.314374	0.309546	0.303393	0.298651	0.294938	0.291965	0.289615	0.287806	0.286455	0.285476	0.284795	0.284350	0.284093	0.283984	0.283994	0.284099	0.284282	0.284528	0.284826	1.000000	0.556365	
3099	0.313176	0.315772	0.306386	0.306786	0.308626	0.304010	0.299668	0.296067	0.293105	0.290722	0.288861	0.287446	0.286402	0.285657	0.285151	0.284837	0.284675	0.284636	0.284696	0.284837	0.285045	0.285308	1.000000	0.595202	
3100	0.305987	0.309781	0.303790	0.307385	0.308212	0.304624	0.300632	0.297145	0.294203	0.291797	0.289890	0.288419	0.287314	0.286509	0.285945	0.285576	0.285363	0.285276	0.285293	0.285394	0.285565	0.285794	1.000000	0.588819	
3101	0.307784	0.307784	0.301793	0.303191	0.306538	0.304363	0.300952	0.297721	0.294895	0.292533	0.290629	0.289140	0.288005	0.287163	0.286561	0.286153	0.285903	0.285781	0.285764	0.285833	0.285975	0.286176	1.000000	0.638865	
3102	0.302792	0.307784	0.300196	0.300994	0.304690	0.303751	0.300957	0.298032	0.295364	0.293078	0.291205	0.289718	0.288569	0.287706	0.287077	0.286640	0.286360	0.286210	0.286165	0.286208	0.286324	0.286502	1.000000	0.615334	
3103	0.302792	0.312177	0.298199	0.298598	0.302660	0.302814	0.300663	0.298086	0.295613	0.293435	0.291616	0.290151	0.289005	0.288133	0.287488	0.287032	0.286731	0.286559	0.286492	0.286514	0.286610	0.286768	1.000000	0.537727	
3104	0.301993	0.305188	0.298798	0.304589	0.303303	0.303137	0.301153	0.298706	0.296303	0.294154	0.292336	0.290855	0.289683	0.288778	0.288099	0.287608	0.287272	0.287066	0.286968	0.286960	0.287028	0.287159	1.000000	0.717355	
3105	0.302991	0.308183	0.302193	0.306985	0.304530	0.303836	0.301882	0.299494	0.297125	0.294982	0.293150	0.291642	0.290435	0.289492	0.288773	0.288243	0.287870	0.287628	0.287495	0.287455	0.287492	0.287595	1.000000	0.576817	
3106	0.307385	0.307984	0.299996	0.302193	0.303751	0.303538	0.301921	0.299751	0.297515	0.295447	0.293652	0.292157	0.290946	0.289990	0.289253	0.288700	0.288304	0.288038	0.287882	0.287818	0.287834	0.287916	1.000000	0.524819	
3107	0.299197	0.304988	0.292807	0.304789	0.304097	0.303765	0.302280	0.300231	0.298074	0.296050	0.294271	0.292773	0.291548	0.290571	0.289808	0.289228	0.288803	0.288510	0.288327	0.288237	0.288228	0.288287	1.000000	0.583714	
3108	0.302792	0.307984	0.301394	0.303790	0.303995	0.303770	0.302468	0.300570	0.298514	0.296549	0.294800	0.293310	0.292081	0.291089	0.290307	0.289705	0.289257	0.288940	0.288734	0.288621	0.288590	0.288627	1.000000	0.566692	
3109	0.304589	0.306786	0.295403	0.297600	0.301863	0.302648	0.301860	0.300287	0.298444	0.296617	0.294956	0.293520	0.292320	0.291344	0.290567	0.289964	0.289510	0.289184	0.288967	0.288843	0.288799	0.288825	1.000000	0.622635	
3110	0.299397	0.300595	0.290810	0.292807	0.298844	0.300859	0.300728	0.299575	0.298010	0.296371	0.294836	0.293485	0.292342	0.291402	0.290647	0.290057	0.289610	0.289286	0.289068	0.288941	0.288893	0.288912	1.000000	0.608180	
3111	0.296601	0.298398	0.291609	0.294405	0.297364	0.299685	0.299938	0.299082	0.297733	0.296244	0.294812	0.293530	0.292431	0.291519	0.290782	0.290200	0.289755	0.289430	0.289208	0.289076	0.289021	0.289033	1.000000	0.649637	
3112	0.294405	0.297600	0.291210	0.293406	0.296045	0.298543	0.299121	0.298542	0.297400	0.296061	0.294734	0.293524	0.292474	0.291593	0.290875	0.290305	0.289866	0.289542	0.289319	0.289183	0.289123	0.289129	1.000000	0.658469	
3113	0.292607	0.297799	0.290211	0.296801	0.296297	0.298227	0.298831	0.298376	0.297354	0.296109	0.294849	0.293684	0.292662	0.291798	0.291087	0.290518	0.290076	0.289747	0.289516	0.289371	0.289301	0.289298	1.000000	0.606873	
3114	0.298199	0.300994	0.295004	0.299796	0.297463	0.298512	0.298952	0.298511	0.297542	0.296347	0.295124	0.293982	0.292972	0.292111	0.291398	0.290822	0.290371	0.290030	0.289786	0.289628	0.289545	0.289528	1.000000	0.657677	
3115	0.300795	0.304389	0.294604	0.298398	0.297775	0.298491	0.298883	0.298500	0.297608	0.296479	0.295306	0.294197	0.293208	0.292358	0.291648	0.291071	0.290614	0.290266	0.290013	0.289845	0.289751	0.289723	1.000000	0.590015	
3116	0.296801	0.301993	0.294604	0.295603	0.297051	0.297966	0.298473	0.298224	0.297453	0.296423	0.295322	0.294266	0.293312	0.292485	0.291789	0.291219	0.290765	0.290416	0.290160	0.289987	0.289887	0.289852	1.000000	0.558585	
3117	0.295802	0.299197	0.288014	0.290211	0.294771	0.296556	0.297440	0.297461	0.296896	0.296022	0.295038	0.294068	0.293177	0.292396	0.291733	0.291186	0.290748	0.290410	0.290161	0.289993	0.289895	0.289860	1.000000	0.658686	
3118	0.291210	0.310979	0.285618	0.308982	0.299508	0.298815	0.298883	0.298558	0.297826	0.296858	0.295813	0.294796	0.293864	0.293046	0.292349	0.291770	0.291301	0.290933	0.290657	0.290461	0.290339	0.290281	1.000000	0.500232	
3119	0.310580	0.312577	0.301594	0.302392	0.300469	0.299466	0.299321	0.298924	0.298177	0.297215	0.296178	0.295166	0.294235	0.293413	0.292708	0.292118	0.291637	0.291256	0.290966	0.290756	0.290619	0.290547	1.000000	0.516267	
3120	0.302392	0.308383	0.295603	0.297999	0.299646	0.299199	0.299156	0.298836	0.298163	0.297266	0.296280	0.295304	0.294399	0.293593	0.292897	0.292311	0.291830	0.291446	0.291151	0.290935	0.290791	0.290711	1.000000	0.601558	
3121	0.298598	0.302792	0.292208	0.296202	0.298498	0.298654	0.298787	0.298585	0.298013	0.297197	0.296275	0.295348	0.294477	0.293695	0.293015	0.292438	0.291962	0.291580	0.291284	0.291065	0.290917	0.290831	1.000000	0.517178	
3122	0.296002	0.305987	0.295403	0.301194	0.299397	0.299116	0.299088	0.298833	0.298257	0.297455	0.296549	0.295633	0.294769	0.293989	0.293307	0.292725	0.292242	0.291851	0.291544	0.291315	0.291156	0.291059	1.000000	0.610010	
3123	0.319766	0.329351	0.311578	0.329151	0.309315	0.304577	0.302846	0.301721	0.300634	0.299500	0.298360	0.297268	0.296264	0.295368	0.294587	0.293920	0.293361	0.292902	0.292534	0.292249	0.292039	0.291896	1.000000	0.610695	
3124	0.325557	0.330549	0.317968	0.325357	0.314662	0.308355	0.305660	0.303972	0.302536	0.301168	0.299860	0.298638	0.297529	0.296544	0.295686	0.294950	0.294330	0.293816	0.293398	0.293067	0.292814	0.292632	0.000000	0.560421	
3125	0.327953	0.333544	0.314574	0.330349	0.319891	0.312354	0.308746	0.306484	0.304675	0.303051	0.301553	0.300185	0.298956	0.297870	0.296924	0.296111	0.295422	0.294845	0.294370	0.293987	0.293687	0.293461	0.000000	0.583133	
3126	0.330549	0.342531	0.328352	0.337139	0.325640	0.316860	0.312295	0.309403	0.307172	0.305250	0.303530	0.301988	0.300616	0.299410	0.298360	0.297456	0.296686	0.296036	0.295496	0.295053	0.294697	0.294421	0.000000	0.544783	
3127	0.333744	0.338337	0.327753	0.328552	0.326611	0.318986	0.314327	0.311227	0.308817	0.306753	0.304921	0.303284	0.301831	0.300553	0.299438	0.298476	0.297651	0.296952	0.296366	0.295880	0.295485	0.295171	0.000000	0.584442	
3128	0.331148	0.336939	0.330349	0.335741	0.329654	0.322032	0.317004	0.313562	0.310888	0.308623	0.306633	0.304867	0.303305	0.301932	0.300735	0.299698	0.298806	0.298045	0.297402	0.296864	0.296421	0.296062	0.000000	0.590754	
3129	0.337139	0.339535	0.332346	0.336340	0.331883	0.324634	0.319421	0.315731	0.312846	0.310412	0.308283	0.306402	0.304741	0.303282	0.302007	0.300899	0.299943	0.299124	0.298426	0.297839	0.297349	0.296948	0.000000	0.585796	
3130	0.337139	0.339535	0.332945	0.339535	0.334434	0.327343	0.321935	0.317998	0.314899	0.312291	0.310019	0.308019	0.306254	0.304704	0.303347	0.302166	0.301143	0.300262	0.299508	0.298868	0.298330	0.297884	0.000000	0.509960	
3131	0.336739	0.343928	0.329551	0.331348	0.333405	0.328071	0.323112	0.319270	0.316164	0.313520	0.311204	0.309157	0.307345	0.305748	0.304347	0.303123	0.302058	0.301138	0.300346	0.299670	0.299098	0.298619	0.000000	0.625938	
3132	0.330349	0.332746	0.323360	0.324159	0.330323	0.327360	0.323243	0.319735	0.316779	0.314206	0.311924	0.309888	0.308076	0.306470	0.305054	0.303812	0.302728	0.301786	0.300973	0.300275	0.299681	0.299180	0.000000	0.473407	
3133	0.324558	0.333744	0.321363	0.333145	0.331264	0.328412	0.324480	0.321012	0.318038	0.315428	0.313103	0.311023	0.309166	0.307516	0.306058	0.304774	0.303650	0.302669	0.301819	0.301087	0.300459	0.299927	0.000000	0.554885	
3134	0.332546	0.336340	0.320365	0.322362	0.328296	0.327312	0.324216	0.321141	0.318371	0.315876	0.313617	0.311576	0.309740	0.308099	0.306640	0.305351	0.304217	0.303224	0.302360	0.301612	0.300969	0.300420	0.000000	0.613634	
3135	0.322362	0.331148	0.316371	0.330150	0.328914	0.327828	0.324957	0.321999	0.319277	0.316797	0.314536	0.312482	0.310627	0.308963	0.307480	0.306164	0.305002	0.303983	0.303091	0.302317	0.301647	0.301073	0.000000	0.524905	
3136	0.331348	0.341332	0.330549	0.340334	0.332721	0.330102	0.326879	0.323745	0.320896	0.318315	0.315969	0.313841	0.311919	0.310194	0.308653	0.307284	0.306073	0.305007	0.304071	0.303255	0.302547	0.301936	0.000000	0.586738	
3137	0.341332	0.360104	0.340534	0.360104	0.341848	0.335556	0.331032	0.327208	0.323912	0.321011	0.318421	0.316097	0.314014	0.312151	0.310490	0.309016	0.307710	0.306559	0.305546	0.304659	0.303885	0.303215	0.000000	0.502624	
3138	0.357308	0.358706	0.348521	0.353514	0.345737	0.338821	0.333843	0.329713	0.326189	0.323108	0.320371	0.317923	0.315731	0.313773	0.312027	0.310475	0.309098	0.307881	0.306808	0.305865	0.305040	0.304320	0.000000	0.612764	
3139	0.341332	0.353913	0.339136	0.349320	0.346931	0.340730	0.335777	0.331580	0.327969	0.324799	0.321979	0.319454	0.317192	0.315167	0.313359	0.311748	0.310317	0.309049	0.307927	0.306938	0.306069	0.305309	0.000000	0.650988	
3140	0.346325	0.355311	0.344128	0.344727	0.346197	0.341457	0.336896	0.332832	0.329258	0.326085	0.323243	0.320687	0.318389	0.316326	0.314479	0.312830	0.311360	0.310054	0.308895	0.307871	0.306968	0.306175	0.000000	0.582694	
3141	0.347922	0.350319	0.337538	0.338537	0.343643	0.340926	0.337101	0.333376	0.329972	0.326888	0.324092	0.321558	0.319265	0.317197	0.315338	0.313673	0.312183	0.310856	0.309675	0.308628	0.307703	0.306887	0.000000	0.607991	
3142	0.329351	0.332147	0.312976	0.312976	0.333421	0.335844	0.334085	0.331433	0.328664	0.325991	0.323475	0.321139	0.318991	0.317032	0.315254	0.313650	0.312207	0.310916	0.309762	0.308736	0.307825	0.307020	0.000000	0.537543	
3143	0.315572	0.318567	0.307584	0.310779	0.325874	0.331287	0.331172	0.329466	0.327288	0.325009	0.322769	0.320634	0.318634	0.316786	0.315094	0.313556	0.312164	0.310912	0.309789	0.308786	0.307894	0.307103	0.000000	0.648095	
3144	0.310380	0.315772	0.302392	0.304589	0.318779	0.326433	0.327849	0.327097	0.325542	0.323692	0.321759	0.319851	0.318024	0.316308	0.314719	0.313262	0.311935	0.310734	0.309652	0.308683	0.307817	0.307048	0.000000	0.494856	
3145	0.309182	0.319167	0.306786	0.313775	0.317111	0.324131	0.326090	0.325828	0.324637	0.323052	0.321316	0.319555	0.317839	0.316209	0.314685	0.313278	0.311990	0.310819	0.309761	0.308808	0.307956	0.307196	0.000000	0.548568	
3146	0.288614	0.292807	0.278429	0.278629	0.304283	0.315858	0.320157	0.321333	0.321098	0.320186	0.318944	0.317558	0.316134	0.314735	0.313398	0.312142	0.310979	0.309913	0.308941	0.308063	0.307274	0.306568	0.000000	0.469233	
3147	0.280426	0.289013	0.272438	0.281624	0.296730	0.309634	0.315341	0.317551	0.318062	0.317698	0.316871	0.315805	0.314634	0.313437	0.312263	0.311142	0.310090	0.309116	0.308223	0.307410	0.306677	0.306020	0.000000	0.553410	
3148	0.286617	0.286617	0.278829	0.280626	0.291362	0.304360	0.311001	0.314034	0.315182	0.315306	0.314857	0.314089	0.313155	0.312150	0.311133	0.310141	0.309197	0.308313	0.307496	0.306749	0.306071	0.305461	0.000000	0.490963	
3149	0.286617	0.288014	0.278829	0.284021	0.288915	0.300662	0.307629	0.311176	0.312785	0.313288	0.313144	0.312623	0.311888	0.311047	0.310165	0.309285	0.308434	0.307629	0.306879	0.306188	0.305558	0.304990	0.000000	0.562734	
3150	0.286018	0.287016	0.275034	0.276033	0.284621	0.296184	0.303679	0.307829	0.309958	0.310884	0.311082	0.310838	0.310329	0.309674	0.308946	0.308195	0.307452	0.306739	0.306067	0.305443	0.304872	0.304354	0.000000	0.434090	
3151	0.277830	0.280825	0.273836	0.280426	0.283223	0.293319	0.300773	0.305219	0.307686	0.308919	0.309379	0.309354	0.309029	0.308527	0.307927	0.307284	0.306633	0.305998	0.305392	0.304826	0.304303	0.303828	0.000000	0.509606	
3152	0.278629	0.280626	0.276632	0.277431	0.281292	0.290430	0.297855	0.302573	0.305359	0.306888	0.307604	0.307797	0.307655	0.307307	0.306838	0.306305	0.305748	0.305193	0.304656	0.304149	0.303678	0.303248	0.000000	0.621344	
3153	0.277031	0.278229	0.265848	0.267047	0.276544	0.286178	0.294004	0.299189	0.302412	0.304317	0.305351	0.305809	0.305890	0.305728	0.305417	0.305018	0.304576	0.304118	0.303667	0.303233	0.302826	0.302452	0.000000	0.487925	
3154	0.268445	0.271839	0.265249	0.268644	0.273910	0.282990	0.290834	0.296280	0.299814	0.302016	0.303312	0.303996	0.304271	0.304274	0.304104	0.303826	0.303487	0.303119	0.302745	0.302379	0.302032	0.301709	0.000000	0.543290	
3155	0.271240	0.276233	0.269643	0.275833	0.274551	0.281689	0.288959	0.294333	0.297970	0.300327	0.301785	0.302622	0.303034	0.303159	0.303094	0.302908	0.302649	0.302351	0.302037	0.301723	0.301422	0.301140	0.000000	0.505747	
3156	0.276432	0.281425	0.273037	0.278229	0.275777	0.281060	0.287618	0.292799	0.296451	0.298901	0.300477	0.301432	0.301956	0.302181	0.302206	0.302099	0.301909	0.301671	0.301410	0.301143	0.300883	0.300637	0.000000	0.545318	
3157	0.275633	0.278429	0.267446	0.267446	0.273000	0.278585	0.285096	0.290385	0.294220	0.296872	0.298642	0.299775	0.300455	0.300819	0.300964	0.300963	0.300864	0.300707	0.300516	0.300311	0.300105	0.299907	0.000000	0.557761	
3158	0.270441	0.274835	0.268045	0.268245	0.271415	0.276705	0.282990	0.288276	0.292222	0.295025	0.296953	0.298237	0.299055	0.299542	0.299796	0.299890	0.299876	0.299793	0.299667	0.299520	0.299364	0.299212	0.000000	0.670481	
3159	0.273836	0.277231	0.268844	0.276432	0.273088	0.276655	0.282170	0.287148	0.291007	0.293825	0.295813	0.297173	0.298071	0.298635	0.298961	0.299121	0.299166	0.299135	0.299056	0.298950	0.298831	0.298711	0.000000	0.495318	
3160	0.276432	0.277231	0.267446	0.269643	0.271939	0.275380	0.280604	0.285481	0.289364	0.292265	0.294359	0.295830	0.296835	0.297498	0.297914	0.298154	0.298271	0.298304	0.298282	0.298226	0.298152	0.298072	0.000000	0.610000	
3161	0.271839	0.274835	0.268844	0.272638	0.272172	0.274882	0.279608	0.284258	0.288077	0.290999	0.293152	0.294699	0.295783	0.296523	0.297012	0.297318	0.297494	0.297581	0.297607	0.297594	0.297559	0.297513	0.000000	0.583140	
3162	0.274435	0.275234	0.269243	0.269842	0.271396	0.273965	0.278388	0.282885	0.286675	0.289634	0.291857	0.293486	0.294655	0.295477	0.296041	0.296417	0.296656	0.296799	0.296876	0.296909	0.296914	0.296905	0.000000	0.616737	
3163	0.271440	0.271839	0.267845	0.270042	0.270944	0.273252	0.277344	0.281662	0.285395	0.288370	0.290645	0.292343	0.293585	0.294480	0.295113	0.295552	0.295850	0.296046	0.296170	0.296246	0.296289	0.296315	0.000000	0.670662	
3164	0.270441	0.276432	0.270441	0.273037	0.271642	0.273213	0.276806	0.280840	0.284445	0.287381	0.289667	0.291401	0.292692	0.293639	0.294324	0.294814	0.295158	0.295398	0.295561	0.295672	0.295749	0.295803	0.000000	0.622970	
3165	0.274435	0.275434	0.264451	0.266448	0.269911	0.271983	0.275511	0.279470	0.283060	0.286030	0.288377	0.290184	0.291551	0.292572	0.293329	0.293884	0.294288	0.294582	0.294795	0.294951	0.295067	0.295158	0.000000	0.698025	
3166	0.266248	0.267047	0.259658	0.261455	0.267092	0.270069	0.273754	0.277754	0.281398	0.284445	0.286881	0.288782	0.290242	0.291352	0.292190	0.292821	0.293294	0.293649	0.293918	0.294124	0.294286	0.294417	0.000000	0.593101	
3167	0.260457	0.264251	0.254666	0.263852	0.266012	0.268938	0.272516	0.276430	0.280048	0.283116	0.285602	0.287566	0.289095	0.290274	0.291178	0.291871	0.292401	0.292810	0.293127	0.293376	0.293578	0.293745	0.000000	0.646985	
3168	0.264451	0.268045	0.253867	0.254666	0.262230	0.266343	0.270285	0.274357	0.278096	0.281281	0.283883	0.285961	0.287598	0.288877	0.289874	0.290651	0.291258	0.291735	0.292114	0.292421	0.292673	0.292886	0.000000	0.526949	
3169	0.256862	0.259259	0.254266	0.255265	0.259908	0.264329	0.268408	0.272539	0.276340	0.279602	0.282293	0.284464	0.286192	0.287559	0.288638	0.289491	0.290167	0.290708	0.291145	0.291503	0.291803	0.292060	0.000000	0.620784	
3170	0.255265	0.257262	0.244481	0.245480	0.255099	0.260902	0.265542	0.269962	0.273966	0.277401	0.280248	0.282562	0.284422	0.285909	0.287097	0.288048	0.288813	0.289434	0.289943	0.290367	0.290726	0.291036	0.000000	0.622628	
3171	0.246678	0.257461	0.244681	0.250872	0.253690	0.259078	0.263708	0.268144	0.272189	0.275689	0.278616	0.281016	0.282963	0.284535	0.285803	0.286829	0.287663	0.288347	0.288915	0.289392	0.289799	0.290153	0.000000	0.646720	
3172	0.251670	0.253667	0.244282	0.246878	0.251419	0.256860	0.261604	0.266118	0.270242	0.273830	0.276853	0.279351	0.281394	0.283058	0.284413	0.285519	0.286427	0.287179	0.287809	0.288342	0.288801	0.289202	0.000000	0.578472	
3173	0.245680	0.248875	0.243882	0.245480	0.249439	0.254791	0.259589	0.264153	0.268338	0.272001	0.275110	0.277699	0.279833	0.281585	0.283022	0.284206	0.285186	0.286005	0.286695	0.287284	0.287793	0.288241	0.000000	0.568120	
3174	0.247277	0.254466	0.245280	0.252269	0.250383	0.254332	0.258674	0.263021	0.267102	0.270728	0.273841	0.276458	0.278634	0.280435	0.281924	0.283159	0.284189	0.285054	0.285789	0.286419	0.286967	0.287450	0.000000	0.612363	
3175	0.252269	0.255265	0.242884	0.243283	0.248016	0.252323	0.256750	0.261141	0.265269	0.268958	0.272143	0.274840	0.277097	0.278978	0.280544	0.281852	0.282949	0.283878	0.284670	0.285354	0.285951	0.286480	0.000000	0.607366	
3176	0.245879	0.246878	0.240488	0.241686	0.245906	0.250389	0.254867	0.259288	0.263455	0.267198	0.270451	0.273223	0.275558	0.277516	0.279156	0.280535	0.281699	0.282689	0.283539	0.284276	0.284922	0.285495	0.000000	0.505022	
3177	0.240488	0.243683	0.234297	0.235096	0.242303	0.247609	0.252395	0.256984	0.261274	0.265127	0.268487	0.271363	0.273799	0.275852	0.277583	0.279045	0.280287	0.281349	0.282264	0.283061	0.283763	0.284388	0.000000	0.677255	
3178	0.238291	0.238291	0.237692	0.238291	0.240965	0.245915	0.250632	0.255204	0.259506	0.263396	0.266810	0.269750	0.272255	0.274379	0.276179	0.277709	0.279014	0.280136	0.281107	0.281956	0.282705	0.283374	0.000000	0.617765	
3179	0.239888	0.249474	0.236893	0.248276	0.243402	0.246344	0.250338	0.254544	0.258642	0.262420	0.265780	0.268702	0.271212	0.273355	0.275183	0.276744	0.278083	0.279238	0.280243	0.281124	0.281905	0.282603	0.000000	0.605243	
3180	0.244881	0.249673	0.240687	0.240887	0.242564	0.245352	0.249156	0.253243	0.257276	0.261031	0.264397	0.267345	0.269894	0.272082	0.273958	0.275568	0.276956	0.278158	0.279207	0.280131	0.280951	0.281686	0.000000	0.628176	
3181	0.239090	0.240288	0.231102	0.233498	0.239542	0.243196	0.247199	0.251363	0.255447	0.259255	0.262680	0.265694	0.268311	0.270569	0.272513	0.274189	0.275639	0.276900	0.278004	0.278979	0.279847	0.280627	0.000000	0.598020	
3182	0.235695	0.237292	0.232300	0.233698	0.237594	0.241469	0.245512	0.249681	0.253774	0.257606	0.261070	0.264133	0.266806	0.269123	0.271127	0.272861	0.274368	0.275683	0.276838	0.277861	0.278774	0.279596	0.000000	0.677889	
3183	0.238690	0.240288	0.231901	0.232500	0.235896	0.239839	0.243885	0.248044	0.252138	0.255986	0.259483	0.262590	0.265315	0.267687	0.269747	0.271538	0.273099	0.274467	0.275672	0.276741	0.277698	0.278561	0.000000	0.636937	
3184	0.232700	0.234297	0.225511	0.227507	0.233100	0.237597	0.241838	0.246088	0.250243	0.254149	0.257707	0.260879	0.263671	0.266111	0.268239	0.270094	0.271717	0.273144	0.274404	0.275526	0.276531	0.277439	0.000000	0.578845	
3185	0.229105	0.233498	0.224113	0.225511	0.230570	0.235399	0.239797	0.244129	0.248340	0.252301	0.255918	0.259154	0.262012	0.264519	0.266713	0.268633	0.270317	0.271802	0.273118	0.274291	0.275344	0.276297	0.000000	0.611962	
3186	0.224312	0.232899	0.222515	0.225511	0.228884	0.233601	0.238011	0.242355	0.246584	0.250573	0.254229	0.257513	0.260425	0.262989	0.265241	0.267219	0.268959	0.270498	0.271865	0.273086	0.274185	0.275181	0.000000	0.554513	
3187	0.223314	0.224113	0.207538	0.208537	0.222101	0.229044	0.234327	0.239135	0.243658	0.247861	0.251690	0.255123	0.258169	0.260854	0.263216	0.265295	0.267128	0.268753	0.270198	0.271492	0.272659	0.273716	0.000000	0.580291	
3188	0.212331	0.215925	0.206939	0.213329	0.219177	0.226187	0.231702	0.236677	0.241325	0.245633	0.249559	0.253085	0.256219	0.258990	0.261434	0.263591	0.265498	0.267191	0.268702	0.270056	0.271279	0.272389	1.000000	0.617792	
3189	0.214527	0.217123	0.202746	0.208137	0.215497	0.222905	0.228757	0.233959	0.238772	0.243214	0.247258	0.250892	0.254129	0.256996	0.259531	0.261773	0.263760	0.265528	0.267108	0.268527	0.269810	0.270977	1.000000	0.548878	
3190	0.210334	0.218721	0.209136	0.215726	0.215573	0.221600	0.227128	0.232222	0.236999	0.241440	0.245506	0.249177	0.252459	0.255378	0.257966	0.260263	0.262304	0.264125	0.265756	0.267224	0.268553	0.269763	0.000000	0.576796	
3191	0.216924	0.222515	0.214727	0.220518	0.217222	0.221403	0.226301	0.231108	0.235731	0.240091	0.244118	0.247779	0.251070	0.254011	0.256629	0.258960	0.261038	0.262897	0.264565	0.266070	0.267436	0.268680	0.000000	0.660747	
3192	0.218721	0.225511	0.218122	0.223713	0.219386	0.221823	0.225978	0.230403	0.234807	0.239034	0.242984	0.246605	0.249881	0.252822	0.255453	0.257804	0.259907	0.261793	0.263490	0.265025	0.266419	0.267692	0.000000	0.515578	
3193	0.225710	0.232899	0.224312	0.230703	0.223158	0.223438	0.226569	0.230432	0.234491	0.238496	0.242302	0.245829	0.249047	0.251955	0.254569	0.256916	0.259022	0.260917	0.262627	0.264177	0.265588	0.266879	0.000000	0.601507	
3194	0.233099	0.233498	0.227108	0.230703	0.225673	0.224758	0.227085	0.230458	0.234200	0.237994	0.241657	0.245091	0.248249	0.251122	0.253717	0.256056	0.258164	0.260066	0.261787	0.263351	0.264777	0.266084	0.000000	0.641885	
3195	0.227108	0.228107	0.220319	0.223713	0.225020	0.224568	0.226664	0.229815	0.233393	0.237072	0.240661	0.244048	0.247183	0.250047	0.252645	0.254996	0.257120	0.259042	0.260785	0.262372	0.263822	0.265153	0.000000	0.696979	
3196	0.225710	0.225710	0.220918	0.223114	0.224385	0.224304	0.226220	0.229177	0.232602	0.236172	0.239686	0.243027	0.246136	0.248991	0.251591	0.253951	0.256090	0.258030	0.259794	0.261403	0.262875	0.264229	0.000000	0.637441	
3197	0.224512	0.225511	0.217723	0.220119	0.222963	0.223543	0.225457	0.228315	0.231642	0.235136	0.238599	0.241910	0.245005	0.247858	0.250467	0.252841	0.254999	0.256962	0.258750	0.260383	0.261881	0.263260	0.000000	0.415652	
3198	0.219919	0.223114	0.213729	0.213729	0.219885	0.221759	0.223991	0.226925	0.230264	0.233755	0.237217	0.240535	0.243645	0.246520	0.249155	0.251559	0.253749	0.255744	0.257565	0.259231	0.260761	0.262171	0.000000	0.636687	
3199	0.211931	0.215526	0.209136	0.215526	0.218432	0.220625	0.222933	0.225840	0.229130	0.232579	0.236012	0.239315	0.242423	0.245304	0.247954	0.250378	0.252591	0.254611	0.256459	0.258152	0.259709	0.261146	1.000000	0.610701	
3200	0.212730	0.218322	0.211133	0.214727	0.217197	0.219553	0.221907	0.224781	0.228022	0.231427	0.234830	0.238116	0.241218	0.244105	0.246767	0.249209	0.251443	0.253488	0.255361	0.257080	0.258663	0.260126	0.000000	0.632593	
3201	0.215526	0.217922	0.212930	0.214527	0.216307	0.218639	0.220985	0.223805	0.226984	0.230337	0.233702	0.236965	0.240058	0.242945	0.245616	0.248072	0.250325	0.252390	0.254286	0.256029	0.257637	0.259123	0.000000	0.585039	
3202	0.213729	0.222915	0.211732	0.221517	0.218044	0.219162	0.221051	0.223587	0.226564	0.229768	0.233025	0.236211	0.239252	0.242105	0.244755	0.247201	0.249452	0.251521	0.253424	0.255177	0.256797	0.258297	0.000000	0.505015	
3203	0.220518	0.224911	0.213729	0.215127	0.217071	0.218429	0.220311	0.222781	0.225684	0.228823	0.232030	0.235183	0.238203	0.241047	0.243697	0.246149	0.248411	0.250495	0.252416	0.254188	0.255827	0.257348	0.000000	0.607977	
3204	0.215526	0.216524	0.205142	0.205541	0.213228	0.216085	0.218465	0.221139	0.224135	0.227321	0.230559	0.233737	0.236783	0.239655	0.242334	0.244818	0.247112	0.249229	0.251182	0.252987	0.254658	0.256210	1.000000	0.636691	
3205	0.207938	0.213529	0.204543	0.212331	0.212929	0.215403	0.217698	0.220300	0.223227	0.226354	0.229546	0.232693	0.235720	0.238583	0.241263	0.243753	0.246058	0.248190	0.250160	0.251983	0.253674	0.255245	1.000000	0.601249	
3206	0.213529	0.214527	0.203145	0.203345	0.209734	0.213210	0.215904	0.218686	0.221697	0.224870	0.228090	0.231261	0.234312	0.237201	0.239908	0.242428	0.244764	0.246926	0.248928	0.250782	0.252503	0.254104	1.000000	0.595758	
3207	0.205541	0.206140	0.197154	0.197354	0.205607	0.210327	0.213585	0.216654	0.219825	0.223094	0.226383	0.229607	0.232705	0.235639	0.238389	0.240950	0.243327	0.245530	0.247571	0.249463	0.251221	0.252857	1.000000	0.634852	
3208	0.199950	0.205941	0.197753	0.200150	0.203788	0.208477	0.211906	0.215082	0.218311	0.221614	0.224925	0.228170	0.231290	0.234247	0.237023	0.239612	0.242019	0.244252	0.246323	0.248245	0.250033	0.251699	1.000000	0.635971	
3209	0.200150	0.203944	0.195756	0.197953	0.201843	0.206563	0.210161	0.213451	0.216745	0.220088	0.223427	0.226696	0.229840	0.232824	0.235627	0.238246	0.240684	0.242948	0.245050	0.247004	0.248822	0.250518	1.000000	0.599339	
3210	0.196954	0.198951	0.189566	0.191762	0.198483	0.203872	0.207862	0.211385	0.214823	0.218260	0.221668	0.224992	0.228185	0.231213	0.234061	0.236722	0.239201	0.241506	0.243648	0.245640	0.247495	0.249226	1.000000	0.599876	
3211	0.192761	0.194958	0.190764	0.193759	0.196908	0.202034	0.206099	0.209707	0.213203	0.216679	0.220117	0.223469	0.226688	0.229745	0.232622	0.235314	0.237824	0.240161	0.242335	0.244359	0.246245	0.248007	1.000000	0.575581	
3212	0.193759	0.200749	0.193160	0.197953	0.197257	0.201292	0.205081	0.208587	0.212030	0.215471	0.218886	0.222224	0.225439	0.228498	0.231383	0.234089	0.236616	0.238972	0.241167	0.243213	0.245122	0.246907	1.000000	0.523519	
3213	0.199351	0.201148	0.192162	0.192162	0.195558	0.199632	0.203466	0.207023	0.210502	0.213967	0.217401	0.220757	0.223992	0.227073	0.229983	0.232714	0.235269	0.237653	0.239877	0.241952	0.243890	0.245704	1.000000	0.554220	
3214	0.193160	0.193959	0.186970	0.187170	0.192762	0.197366	0.201429	0.205132	0.208707	0.212239	0.215722	0.219119	0.222391	0.225508	0.228454	0.231221	0.233811	0.236231	0.238490	0.240600	0.242571	0.244417	1.000000	0.614112	
3215	0.189166	0.190764	0.182577	0.182976	0.189500	0.194750	0.199122	0.203022	0.206728	0.210351	0.213903	0.217356	0.220677	0.223840	0.226829	0.229639	0.232271	0.234731	0.237029	0.239177	0.241185	0.243067	1.000000	0.613582	
3216	0.184374	0.192561	0.182976	0.190964	0.189988	0.194061	0.198102	0.201874	0.205515	0.209100	0.212628	0.216069	0.219385	0.222551	0.225548	0.228371	0.231019	0.233498	0.235817	0.237986	0.240018	0.241922	1.000000	0.684386	
3217	0.190564	0.202147	0.190165	0.198352	0.192776	0.194841	0.198134	0.201538	0.204964	0.208406	0.211835	0.215204	0.218471	0.221602	0.224577	0.227387	0.230029	0.232508	0.234831	0.237008	0.239049	0.240964	1.000000	0.543658	
3218	0.196156	0.212331	0.194758	0.211332	0.198961	0.197840	0.199783	0.202471	0.205454	0.208595	0.211807	0.215015	0.218160	0.221199	0.224104	0.226860	0.229463	0.231912	0.234213	0.236374	0.238404	0.240313	1.000000	0.629305	
3219	0.200549	0.214527	0.200549	0.211931	0.203285	0.200402	0.201302	0.203372	0.205952	0.208810	0.211814	0.214865	0.217890	0.220836	0.223669	0.226371	0.228931	0.231349	0.233626	0.235770	0.237788	0.239689	1.000000	0.687938	
3220	0.214927	0.220119	0.208936	0.219919	0.208830	0.203950	0.203629	0.204948	0.207027	0.209527	0.212264	0.215112	0.217978	0.220800	0.223535	0.226159	0.228658	0.231027	0.233266	0.235379	0.237373	0.239255	1.000000	0.602720	
3221	0.216724	0.223514	0.214128	0.221117	0.212925	0.207072	0.205815	0.206488	0.208110	0.210275	0.212756	0.215405	0.218114	0.220812	0.223449	0.225994	0.228430	0.230748	0.232946	0.235027	0.236995	0.238856	1.000000	0.689354	
3222	0.222515	0.225311	0.218521	0.219520	0.215124	0.209335	0.207528	0.207729	0.208988	0.210871	0.213132	0.215605	0.218175	0.220762	0.223309	0.225782	0.228160	0.230431	0.232593	0.234644	0.236588	0.238431	1.000000	0.571392	
3223	0.219320	0.243084	0.217922	0.242884	0.224377	0.215435	0.211948	0.211077	0.211595	0.212937	0.214785	0.216936	0.219250	0.221629	0.224008	0.226343	0.228606	0.230782	0.232863	0.234847	0.236735	0.238529	1.000000	0.659441	
3224	0.242884	0.246878	0.235495	0.244681	0.231145	0.220752	0.216039	0.214277	0.214141	0.214985	0.216446	0.218289	0.220355	0.222533	0.224746	0.226944	0.229093	0.231174	0.233174	0.235090	0.236920	0.238664	1.000000	0.596443	
3225	0.245680	0.247277	0.241486	0.247077	0.236456	0.225539	0.219919	0.217401	0.216674	0.217055	0.218147	0.219694	0.221517	0.223496	0.225544	0.227604	0.229638	0.231622	0.233540	0.235386	0.237156	0.238849	1.000000	0.638277	
3226	0.245879	0.248475	0.241087	0.247676	0.240196	0.229564	0.223389	0.220285	0.219059	0.219031	0.219788	0.221059	0.222655	0.224444	0.226334	0.228262	0.230185	0.232074	0.233912	0.235690	0.237400	0.239043	1.000000	0.684691	
3227	0.245680	0.263452	0.245480	0.242684	0.241025	0.231949	0.225801	0.222418	0.220876	0.220557	0.221060	0.222114	0.223525	0.225159	0.226918	0.228735	0.230563	0.232373	0.234143	0.235862	0.237523	0.239123	1.000000	0.607385	
3228	0.262640	0.265195	0.253910	0.259872	0.247308	0.237026	0.230060	0.225985	0.223876	0.223093	0.223216	0.223955	0.225106	0.226520	0.228095	0.229756	0.231452	0.233147	0.234820	0.236455	0.238043	0.239579	1.000000	0.662135	
3229	0.264556	0.266472	0.258807	0.260723	0.251779	0.241335	0.233893	0.229293	0.226710	0.225521	0.225300	0.225749	0.226654	0.227862	0.229260	0.230771	0.232339	0.233924	0.235502	0.237054	0.238571	0.240044	1.000000	0.651724	
3230	0.266260	0.282442	0.266260	0.282442	0.262000	0.248809	0.239961	0.234355	0.230997	0.229193	0.228474	0.228514	0.229080	0.230002	0.231160	0.232465	0.233857	0.235291	0.236737	0.238175	0.239591	0.240976	1.000000	0.665423	
3231	0.289682	0.295431	0.266685	0.272434	0.265478	0.253104	0.244020	0.237982	0.234185	0.231983	0.230917	0.230657	0.230965	0.231666	0.232634	0.233776	0.235026	0.236337	0.237677	0.239021	0.240355	0.241667	1.000000	0.670605	
3232	0.270731	0.271370	0.260298	0.269453	0.266803	0.256077	0.247200	0.240979	0.236898	0.234401	0.233058	0.232549	0.232638	0.233148	0.233949	0.234945	0.236069	0.237270	0.238513	0.239772	0.241031	0.242278	1.000000	0.675236	
3233	0.265408	0.273712	0.263066	0.265834	0.266480	0.257851	0.249529	0.243346	0.239124	0.236428	0.234879	0.234173	0.234082	0.234430	0.235088	0.235958	0.236971	0.238075	0.239232	0.240416	0.241608	0.242796	1.000000	0.662549	
3234	0.262640	0.276906	0.260085	0.276693	0.269884	0.261277	0.252924	0.246522	0.242014	0.239026	0.237202	0.236247	0.235934	0.236087	0.236573	0.237294	0.238175	0.239162	0.240218	0.241312	0.242424	0.243541	1.000000	0.678587	
3235	0.278609	0.280313	0.269028	0.271157	0.270309	0.263073	0.255203	0.248868	0.244255	0.241099	0.239088	0.237950	0.237466	0.237462	0.237809	0.238404	0.239174	0.240064	0.241032	0.242048	0.243092	0.244148	1.000000	0.621277	
3236	0.267537	0.274564	0.254123	0.258168	0.266262	0.262181	0.255574	0.249754	0.245326	0.242200	0.240148	0.238936	0.238366	0.238274	0.238536	0.239052	0.239750	0.240574	0.241483	0.242446	0.243443	0.244456	1.000000	0.692104	
3237	0.263917	0.267963	0.256465	0.267963	0.266829	0.263233	0.257123	0.251488	0.247067	0.243862	0.241693	0.240352	0.239653	0.239439	0.239587	0.240000	0.240605	0.241345	0.242180	0.243077	0.244013	0.244972	1.000000	0.659364	
3238	0.270518	0.285423	0.262853	0.280739	0.271465	0.266415	0.260075	0.254274	0.249657	0.246242	0.243862	0.242322	0.241439	0.241058	0.241056	0.241336	0.241821	0.242455	0.243194	0.244006	0.244867	0.245758	1.000000	0.739040	
3239	0.279248	0.286914	0.269241	0.271796	0.271576	0.267394	0.261540	0.255943	0.251360	0.247890	0.245414	0.243760	0.242759	0.242264	0.242154	0.242334	0.242729	0.243281	0.243947	0.244693	0.245493	0.246331	1.000000	0.608889	
3240	0.272009	0.274138	0.267324	0.273499	0.272217	0.268504	0.263035	0.257615	0.253063	0.249542	0.246975	0.245211	0.244095	0.243489	0.243274	0.243356	0.243662	0.244133	0.244725	0.245404	0.246145	0.246928	1.000000	0.605761	
3241	0.276906	0.279674	0.269879	0.275415	0.273283	0.269760	0.264582	0.259310	0.254782	0.251212	0.248555	0.246684	0.245457	0.244741	0.244422	0.244407	0.244624	0.245014	0.245532	0.246145	0.246825	0.247554	1.000000	0.676333	
3242	0.271583	0.273925	0.265195	0.273286	0.273284	0.270402	0.265670	0.260641	0.256206	0.252636	0.249929	0.247982	0.246667	0.245860	0.245452	0.245354	0.245492	0.245810	0.246263	0.246815	0.247441	0.248119	1.000000	0.674595	
3243	0.271583	0.284784	0.267750	0.284571	0.277047	0.272978	0.268033	0.262920	0.258388	0.254696	0.251853	0.249767	0.248315	0.247378	0.246850	0.246640	0.246677	0.246902	0.247271	0.247747	0.248304	0.248921	1.000000	0.667229	
3244	0.287127	0.296070	0.283507	0.287339	0.280478	0.275589	0.270446	0.265246	0.260615	0.256802	0.253825	0.251600	0.250012	0.248945	0.248296	0.247974	0.247909	0.248041	0.248325	0.248725	0.249212	0.249765	1.000000	0.592330	
3245	0.285423	0.288404	0.280952	0.284571	0.281842	0.277222	0.272212	0.267086	0.262458	0.258594	0.255533	0.253208	0.251514	0.250342	0.249591	0.249174	0.249020	0.249070	0.249279	0.249610	0.250034	0.250530	1.000000	0.663413	
3246	0.284358	0.309484	0.283507	0.308845	0.290843	0.282972	0.276791	0.271063	0.266026	0.261836	0.258495	0.255922	0.254007	0.252637	0.251707	0.251131	0.250833	0.250754	0.250847	0.251073	0.251402	0.251812	1.000000	0.623096	
3247	0.307781	0.310336	0.300541	0.306077	0.295921	0.287173	0.280452	0.274398	0.269107	0.264690	0.261138	0.258369	0.256271	0.254732	0.253649	0.252932	0.252507	0.252312	0.252300	0.252431	0.252674	0.253004	1.000000	0.652870	
3248	0.303096	0.325454	0.300541	0.320343	0.304062	0.293204	0.285438	0.278774	0.273048	0.268281	0.264427	0.261392	0.259057	0.257305	0.256031	0.255142	0.254562	0.254229	0.254091	0.254108	0.254247	0.254484	1.000000	0.662553	
3249	0.318214	0.333332	0.316724	0.327583	0.311902	0.299455	0.290706	0.283422	0.277243	0.272107	0.267936	0.264621	0.262036	0.260061	0.258587	0.257517	0.256775	0.256295	0.256025	0.255922	0.255953	0.256091	0.000000	0.692832	
3250	0.328009	0.332267	0.309910	0.312678	0.312161	0.301859	0.293453	0.286209	0.279969	0.274724	0.270422	0.266965	0.264238	0.262125	0.260518	0.259326	0.258469	0.257883	0.257516	0.257323	0.257272	0.257334	1.000000	0.638156	
3251	0.316298	0.320343	0.306716	0.308206	0.310843	0.303013	0.295297	0.288304	0.282141	0.276884	0.272521	0.268977	0.266150	0.263932	0.262222	0.260929	0.259976	0.259301	0.258850	0.258580	0.258457	0.258452	1.000000	0.559166	
3252	0.314168	0.317362	0.310336	0.315872	0.312519	0.305351	0.297869	0.290929	0.284736	0.279400	0.274929	0.271264	0.268311	0.265969	0.264138	0.262730	0.261670	0.260894	0.260350	0.259994	0.259792	0.259714	1.000000	0.640041	
3253	0.315233	0.323750	0.312252	0.314381	0.313140	0.306993	0.299933	0.293163	0.287016	0.281656	0.277121	0.273367	0.270314	0.267867	0.265932	0.264424	0.263268	0.262401	0.261772	0.261337	0.261061	0.260916	1.000000	0.637623	
3254	0.314381	0.322473	0.312039	0.321408	0.315896	0.309614	0.302617	0.295853	0.289662	0.284221	0.279581	0.275711	0.272536	0.269967	0.267913	0.266292	0.265029	0.264063	0.263341	0.262820	0.262465	0.262245	1.000000	0.615870	
3255	0.318853	0.320130	0.313743	0.315872	0.315888	0.310752	0.304274	0.297759	0.291678	0.286263	0.281597	0.277670	0.274420	0.271767	0.269626	0.267917	0.266570	0.265523	0.264724	0.264130	0.263707	0.263424	1.000000	0.728985	
3256	0.315233	0.323111	0.313317	0.315446	0.315741	0.311605	0.305671	0.299444	0.293506	0.288146	0.283478	0.279513	0.276204	0.273480	0.271263	0.269476	0.268051	0.266929	0.266059	0.265397	0.264910	0.264567	1.000000	0.622451	
3257	0.314807	0.316085	0.311400	0.313956	0.315146	0.312032	0.306706	0.300826	0.295079	0.289811	0.285171	0.281193	0.277845	0.275067	0.272787	0.270934	0.269442	0.268254	0.267319	0.266596	0.266051	0.265653	1.000000	0.642454	
3258	0.313104	0.323324	0.296070	0.300328	0.310206	0.309904	0.305909	0.300778	0.295483	0.290489	0.286013	0.282126	0.278823	0.276058	0.273771	0.271898	0.270378	0.269157	0.268188	0.267429	0.266848	0.266415	1.000000	0.591744	
3259	0.303735	0.311400	0.296070	0.303735	0.308049	0.308783	0.305637	0.301060	0.296118	0.291344	0.286998	0.283180	0.279906	0.277143	0.274841	0.272942	0.271389	0.270131	0.269123	0.268326	0.267706	0.267235	1.000000	0.602661	
3260	0.304800	0.310336	0.301180	0.308419	0.308173	0.308717	0.305985	0.301761	0.297064	0.292446	0.288188	0.284412	0.281146	0.278370	0.276040	0.274105	0.272511	0.271210	0.270157	0.269316	0.268652	0.268140	1.000000	0.573606	
3261	0.306290	0.311613	0.305651	0.308845	0.308397	0.308740	0.306343	0.302436	0.297970	0.293504	0.289335	0.285603	0.282350	0.279565	0.277212	0.275244	0.273612	0.272270	0.271175	0.270292	0.269587	0.269035	1.000000	0.649583	
3262	0.310975	0.313317	0.309058	0.312252	0.309682	0.309379	0.307081	0.303370	0.299069	0.294713	0.290609	0.286903	0.283650	0.280847	0.278463	0.276457	0.274783	0.273396	0.272256	0.271328	0.270579	0.269985	1.000000	0.646617	
3263	0.313743	0.315872	0.302670	0.304374	0.307913	0.308469	0.306743	0.303466	0.299477	0.295337	0.291373	0.287756	0.284551	0.281769	0.279389	0.277373	0.275680	0.274269	0.273101	0.272144	0.271365	0.270741	1.000000	0.622174	
3264	0.305651	0.310762	0.299476	0.308845	0.308223	0.308537	0.307006	0.303978	0.300198	0.296208	0.292344	0.288784	0.285607	0.282831	0.280441	0.278405	0.276685	0.275243	0.274042	0.273050	0.272237	0.271578	1.000000	0.597511	
3265	0.309910	0.310975	0.300115	0.300328	0.305592	0.307045	0.306171	0.303631	0.300208	0.296474	0.292788	0.289347	0.286247	0.283517	0.281151	0.279123	0.277401	0.275949	0.274734	0.273723	0.272890	0.272210	1.000000	0.603596	
3266	0.297773	0.299263	0.285849	0.287339	0.299508	0.303462	0.303817	0.302079	0.299218	0.295885	0.292485	0.289249	0.286295	0.283667	0.281372	0.279393	0.277702	0.276270	0.275066	0.274060	0.273226	0.272542	1.000000	0.690542	
3267	0.289682	0.291172	0.280739	0.284358	0.294458	0.299988	0.301385	0.300391	0.298075	0.295141	0.292033	0.289011	0.286211	0.283694	0.281479	0.279556	0.277904	0.276498	0.275310	0.274314	0.273485	0.272802	1.000000	0.605629	
3268	0.283933	0.293089	0.282655	0.291811	0.293576	0.298502	0.300188	0.299574	0.297593	0.294926	0.292021	0.289147	0.286454	0.284013	0.281848	0.279957	0.278325	0.276929	0.275744	0.274746	0.273911	0.273220	1.000000	0.620542	
3269	0.290746	0.292450	0.283720	0.285423	0.290858	0.296124	0.298342	0.298227	0.296657	0.294313	0.291655	0.288966	0.286409	0.284068	0.281975	0.280137	0.278541	0.277169	0.275999	0.275010	0.274179	0.273488	1.000000	0.521576	
3270	0.287765	0.290320	0.278822	0.279461	0.287059	0.293094	0.295982	0.296439	0.295334	0.293355	0.290977	0.288502	0.286107	0.283887	0.281886	0.280114	0.278568	0.277233	0.276090	0.275119	0.274302	0.273619	1.000000	0.533716	
3271	0.302032	0.308419	0.296282	0.308419	0.294179	0.295881	0.297537	0.297580	0.296341	0.294327	0.291946	0.289474	0.287077	0.284849	0.282833	0.281042	0.279473	0.278112	0.276941	0.275942	0.275095	0.274384	1.000000	0.621229	
3272	0.306077	0.320343	0.302032	0.316724	0.301694	0.299670	0.299935	0.299403	0.297908	0.295772	0.293323	0.290803	0.288366	0.286099	0.284044	0.282212	0.280602	0.279199	0.277988	0.276949	0.276063	0.275315	1.000000	0.673765	
3273	0.316085	0.329499	0.311187	0.329499	0.310962	0.305094	0.303631	0.302270	0.300339	0.297948	0.295332	0.292691	0.290155	0.287801	0.285667	0.283763	0.282084	0.280616	0.279343	0.278246	0.277306	0.276506	1.000000	0.713995	
3274	0.330138	0.335674	0.321621	0.333971	0.318632	0.310344	0.307423	0.305289	0.302926	0.300272	0.297479	0.294704	0.292060	0.289612	0.287392	0.285409	0.283656	0.282119	0.280781	0.279622	0.278624	0.277769	1.000000	0.709452	
3275	0.328648	0.338016	0.328222	0.336313	0.324526	0.315066	0.311034	0.308244	0.305494	0.302597	0.299636	0.296734	0.293984	0.291443	0.289139	0.287078	0.285252	0.283646	0.282242	0.281022	0.279965	0.279055	0.000000	0.625406	
3276	0.336526	0.339294	0.328860	0.330990	0.326680	0.317961	0.313529	0.310410	0.307455	0.304429	0.301378	0.298405	0.295593	0.292994	0.290634	0.288518	0.286638	0.284979	0.283525	0.282256	0.281152	0.280197	0.000000	0.581583	
3277	0.329073	0.329712	0.319492	0.322047	0.325136	0.318704	0.314594	0.311518	0.308578	0.305565	0.302527	0.299558	0.296743	0.294133	0.291756	0.289617	0.287711	0.286024	0.284539	0.283238	0.282103	0.281116	1.000000	0.531171	
3278	0.323963	0.337165	0.320556	0.336526	0.328933	0.321944	0.317335	0.313900	0.310727	0.307563	0.304415	0.301362	0.298473	0.295796	0.293355	0.291155	0.289190	0.287446	0.285907	0.284554	0.283369	0.282334	1.000000	0.664946	
3279	0.329073	0.336313	0.327583	0.330138	0.329334	0.323434	0.318936	0.315446	0.312221	0.309019	0.305844	0.302765	0.299849	0.297143	0.294668	0.292433	0.290431	0.288649	0.287071	0.285679	0.284456	0.283385	0.000000	0.602242	
3280	0.331203	0.331203	0.321621	0.321621	0.326763	0.323104	0.319271	0.316034	0.312944	0.309832	0.306721	0.303685	0.300796	0.298103	0.295631	0.293390	0.291376	0.289578	0.287980	0.286567	0.285321	0.284225	1.000000	0.525362	
3281	0.321408	0.334184	0.304374	0.307568	0.320365	0.320280	0.317808	0.315228	0.312530	0.309686	0.306768	0.303874	0.301090	0.298474	0.296057	0.293855	0.291867	0.290084	0.288496	0.287085	0.285838	0.284738	1.000000	0.661502	
3282	0.298199	0.310336	0.296708	0.300115	0.313615	0.316613	0.315597	0.313789	0.311575	0.309069	0.306398	0.303691	0.301048	0.298538	0.296202	0.294060	0.292116	0.290367	0.288801	0.287407	0.286170	0.285076	1.000000	0.546620	
3283	0.303948	0.306077	0.294153	0.300754	0.309328	0.313730	0.313741	0.312547	0.310743	0.308532	0.306085	0.303548	0.301035	0.298625	0.296365	0.294280	0.292378	0.290659	0.289116	0.287737	0.286509	0.285421	1.000000	0.648194	
3284	0.299263	0.302244	0.296070	0.298199	0.305618	0.310906	0.311798	0.311181	0.309778	0.307866	0.305647	0.303287	0.300912	0.298608	0.296430	0.294408	0.292555	0.290872	0.289355	0.287995	0.286781	0.285702	1.000000	0.644000	
3285	0.301606	0.305651	0.294792	0.300115	0.303784	0.308944	0.310338	0.310127	0.309035	0.307366	0.305339	0.303132	0.300877	0.298667	0.296562	0.294595	0.292784	0.291132	0.289638	0.288294	0.287091	0.286018	1.000000	0.564364	
3286	0.301393	0.303522	0.292237	0.297986	0.301851	0.306952	0.308794	0.308971	0.308185	0.306760	0.304931	0.302881	0.300752	0.298641	0.296613	0.294706	0.292941	0.291325	0.289858	0.288534	0.287345	0.286281	1.000000	0.568185	
3287	0.297986	0.300967	0.293301	0.296495	0.300066	0.305050	0.307257	0.307783	0.307285	0.306098	0.304462	0.302570	0.300566	0.298557	0.296609	0.294765	0.293049	0.291471	0.290032	0.288730	0.287557	0.286506	1.000000	0.525568	
3288	0.291811	0.305225	0.290746	0.305013	0.301715	0.305044	0.306976	0.307519	0.307111	0.306028	0.304493	0.302689	0.300760	0.298810	0.296909	0.295101	0.293412	0.291852	0.290427	0.289132	0.287963	0.286913	1.000000	0.574884	
3289	0.303096	0.305651	0.301393	0.304587	0.302672	0.304961	0.306678	0.307239	0.306916	0.305935	0.304498	0.302781	0.300926	0.299036	0.297183	0.295412	0.293750	0.292211	0.290799	0.289514	0.288350	0.287301	1.000000	0.655970	
3290	0.302670	0.303309	0.296921	0.300754	0.302033	0.304196	0.305937	0.306622	0.306442	0.305601	0.304290	0.302682	0.300919	0.299104	0.297310	0.295587	0.293962	0.292452	0.291061	0.289791	0.288638	0.287597	1.000000	0.553419	
3291	0.301606	0.302883	0.297560	0.300967	0.301677	0.303609	0.305316	0.306083	0.306021	0.305302	0.304105	0.302599	0.300921	0.299177	0.297441	0.295764	0.294175	0.292692	0.291322	0.290067	0.288925	0.287891	1.000000	0.548189	
3292	0.310549	0.318853	0.307142	0.317575	0.306977	0.306148	0.306848	0.307178	0.306910	0.306094	0.304854	0.303329	0.301645	0.299898	0.298160	0.296479	0.294884	0.293393	0.292013	0.290746	0.289591	0.288543	1.000000	0.453967	
3293	0.316724	0.322047	0.310975	0.320343	0.311432	0.308729	0.308535	0.308432	0.307943	0.307013	0.305714	0.304159	0.302458	0.300700	0.298952	0.297261	0.295655	0.294152	0.292758	0.291477	0.290307	0.289242	1.000000	0.661800	
3294	0.325454	0.340359	0.324176	0.338655	0.320507	0.314170	0.312300	0.311310	0.310306	0.309055	0.307544	0.305842	0.304032	0.302188	0.300370	0.298618	0.296958	0.295405	0.293966	0.292642	0.291431	0.290328	1.000000	0.597824	
3295	0.338655	0.344404	0.332906	0.342062	0.327692	0.319241	0.316020	0.314239	0.312749	0.311184	0.309462	0.307609	0.305685	0.303752	0.301859	0.300043	0.298325	0.296720	0.295232	0.293862	0.292608	0.291465	1.000000	0.566784	
3296	0.343978	0.344830	0.338229	0.343127	0.332837	0.323584	0.319409	0.316990	0.315085	0.313245	0.311332	0.309341	0.307313	0.305296	0.303333	0.301455	0.299683	0.298027	0.296492	0.295079	0.293783	0.292600	1.000000	0.607905	
3297	0.340785	0.356115	0.339081	0.348450	0.338041	0.328105	0.323039	0.319986	0.317652	0.315516	0.313394	0.311249	0.309102	0.306988	0.304945	0.302996	0.301161	0.299447	0.297860	0.296397	0.295055	0.293828	1.000000	0.639876	
3298	0.375066	0.376344	0.361013	0.368891	0.348324	0.335521	0.328770	0.324644	0.321593	0.318960	0.316477	0.314061	0.311701	0.309416	0.307228	0.305157	0.303213	0.301403	0.299729	0.298187	0.296772	0.295478	1.000000	0.605914	
3299	0.366975	0.379537	0.363355	0.377834	0.358161	0.343214	0.334903	0.329710	0.325920	0.322758	0.319886	0.317172	0.314576	0.312099	0.309750	0.307539	0.305474	0.303556	0.301784	0.300153	0.298657	0.297288	1.000000	0.565649	
3300	0.376982	0.384009	0.369743	0.380176	0.365499	0.349935	0.340562	0.334516	0.330093	0.326462	0.323236	0.320245	0.317429	0.314769	0.312265	0.309921	0.307738	0.305715	0.303847	0.302129	0.300553	0.299109	0.000000	0.610710	
3301	0.369743	0.373575	0.361439	0.363142	0.364714	0.352336	0.343385	0.337242	0.332635	0.328829	0.325453	0.322338	0.319416	0.316666	0.314082	0.311666	0.309417	0.307332	0.305408	0.303636	0.302008	0.300517	1.000000	0.674974	
3302	0.365484	0.367188	0.356754	0.364420	0.364616	0.354533	0.346014	0.339831	0.335080	0.331125	0.327617	0.324391	0.321373	0.318538	0.315880	0.313396	0.311084	0.308940	0.306960	0.305136	0.303460	0.301921	1.000000	0.619059	
3303	0.366549	0.369956	0.363781	0.368252	0.365828	0.357027	0.348794	0.342537	0.337632	0.333520	0.329875	0.326530	0.323411	0.320488	0.317750	0.315194	0.312816	0.310611	0.308573	0.306695	0.304966	0.303379	1.000000	0.514691	
3304	0.369956	0.370594	0.359735	0.361013	0.364223	0.357752	0.350321	0.344297	0.339431	0.335294	0.331605	0.328212	0.325046	0.322077	0.319295	0.316696	0.314276	0.312031	0.309953	0.308036	0.306270	0.304646	1.000000	0.591362	
3305	0.359948	0.360374	0.348450	0.349728	0.359391	0.356293	0.350247	0.344814	0.340223	0.336225	0.332612	0.329262	0.326119	0.323162	0.320382	0.317779	0.315351	0.313093	0.311000	0.309065	0.307280	0.305636	1.000000	0.574038	
3306	0.351431	0.358883	0.349940	0.354625	0.357802	0.355990	0.350794	0.345748	0.341330	0.337412	0.333835	0.330499	0.327358	0.324395	0.321605	0.318987	0.316541	0.314263	0.312148	0.310190	0.308382	0.306713	1.000000	0.660490	
3307	0.349302	0.350366	0.336739	0.338655	0.351420	0.352838	0.349277	0.345073	0.341125	0.337492	0.334102	0.330897	0.327850	0.324955	0.322214	0.319632	0.317211	0.314950	0.312846	0.310893	0.309086	0.307415	1.000000	0.566401	
3308	0.336739	0.340997	0.330564	0.336526	0.346455	0.349872	0.347683	0.344259	0.340771	0.337430	0.334237	0.331171	0.328227	0.325408	0.322725	0.320186	0.317796	0.315558	0.313469	0.311526	0.309724	0.308055	1.000000	0.524789	
3309	0.339720	0.348450	0.333758	0.348237	0.347049	0.349575	0.347752	0.344638	0.341345	0.338127	0.335015	0.332004	0.329097	0.326304	0.323636	0.321106	0.318719	0.316478	0.314384	0.312433	0.310619	0.308938	1.000000	0.596176	
3310	0.346321	0.359735	0.342914	0.351431	0.348510	0.349912	0.348212	0.345285	0.342121	0.338986	0.335927	0.332952	0.330068	0.327289	0.324629	0.322100	0.319710	0.317463	0.315359	0.313395	0.311568	0.309872	1.000000	0.537589	
3311	0.354412	0.369317	0.350792	0.364420	0.353813	0.352550	0.350238	0.347107	0.343836	0.340627	0.337510	0.334487	0.331561	0.328745	0.326050	0.323488	0.321065	0.318785	0.316650	0.314655	0.312798	0.311071	1.000000	0.656088	
3312	0.370594	0.372511	0.355264	0.361013	0.356213	0.354089	0.351585	0.348431	0.345158	0.341942	0.338815	0.335781	0.332842	0.330011	0.327299	0.324718	0.322275	0.319975	0.317817	0.315800	0.313919	0.312168	1.000000	0.554115	
3313	0.353560	0.354838	0.341849	0.343127	0.351851	0.352096	0.350528	0.347926	0.345001	0.342018	0.339055	0.336139	0.333289	0.330525	0.327864	0.325322	0.322907	0.320627	0.318483	0.316475	0.314598	0.312849	1.000000	0.533478	
3314	0.344404	0.362077	0.341210	0.360800	0.354834	0.353678	0.351812	0.349152	0.346217	0.343230	0.340263	0.337342	0.334485	0.331712	0.329040	0.326485	0.324056	0.321759	0.319597	0.317569	0.315673	0.313903	1.000000	0.568086	
3315	0.359735	0.363994	0.348663	0.350792	0.353487	0.353153	0.351684	0.349308	0.346569	0.343718	0.340848	0.337998	0.335194	0.332460	0.329817	0.327282	0.324866	0.322577	0.320418	0.318389	0.316489	0.314713	1.000000	0.608983	
3316	0.352496	0.356328	0.325880	0.329925	0.345633	0.348930	0.348964	0.347462	0.345288	0.342828	0.340241	0.337604	0.334965	0.332361	0.329821	0.327368	0.325019	0.322784	0.320668	0.318674	0.316802	0.315048	1.000000	0.546581	
3317	0.329712	0.337591	0.322260	0.328009	0.339758	0.345126	0.346345	0.345610	0.343959	0.341872	0.339562	0.337136	0.334663	0.332190	0.329756	0.327389	0.325110	0.322931	0.320861	0.318905	0.317062	0.315333	1.000000	0.545683	
3318	0.334397	0.359948	0.334397	0.359096	0.346204	0.347666	0.347939	0.346894	0.345124	0.342983	0.340647	0.338207	0.335725	0.333245	0.330804	0.328429	0.326140	0.323950	0.321867	0.319897	0.318040	0.316294	1.000000	0.604203	
3319	0.369530	0.373363	0.353986	0.366336	0.352915	0.351061	0.350238	0.348746	0.346755	0.344490	0.342074	0.339579	0.337056	0.334543	0.332073	0.329672	0.327358	0.325144	0.323038	0.321044	0.319163	0.317394	1.000000	0.569017	
3320	0.362290	0.378899	0.361439	0.377195	0.361008	0.355812	0.353608	0.351455	0.349097	0.346600	0.344025	0.341414	0.338801	0.336216	0.333685	0.331230	0.328868	0.326610	0.324463	0.322430	0.320513	0.318709	1.000000	0.546816	
3321	0.374853	0.389545	0.372937	0.386777	0.369598	0.361442	0.357754	0.354819	0.351995	0.349192	0.346400	0.343627	0.340887	0.338199	0.335581	0.333051	0.330623	0.328305	0.326103	0.324019	0.322054	0.320205	1.000000	0.584665	
3322	0.384435	0.393378	0.380602	0.385499	0.374898	0.365816	0.361222	0.357741	0.354573	0.351534	0.348572	0.345670	0.342827	0.340053	0.337364	0.334771	0.332286	0.329916	0.327666	0.325537	0.323529	0.321640	1.000000	0.511552	
3323	0.382093	0.385925	0.373363	0.377408	0.375735	0.367924	0.363246	0.359614	0.356329	0.353204	0.350174	0.347218	0.344330	0.341518	0.338794	0.336169	0.333653	0.331254	0.328975	0.326818	0.324782	0.322865	1.000000	0.579396	
3324	0.383796	0.401895	0.381667	0.401256	0.384242	0.373984	0.367997	0.363580	0.359785	0.356304	0.353012	0.349854	0.346805	0.343861	0.341025	0.338303	0.335702	0.333225	0.330877	0.328656	0.326561	0.324588	1.000000	0.533335	
3325	0.401043	0.411477	0.395720	0.396998	0.388494	0.378169	0.371622	0.366763	0.362648	0.358929	0.355456	0.352154	0.348988	0.345945	0.343024	0.340227	0.337559	0.335022	0.332617	0.330343	0.328199	0.326180	1.000000	0.514181	
3326	0.403598	0.426169	0.398275	0.418290	0.398426	0.385463	0.377456	0.371670	0.366928	0.362759	0.358947	0.355380	0.352001	0.348782	0.345712	0.342787	0.340005	0.337367	0.334871	0.332515	0.330294	0.328204	1.000000	0.596392	
3327	0.415097	0.428724	0.412115	0.418290	0.405048	0.391432	0.382560	0.376110	0.370879	0.366342	0.362244	0.358449	0.354883	0.351508	0.348304	0.345262	0.342378	0.339647	0.337067	0.334633	0.332340	0.330184	0.000000	0.529314	
3328	0.424891	0.434260	0.413180	0.429363	0.413153	0.398329	0.388410	0.381182	0.375377	0.370407	0.365972	0.361908	0.358121	0.354561	0.351199	0.348020	0.345014	0.342174	0.339496	0.336972	0.334597	0.332364	0.000000	0.642153	
3329	0.441925	0.455553	0.435751	0.439370	0.421892	0.405791	0.394780	0.386724	0.380300	0.374857	0.370050	0.365687	0.361654	0.357887	0.354348	0.351015	0.347873	0.344912	0.342124	0.339500	0.337033	0.334715	0.000000	0.476187	
3330	0.442990	0.462154	0.430214	0.454914	0.432899	0.414722	0.402297	0.393218	0.386040	0.380022	0.374765	0.370039	0.365708	0.361692	0.357939	0.354421	0.351117	0.348011	0.345092	0.342350	0.339775	0.337357	0.000000	0.644240	
3331	0.460876	0.461728	0.434473	0.441925	0.435908	0.419668	0.407251	0.397857	0.390338	0.384015	0.378496	0.373546	0.369022	0.364838	0.360939	0.357290	0.353868	0.350656	0.347640	0.344808	0.342150	0.339655	0.000000	0.567204	
3332	0.423614	0.442990	0.415309	0.417226	0.429681	0.419224	0.408497	0.399701	0.392407	0.386158	0.380648	0.375676	0.371118	0.366893	0.362949	0.359255	0.355788	0.352531	0.349471	0.346597	0.343896	0.341360	0.000000	0.617074	
3333	0.416374	0.428085	0.409560	0.417865	0.425742	0.418977	0.409668	0.401431	0.394365	0.388204	0.382715	0.377734	0.373151	0.368891	0.364910	0.361177	0.357669	0.354372	0.351271	0.348356	0.345616	0.343042	0.000000	0.506734	
3334	0.430640	0.436176	0.389758	0.394017	0.415167	0.414439	0.407712	0.400725	0.394338	0.388579	0.383343	0.378529	0.374058	0.369877	0.365950	0.362254	0.358771	0.355489	0.352396	0.349484	0.346742	0.344162	0.000000	0.507241	
3335	0.389971	0.404450	0.381667	0.389332	0.406555	0.409874	0.405414	0.399640	0.393953	0.388627	0.383676	0.379056	0.374722	0.370640	0.366785	0.363141	0.359697	0.356442	0.353368	0.350468	0.347732	0.345155	0.000000	0.467971	
3336	0.382518	0.389332	0.370594	0.378047	0.397053	0.404087	0.401993	0.397584	0.392730	0.387945	0.383363	0.379006	0.374866	0.370930	0.367187	0.363630	0.360253	0.357050	0.354018	0.351149	0.348437	0.345878	0.000000	0.625956	
3337	0.382944	0.394655	0.379112	0.383583	0.392563	0.400359	0.399692	0.396250	0.392026	0.387663	0.383375	0.379230	0.375245	0.371426	0.367773	0.364284	0.360960	0.357798	0.354796	0.351949	0.349255	0.346706	0.000000	0.463413	
3338	0.376344	0.379112	0.354625	0.360800	0.381975	0.393167	0.394831	0.392874	0.389624	0.385930	0.382121	0.378331	0.374617	0.371010	0.367524	0.364170	0.360955	0.357882	0.354954	0.352168	0.349523	0.347016	1.000000	0.492732	
3339	0.363142	0.371872	0.359096	0.370169	0.378040	0.388985	0.391748	0.390712	0.388127	0.384913	0.381457	0.377933	0.374424	0.370977	0.367618	0.364367	0.361234	0.358229	0.355354	0.352612	0.350003	0.347525	1.000000	0.562666	
3340	0.374001	0.408496	0.372724	0.390823	0.382301	0.389319	0.391632	0.390722	0.388335	0.385295	0.381977	0.378561	0.375137	0.371755	0.368447	0.365234	0.362131	0.359147	0.356287	0.353556	0.350953	0.348477	0.000000	0.619256	
3341	0.407431	0.411690	0.397423	0.402960	0.389187	0.391799	0.393048	0.391888	0.389460	0.386434	0.383143	0.379751	0.376347	0.372979	0.369680	0.366471	0.363368	0.360381	0.357516	0.354776	0.352162	0.349674	0.000000	0.582093	
3342	0.397211	0.402960	0.382944	0.385287	0.387887	0.390615	0.392078	0.391259	0.389139	0.386360	0.383262	0.380021	0.376735	0.373461	0.370237	0.367088	0.364032	0.361082	0.358246	0.355529	0.352932	0.350457	0.000000	0.551600	
3343	0.379112	0.387203	0.372511	0.377195	0.384323	0.388175	0.390218	0.389920	0.388220	0.385769	0.382925	0.379884	0.376755	0.373608	0.370485	0.367419	0.364431	0.361536	0.358745	0.356064	0.353497	0.351044	0.000000	0.545102	
3344	0.367401	0.370594	0.351005	0.370382	0.379676	0.384940	0.387738	0.388059	0.386848	0.384776	0.382228	0.379420	0.376478	0.373481	0.370482	0.367516	0.364612	0.361785	0.359051	0.356418	0.353889	0.351469	0.000000	0.614641	
3345	0.359948	0.379112	0.355689	0.360587	0.373313	0.380512	0.384344	0.385442	0.384828	0.383216	0.381026	0.378501	0.375787	0.372976	0.370128	0.367289	0.364490	0.361752	0.359092	0.356520	0.354045	0.351670	0.000000	0.556867	
3346	0.356754	0.370807	0.354412	0.362716	0.369781	0.377276	0.381641	0.383278	0.383127	0.381893	0.380009	0.377731	0.375219	0.372573	0.369864	0.367139	0.364436	0.361779	0.359187	0.356673	0.354247	0.351912	0.000000	0.511019	
3347	0.363994	0.366336	0.354199	0.354412	0.364658	0.373119	0.378237	0.380529	0.380918	0.380120	0.378587	0.376594	0.374314	0.371861	0.369312	0.366722	0.364132	0.361571	0.359061	0.356618	0.354251	0.351967	0.000000	0.444003	
3348	0.355689	0.384222	0.353560	0.377834	0.369050	0.373977	0.378187	0.380272	0.380681	0.379973	0.378545	0.376654	0.374467	0.372095	0.369616	0.367086	0.364547	0.362029	0.359555	0.357141	0.354799	0.352536	0.000000	0.571778	
3349	0.336952	0.341849	0.326731	0.328009	0.355369	0.365619	0.371914	0.375295	0.376629	0.376620	0.375737	0.374281	0.372447	0.370366	0.368130	0.365805	0.363440	0.361071	0.358725	0.356422	0.354176	0.351997	1.000000	0.575223	
3350	0.325667	0.329073	0.309910	0.317149	0.342629	0.356806	0.365069	0.369757	0.372054	0.372783	0.372482	0.371494	0.370043	0.368279	0.366309	0.364210	0.362037	0.359834	0.357631	0.355452	0.353315	0.351231	1.000000	0.475616	
3351	0.308845	0.312252	0.294153	0.295857	0.327039	0.345724	0.356417	0.362719	0.366192	0.367820	0.368225	0.367805	0.366818	0.365439	0.363793	0.361969	0.360032	0.358032	0.356006	0.353981	0.351979	0.350014	1.000000	0.557597	
3352	0.302457	0.309271	0.290959	0.300328	0.318135	0.337471	0.349406	0.356777	0.361126	0.363466	0.364453	0.364513	0.363927	0.362886	0.361527	0.359948	0.358223	0.356406	0.354540	0.352656	0.350778	0.348922	1.000000	0.485602	
3353	0.306716	0.326305	0.299051	0.322686	0.319652	0.334782	0.346066	0.353530	0.358169	0.360835	0.362133	0.362473	0.362134	0.361309	0.360139	0.358726	0.357146	0.355456	0.353702	0.351916	0.350124	0.348345	1.000000	0.429381	
3354	0.389758	0.389758	0.359735	0.366123	0.335142	0.340481	0.348573	0.354729	0.358781	0.361176	0.362355	0.362651	0.362307	0.361498	0.360353	0.358969	0.357418	0.355757	0.354029	0.352267	0.350496	0.348736	0.000000	0.524504	
3355	0.375918	0.395933	0.371446	0.383583	0.351289	0.348317	0.352949	0.357477	0.360689	0.362622	0.363534	0.363672	0.363232	0.362364	0.361183	0.359776	0.358211	0.356541	0.354807	0.353040	0.351266	0.349502	0.000000	0.465009	
3356	0.396146	0.397211	0.358032	0.375918	0.359499	0.353336	0.355820	0.359234	0.361860	0.363479	0.364222	0.364269	0.363784	0.362896	0.361709	0.360305	0.358747	0.357087	0.355362	0.353605	0.351839	0.350082	0.000000	0.545875	
3357	0.385287	0.398275	0.382093	0.383370	0.367456	0.358796	0.359264	0.361532	0.363515	0.364763	0.365286	0.365201	0.364635	0.363699	0.362483	0.361061	0.359493	0.357827	0.356099	0.354340	0.352572	0.350814	0.000000	0.500899	
3358	0.358883	0.358883	0.358883	0.358883	0.364598	0.358812	0.359217	0.361280	0.363159	0.364383	0.364930	0.364893	0.364385	0.363510	0.362354	0.360990	0.359475	0.357857	0.356173	0.354452	0.352719	0.350991	0.000000	0.473121	
3359	0.386777	0.409347	0.381454	0.403172	0.377456	0.366878	0.364711	0.365270	0.366237	0.366886	0.367055	0.366760	0.366072	0.365065	0.363812	0.362373	0.360799	0.359133	0.357409	0.355655	0.353892	0.352138	0.000000	0.568564	
3360	0.391887	0.391887	0.391887	0.391887	0.382267	0.371425	0.368108	0.367805	0.368210	0.368499	0.368434	0.367986	0.367194	0.366117	0.364815	0.363340	0.361741	0.360056	0.358317	0.356550	0.354776	0.353012	0.000000	0.523672	
3361	0.370594	0.376556	0.349728	0.361013	0.375182	0.369532	0.367221	0.367158	0.367656	0.368016	0.368022	0.367646	0.366925	0.365917	0.364679	0.363264	0.361719	0.360083	0.358388	0.356660	0.354921	0.353188	0.000000	0.614425	
3362	0.336739	0.347172	0.327157	0.329073	0.359812	0.362176	0.362453	0.363531	0.364688	0.365504	0.365858	0.365764	0.365280	0.364472	0.363407	0.362143	0.360730	0.359209	0.357616	0.355979	0.354320	0.352658	0.000000	0.469165	
3363	0.344404	0.347811	0.329073	0.338442	0.352689	0.357861	0.359451	0.361141	0.362669	0.363758	0.364335	0.364431	0.364113	0.363451	0.362516	0.361366	0.360054	0.358624	0.357112	0.355546	0.353951	0.352345	0.000000	0.498694	
3364	0.334822	0.336313	0.312465	0.313530	0.339636	0.349800	0.353711	0.356607	0.358889	0.360517	0.361512	0.361948	0.361913	0.361494	0.360766	0.359798	0.358645	0.357354	0.355965	0.354508	0.353011	0.351492	0.000000	0.534631	
3365	0.291811	0.291811	0.291811	0.291811	0.323694	0.339257	0.345974	0.350436	0.353729	0.356084	0.357640	0.358527	0.358866	0.358761	0.358303	0.357569	0.356619	0.355508	0.354276	0.352960	0.351587	0.350181	0.000000	0.486199	
3366	0.289895	0.299263	0.280739	0.285636	0.311008	0.329508	0.338431	0.344265	0.348491	0.351539	0.353640	0.354971	0.355682	0.355893	0.355708	0.355210	0.354468	0.353540	0.352470	0.351298	0.350054	0.348762	0.000000	0.568289	
3367	0.280526	0.282229	0.260085	0.262214	0.294743	0.317272	0.328904	0.336450	0.341855	0.345776	0.348561	0.350447	0.351618	0.352220	0.352369	0.352161	0.351673	0.350967	0.350095	0.349098	0.348011	0.346860	0.000000	0.496705	
3368	0.268389	0.291598	0.262427	0.285849	0.291779	0.311559	0.323522	0.331631	0.337547	0.341910	0.345077	0.347296	0.348758	0.349617	0.349993	0.349987	0.349678	0.349133	0.348404	0.347537	0.346565	0.345519	0.000000	0.625512	
3369	0.230062	0.242625	0.224951	0.241134	0.274897	0.298755	0.313224	0.323012	0.330130	0.335409	0.339302	0.342117	0.344079	0.345363	0.346106	0.346418	0.346389	0.346090	0.345581	0.344909	0.344113	0.343225	0.000000	0.504144	
3370	0.249225	0.253058	0.243476	0.251993	0.267263	0.290252	0.305570	0.316249	0.324120	0.330027	0.334452	0.337721	0.340075	0.341701	0.342744	0.343322	0.343528	0.343440	0.343119	0.342615	0.341971	0.341220	0.000000	0.581430	
3371	0.246457	0.246883	0.230062	0.230488	0.255004	0.279386	0.296185	0.308081	0.316917	0.323605	0.328676	0.332490	0.335311	0.337340	0.338735	0.339623	0.340103	0.340258	0.340155	0.339847	0.339378	0.338786	0.000000	0.471341	
3372	0.242837	0.244754	0.230275	0.236875	0.248961	0.271657	0.288771	0.301299	0.310760	0.318010	0.323576	0.327826	0.331031	0.333400	0.335097	0.336254	0.336975	0.337346	0.337437	0.337304	0.336995	0.336546	0.000000	0.449308	
3373	0.242412	0.257317	0.237940	0.257317	0.251746	0.269050	0.284839	0.297111	0.306649	0.314094	0.319895	0.324386	0.327826	0.330416	0.332319	0.333666	0.334561	0.335092	0.335328	0.335329	0.335142	0.334805	0.000000	0.547592	
3374	0.250503	0.253484	0.241773	0.248161	0.250551	0.265252	0.280254	0.292449	0.302150	0.309840	0.315910	0.320668	0.324362	0.327191	0.329314	0.330862	0.331943	0.332643	0.333034	0.333177	0.333119	0.332901	0.000000	0.564318	
3375	0.251355	0.251993	0.237940	0.247522	0.249541	0.262028	0.276163	0.288170	0.297948	0.305820	0.312110	0.317100	0.321021	0.324066	0.326393	0.328130	0.329385	0.330245	0.330784	0.331062	0.331128	0.331024	0.000000	0.628064	
3376	0.240708	0.243263	0.237088	0.238579	0.245887	0.257765	0.271465	0.283447	0.293381	0.301481	0.308025	0.313270	0.317437	0.320714	0.323256	0.325194	0.326633	0.327663	0.328358	0.328778	0.328976	0.328992	0.000000	0.471609	
3377	0.236024	0.236024	0.225377	0.231339	0.241038	0.252960	0.266449	0.278484	0.288609	0.296956	0.303765	0.309273	0.313693	0.317209	0.319974	0.322116	0.323745	0.324950	0.325805	0.326372	0.326705	0.326846	0.000000	0.525620	
3378	0.235385	0.243476	0.219841	0.235811	0.239296	0.249842	0.262619	0.274420	0.284547	0.293011	0.299990	0.305689	0.310307	0.314017	0.316968	0.319287	0.321080	0.322439	0.323436	0.324136	0.324591	0.324845	0.000000	0.510496	
3379	0.236450	0.237940	0.228358	0.229636	0.236076	0.246168	0.258496	0.270155	0.280323	0.288923	0.296081	0.301979	0.306800	0.310708	0.313849	0.316347	0.318309	0.319824	0.320968	0.321803	0.322383	0.322753	0.000000	0.606164	
3380	0.226016	0.231765	0.223035	0.230062	0.234071	0.243240	0.254942	0.266337	0.276457	0.285125	0.292413	0.298471	0.303463	0.307545	0.310856	0.313518	0.315635	0.317296	0.318576	0.319538	0.320236	0.320716	0.000000	0.586620	
3381	0.229423	0.240495	0.226442	0.232404	0.233515	0.241270	0.252125	0.263105	0.273068	0.281724	0.289079	0.295248	0.300374	0.304599	0.308055	0.310859	0.313113	0.314905	0.316308	0.317386	0.318194	0.318775	0.000000	0.499035	
3382	0.236875	0.237940	0.221332	0.221545	0.229525	0.237683	0.248302	0.259147	0.269105	0.277841	0.285328	0.291653	0.296946	0.301342	0.304965	0.307931	0.310338	0.312275	0.313814	0.315020	0.315946	0.316638	0.000000	0.617370	
3383	0.206640	0.215796	0.205575	0.213027	0.224026	0.233200	0.243893	0.254754	0.264791	0.273660	0.281311	0.287818	0.293298	0.297878	0.301681	0.304819	0.307389	0.309479	0.311162	0.312502	0.313552	0.314361	1.000000	0.514064	
3384	0.210259	0.214092	0.198548	0.200252	0.216101	0.227210	0.238438	0.249564	0.259827	0.268924	0.276808	0.283546	0.289252	0.294050	0.298059	0.301391	0.304143	0.306402	0.308243	0.309730	0.310918	0.311853	1.000000	0.606340	
3385	0.203659	0.205575	0.187476	0.197058	0.209753	0.221728	0.233265	0.244563	0.254998	0.264287	0.272377	0.279327	0.285244	0.290246	0.294452	0.297970	0.300898	0.303322	0.305317	0.306948	0.308270	0.309330	1.000000	0.565894	
3386	0.195993	0.208130	0.194077	0.204084	0.207864	0.218520	0.229618	0.240708	0.251082	0.260403	0.268583	0.275657	0.281715	0.286867	0.291224	0.294892	0.297964	0.300527	0.302653	0.304408	0.305847	0.307017	1.000000	0.488744	
3387	0.208982	0.239218	0.208982	0.236450	0.217392	0.221780	0.230472	0.240302	0.249956	0.258858	0.266798	0.273744	0.279747	0.284890	0.289268	0.292975	0.296100	0.298722	0.300911	0.302730	0.304233	0.305466	0.000000	0.551496	
3388	0.243263	0.256891	0.231765	0.234533	0.223106	0.224099	0.230979	0.239753	0.248770	0.257288	0.265005	0.271832	0.277781	0.282915	0.287313	0.291059	0.294234	0.296914	0.299164	0.301046	0.302612	0.303907	0.000000	0.620065	
3389	0.239431	0.249864	0.226868	0.233256	0.226489	0.225763	0.231264	0.239134	0.247577	0.255738	0.263241	0.269950	0.275845	0.280968	0.285383	0.289164	0.292387	0.295120	0.297430	0.299372	0.300999	0.302354	0.000000	0.592928	
3390	0.233682	0.233682	0.233682	0.233682	0.228887	0.227203	0.231566	0.238615	0.246508	0.254315	0.261599	0.268181	0.274012	0.279114	0.283536	0.287345	0.290608	0.293390	0.295752	0.297750	0.299433	0.300845	0.000000	0.604414	
3391	0.234320	0.243263	0.215796	0.218138	0.225304	0.225555	0.229888	0.236665	0.244325	0.251981	0.259185	0.265740	0.271583	0.276722	0.281201	0.285076	0.288412	0.291270	0.293710	0.295785	0.297543	0.299027	0.000000	0.642406	
3392	0.218351	0.220693	0.204510	0.205362	0.218656	0.221883	0.226822	0.233684	0.241328	0.248973	0.256195	0.262794	0.268704	0.273924	0.278492	0.282462	0.285895	0.288850	0.291385	0.293552	0.295399	0.296969	0.000000	0.658762	
3393	0.197058	0.198974	0.191948	0.194290	0.210534	0.216866	0.222755	0.229932	0.237710	0.245445	0.252755	0.259453	0.265468	0.270801	0.275485	0.279571	0.283119	0.286186	0.288830	0.291101	0.293048	0.294712	0.000000	0.458541	
3394	0.198122	0.199400	0.189392	0.191096	0.204055	0.212181	0.218798	0.226233	0.234124	0.241939	0.249330	0.256118	0.262235	0.267675	0.272471	0.276671	0.280330	0.283508	0.286258	0.288632	0.290677	0.292435	0.000000	0.595962	
3395	0.193012	0.204510	0.191948	0.202594	0.203568	0.210438	0.216772	0.223982	0.231699	0.239400	0.246733	0.253507	0.259642	0.265123	0.269975	0.274242	0.277975	0.281228	0.284056	0.286507	0.288628	0.290460	0.000000	0.574227	
3396	0.204297	0.204297	0.191096	0.193225	0.200120	0.207308	0.213829	0.221053	0.228739	0.236421	0.243761	0.250567	0.256754	0.262304	0.267234	0.271586	0.275407	0.278749	0.281666	0.284204	0.286410	0.288323	0.000000	0.606568	
3397	0.194290	0.195354	0.188541	0.191309	0.197183	0.204399	0.211014	0.218220	0.225860	0.233511	0.240847	0.247676	0.253909	0.259519	0.264523	0.268954	0.272858	0.276286	0.279288	0.281910	0.284198	0.286191	0.000000	0.549328	
3398	0.190670	0.190670	0.174913	0.177043	0.190470	0.199425	0.206768	0.214298	0.222105	0.229868	0.237302	0.244230	0.250567	0.256285	0.261398	0.265940	0.269955	0.273491	0.276597	0.279321	0.281706	0.283792	0.000000	0.588312	
3399	0.168313	0.175339	0.162138	0.175126	0.185355	0.195007	0.202812	0.210567	0.218491	0.226336	0.233848	0.240860	0.247287	0.253102	0.258317	0.262963	0.267081	0.270720	0.273927	0.276748	0.279227	0.281404	0.000000	0.596886	
3400	0.173636	0.173849	0.162351	0.163628	0.178113	0.189302	0.197914	0.206097	0.214271	0.222290	0.229947	0.237092	0.243649	0.249594	0.254935	0.259706	0.263946	0.267703	0.271024	0.273955	0.276539	0.278815	0.000000	0.547591	
3401	0.164054	0.167035	0.151704	0.158305	0.171510	0.183666	0.192963	0.201545	0.209966	0.218162	0.225967	0.233249	0.239939	0.246014	0.251484	0.256381	0.260745	0.264622	0.268058	0.271100	0.273789	0.276167	0.000000	0.408625	
3402	0.158731	0.159582	0.147233	0.148936	0.163985	0.177352	0.187460	0.196535	0.205271	0.213696	0.221687	0.229136	0.235982	0.242207	0.247822	0.252858	0.257357	0.261363	0.264923	0.268083	0.270886	0.273370	0.000000	0.647497	
3403	0.149362	0.151065	0.123810	0.124875	0.150949	0.167810	0.179637	0.189710	0.199087	0.207966	0.216309	0.224050	0.231151	0.237605	0.243431	0.248662	0.253342	0.257518	0.261238	0.264547	0.267490	0.270107	1.000000	0.599158	
3404	0.115080	0.143187	0.114229	0.131476	0.144458	0.161204	0.173617	0.184164	0.193886	0.203031	0.211596	0.219534	0.226818	0.233443	0.239433	0.244820	0.249649	0.253968	0.257823	0.261262	0.264327	0.267060	1.000000	0.595582	
3405	0.134244	0.141909	0.131476	0.133605	0.140840	0.156186	0.168615	0.179349	0.189249	0.198552	0.207263	0.215343	0.222765	0.229528	0.235653	0.241174	0.246133	0.250577	0.254554	0.258110	0.261287	0.264127	1.000000	0.576693	
3406	0.142548	0.152343	0.131689	0.135734	0.139138	0.152468	0.164505	0.175195	0.185133	0.194499	0.203289	0.211459	0.218981	0.225850	0.232084	0.237717	0.242787	0.247342	0.251427	0.255088	0.258367	0.261305	1.000000	0.684348	
3407	0.143826	0.144465	0.135734	0.141271	0.139849	0.150432	0.161601	0.171964	0.181759	0.191065	0.199844	0.208036	0.215602	0.222533	0.228841	0.234554	0.239711	0.244354	0.248528	0.252278	0.255644	0.258667	1.000000	0.648336	
3408	0.142761	0.152769	0.138715	0.152769	0.144156	0.150857	0.160497	0.170136	0.179529	0.188594	0.197228	0.205340	0.212870	0.219797	0.226124	0.231873	0.237076	0.241774	0.246008	0.249821	0.253252	0.256339	0.000000	0.579883	
3409	0.152769	0.165970	0.148936	0.164267	0.150859	0.153295	0.160968	0.169577	0.178355	0.187025	0.195397	0.203336	0.210757	0.217620	0.223915	0.229656	0.234870	0.239591	0.243857	0.247708	0.251182	0.254316	0.000000	0.554089	
3410	0.163415	0.163628	0.149362	0.151704	0.151141	0.153006	0.159810	0.167875	0.176305	0.184746	0.192970	0.200817	0.208190	0.215035	0.221336	0.227101	0.232350	0.237115	0.241432	0.245338	0.248869	0.252061	0.000000	0.662578	
3411	0.148084	0.156389	0.146168	0.150852	0.151045	0.152614	0.158690	0.166254	0.174347	0.182559	0.190630	0.198380	0.205697	0.212518	0.218819	0.224601	0.229880	0.234685	0.239049	0.243005	0.246589	0.249836	0.000000	0.693716	
3412	0.148297	0.152343	0.145103	0.145529	0.149206	0.151326	0.157045	0.164280	0.172130	0.180170	0.188124	0.195802	0.203081	0.209891	0.216201	0.222008	0.227324	0.232174	0.236588	0.240598	0.244239	0.247544	0.000000	0.689498	
3413	0.144677	0.144677	0.131050	0.131263	0.143225	0.147678	0.153822	0.161136	0.168986	0.177015	0.184965	0.192654	0.199958	0.206807	0.213168	0.219033	0.224413	0.229331	0.233816	0.237898	0.241612	0.244988	0.000000	0.665205	
3414	0.126579	0.127643	0.113590	0.114229	0.133560	0.141596	0.148873	0.156668	0.164774	0.172964	0.181036	0.188828	0.196231	0.203177	0.209634	0.215597	0.221074	0.226089	0.230669	0.234845	0.238649	0.242114	1.000000	0.578089	
3415	0.117423	0.119978	0.103156	0.108267	0.125129	0.135537	0.143797	0.152059	0.160427	0.168790	0.176993	0.184898	0.192406	0.199455	0.206014	0.212078	0.217656	0.222770	0.227448	0.231719	0.235617	0.239173	1.000000	0.690390	
3416	0.114229	0.117848	0.109970	0.116571	0.122276	0.132088	0.140394	0.148679	0.157054	0.165421	0.173636	0.181565	0.189109	0.196205	0.202820	0.208946	0.214593	0.219779	0.224530	0.228876	0.232849	0.236478	1.000000	0.664148	
3417	0.119126	0.131902	0.118061	0.128495	0.124349	0.131435	0.138907	0.146757	0.154857	0.163039	0.171128	0.178976	0.186474	0.193549	0.200165	0.206308	0.211984	0.217207	0.222003	0.226398	0.230422	0.234105	1.000000	0.545770	
3418	0.127856	0.134457	0.122107	0.134457	0.127718	0.131984	0.138350	0.145585	0.153288	0.161195	0.169091	0.176805	0.184212	0.191232	0.197818	0.203953	0.209634	0.214876	0.219699	0.224128	0.228190	0.231915	1.000000	0.638465	
3419	0.129347	0.135947	0.119126	0.120191	0.125209	0.129840	0.136080	0.143167	0.150742	0.158549	0.166374	0.174043	0.181429	0.188446	0.195046	0.201206	0.206924	0.212209	0.217080	0.221561	0.225679	0.229459	1.000000	0.582304	
3420	0.121468	0.131902	0.120404	0.125514	0.125311	0.129053	0.134760	0.141485	0.148801	0.156418	0.164104	0.171676	0.178997	0.185978	0.192563	0.198725	0.204457	0.209767	0.214671	0.219190	0.223349	0.227175	1.000000	0.698227	
3421	0.121042	0.122746	0.115932	0.121681	0.124101	0.127713	0.133125	0.139599	0.146715	0.154177	0.161747	0.169237	0.176505	0.183457	0.190031	0.196199	0.201949	0.207286	0.212223	0.216782	0.220985	0.224856	1.000000	0.755092	
3422	0.123598	0.131902	0.120829	0.130198	0.126133	0.128165	0.132759	0.138704	0.145445	0.152630	0.159995	0.167333	0.174492	0.181368	0.187894	0.194035	0.199774	0.205114	0.210065	0.214644	0.218873	0.222776	1.000000	0.602907	
3423	0.133392	0.137012	0.128708	0.132966	0.128411	0.129038	0.132785	0.138158	0.144485	0.151361	0.158493	0.165656	0.172687	0.179470	0.185933	0.192032	0.197750	0.203082	0.208036	0.212627	0.216876	0.220802	1.000000	0.603510	
3424	0.131050	0.135096	0.126791	0.127217	0.128013	0.128707	0.132089	0.137116	0.143156	0.149804	0.156756	0.163781	0.170710	0.177421	0.183836	0.189907	0.195613	0.200945	0.205909	0.210519	0.214791	0.218745	1.000000	0.714630	
3425	0.136373	0.141696	0.126791	0.130198	0.128742	0.128978	0.131853	0.136457	0.142160	0.148539	0.155280	0.162143	0.168948	0.175569	0.181920	0.187950	0.193630	0.198952	0.203917	0.208535	0.212823	0.216799	1.000000	0.515105	
3426	0.133179	0.143187	0.130411	0.142761	0.133415	0.131484	0.133216	0.137057	0.142206	0.148166	0.154585	0.161198	0.167810	0.174282	0.180522	0.186468	0.192089	0.197369	0.202307	0.206911	0.211194	0.215172	0.000000	0.635446	
3427	0.147020	0.154685	0.144252	0.149788	0.138872	0.134812	0.135288	0.138270	0.142789	0.148271	0.154318	0.160641	0.167026	0.173322	0.179424	0.185265	0.190807	0.196029	0.200925	0.205501	0.209766	0.213735	0.000000	0.660884	
3428	0.147233	0.153620	0.142335	0.144465	0.140736	0.136567	0.136435	0.138860	0.142918	0.148025	0.153771	0.159852	0.166045	0.172190	0.178175	0.183928	0.189403	0.194576	0.199440	0.203994	0.208247	0.212213	0.000000	0.604636	
3429	0.140419	0.144252	0.137651	0.141271	0.140915	0.137422	0.137039	0.139089	0.142791	0.147589	0.153076	0.158946	0.164968	0.170978	0.176857	0.182529	0.187944	0.193075	0.197909	0.202445	0.206690	0.210653	0.000000	0.579989	
3430	0.138928	0.152769	0.134883	0.147871	0.143233	0.139322	0.138393	0.139926	0.143182	0.147608	0.152787	0.158405	0.164225	0.170071	0.175822	0.181393	0.186730	0.191801	0.196592	0.201098	0.205322	0.209274	0.000000	0.595276	
3431	0.132753	0.135096	0.122533	0.125940	0.137469	0.136889	0.136837	0.138594	0.141856	0.146210	0.151296	0.156822	0.162560	0.168341	0.174041	0.179575	0.184888	0.189946	0.194733	0.199242	0.203476	0.207442	0.000000	0.626304	
3432	0.124662	0.125301	0.109544	0.116571	0.130503	0.133195	0.134303	0.136496	0.139911	0.144297	0.149366	0.154858	0.160561	0.166311	0.171988	0.177509	0.182817	0.187879	0.192676	0.197201	0.201455	0.205445	1.000000	0.720042	
3433	0.106563	0.109544	0.104008	0.108693	0.123233	0.128740	0.131102	0.133848	0.137509	0.142000	0.147107	0.152606	0.158306	0.164051	0.169728	0.175253	0.180571	0.185649	0.190466	0.195015	0.199297	0.203318	1.000000	0.733097	
3434	0.112099	0.119126	0.105073	0.119126	0.121864	0.126992	0.129605	0.132446	0.136095	0.140525	0.145552	0.150973	0.156602	0.162289	0.167920	0.173413	0.178709	0.183775	0.188588	0.193141	0.197433	0.201468	1.000000	0.727490	
3435	0.123810	0.144890	0.123810	0.144252	0.129326	0.130130	0.131436	0.133570	0.136723	0.140765	0.145480	0.150645	0.156065	0.161582	0.167075	0.172456	0.177665	0.182661	0.187422	0.191934	0.196196	0.200211	0.000000	0.690782	
3436	0.151278	0.161499	0.135522	0.145316	0.134656	0.132891	0.133171	0.134689	0.137384	0.141059	0.145471	0.150385	0.155598	0.160944	0.166298	0.171567	0.176685	0.181609	0.186314	0.190783	0.195013	0.199004	0.000000	0.669462	
3437	0.141909	0.151065	0.138503	0.141271	0.136861	0.134415	0.134183	0.135316	0.137683	0.141072	0.145238	0.149941	0.154975	0.160173	0.165404	0.170573	0.175612	0.180473	0.185128	0.189561	0.193763	0.197735	0.000000	0.633855	
3438	0.140632	0.140845	0.120829	0.126153	0.133292	0.132912	0.133180	0.134443	0.136796	0.140110	0.144177	0.148780	0.153722	0.158838	0.164002	0.169117	0.174113	0.178943	0.183576	0.187995	0.192191	0.196162	1.000000	0.676509	
3439	0.119339	0.133605	0.117636	0.132115	0.132899	0.132767	0.133046	0.134221	0.136436	0.139594	0.143507	0.147967	0.152782	0.157790	0.162863	0.167904	0.172840	0.177624	0.182222	0.186615	0.190794	0.194754	1.000000	0.744561	
3440	0.128282	0.140632	0.121255	0.121681	0.129160	0.130752	0.131626	0.133027	0.135301	0.138438	0.142295	0.146685	0.151430	0.156374	0.161393	0.166388	0.171290	0.176048	0.180629	0.185012	0.189186	0.193148	1.000000	0.670653	
3441	0.122320	0.127643	0.119552	0.125301	0.127874	0.129761	0.130835	0.132291	0.134532	0.137591	0.141351	0.145642	0.150294	0.155156	0.160104	0.165041	0.169896	0.174619	0.179173	0.183538	0.187701	0.191657	1.000000	0.639806	
3442	0.131050	0.135096	0.129347	0.133179	0.129642	0.130382	0.131128	0.132376	0.134428	0.137306	0.140897	0.145034	0.149550	0.154294	0.159142	0.163996	0.168784	0.173451	0.177962	0.182294	0.186433	0.190372	0.000000	0.572528	
3443	0.138077	0.147020	0.137651	0.145529	0.134938	0.133136	0.132928	0.133629	0.135281	0.137837	0.141154	0.145058	0.149375	0.153950	0.158656	0.163391	0.168079	0.172665	0.177109	0.181386	0.185481	0.189386	0.000000	0.757758	
3444	0.148297	0.152130	0.145103	0.145742	0.138539	0.135428	0.134530	0.134782	0.136086	0.138347	0.141409	0.145091	0.149217	0.153628	0.158195	0.162812	0.167402	0.171906	0.176284	0.180506	0.184557	0.188427	0.000000	0.699901	
3445	0.144039	0.144252	0.137438	0.138715	0.138598	0.136026	0.135053	0.135157	0.136288	0.138370	0.141259	0.144780	0.148761	0.153044	0.157499	0.162022	0.166533	0.170971	0.175295	0.179474	0.183491	0.187335	0.000000	0.658462	
3446	0.141058	0.142761	0.134883	0.137225	0.138140	0.136244	0.135325	0.135354	0.136360	0.138297	0.141035	0.144412	0.148259	0.152423	0.156775	0.161209	0.165645	0.170021	0.174293	0.178431	0.182415	0.186233	0.000000	0.579808	
3447	0.135309	0.136160	0.131902	0.134244	0.136842	0.135880	0.135190	0.135248	0.136198	0.138035	0.140658	0.143916	0.147650	0.151710	0.155970	0.160325	0.164693	0.169013	0.173239	0.177340	0.181295	0.185091	0.000000	0.683917	
3448	0.137438	0.142761	0.136160	0.142761	0.138815	0.137131	0.136136	0.135964	0.136703	0.138340	0.140775	0.143860	0.147437	0.151359	0.155498	0.159749	0.164029	0.168273	0.172437	0.176486	0.180399	0.184160	0.000000	0.661827	
3449	0.125727	0.132115	0.123598	0.132115	0.136581	0.136219	0.135633	0.135597	0.136350	0.137938	0.140294	0.143287	0.146771	0.150605	0.154663	0.158843	0.163062	0.167255	0.171376	0.175391	0.179276	0.183017	0.000000	0.686319	
3450	0.132115	0.134670	0.127004	0.128495	0.133886	0.134815	0.134741	0.134921	0.135745	0.137329	0.139638	0.142565	0.145976	0.149738	0.153729	0.157848	0.162014	0.166163	0.170248	0.174233	0.178095	0.181818	0.000000	0.671537	
3451	0.129985	0.137225	0.125727	0.135309	0.134360	0.134905	0.134812	0.134958	0.135712	0.137199	0.139398	0.142211	0.145512	0.149172	0.153071	0.157109	0.161205	0.165294	0.169328	0.173272	0.177100	0.180796	0.000000	0.610873	
3452	0.132966	0.138715	0.129347	0.132541	0.133754	0.134475	0.134528	0.134727	0.135468	0.136898	0.139017	0.141739	0.144948	0.148520	0.152338	0.156304	0.160336	0.164371	0.168360	0.172266	0.176064	0.179735	0.000000	0.477864	
3453	0.138290	0.140632	0.134670	0.135734	0.134414	0.134704	0.134679	0.134823	0.135488	0.136823	0.138834	0.141446	0.144548	0.148018	0.151745	0.155629	0.159591	0.163565	0.167501	0.171364	0.175126	0.178768	0.000000	0.696735	
3454	0.132328	0.133179	0.128069	0.129347	0.132725	0.133730	0.134012	0.134302	0.135016	0.136341	0.138307	0.140856	0.143887	0.147286	0.150945	0.154767	0.158674	0.162601	0.166497	0.170327	0.174061	0.177682	0.000000	0.651647	
3455	0.130198	0.131689	0.127004	0.128708	0.131386	0.132817	0.133349	0.133769	0.134531	0.135848	0.137774	0.140264	0.143227	0.146557	0.150151	0.153913	0.157766	0.161646	0.165503	0.169299	0.173006	0.176606	0.000000	0.597675	
3456	0.127856	0.131050	0.127217	0.128921	0.130564	0.132108	0.132796	0.133307	0.134099	0.135401	0.137282	0.139710	0.142605	0.145866	0.149392	0.153094	0.156892	0.160724	0.164540	0.168302	0.171981	0.175558	0.000000	0.745037	
3457	0.126366	0.127430	0.121468	0.121894	0.127674	0.130251	0.131433	0.132220	0.133160	0.134530	0.136427	0.138841	0.141705	0.144926	0.148410	0.152071	0.155831	0.159630	0.163418	0.167156	0.170816	0.174378	1.000000	0.695279	
3458	0.119978	0.123172	0.113164	0.113377	0.122908	0.127183	0.129176	0.130426	0.131639	0.133165	0.135147	0.137599	0.140473	0.143689	0.147159	0.150802	0.154545	0.158327	0.162101	0.165828	0.169481	0.173038	1.000000	0.716996	
3459	0.116571	0.119978	0.114655	0.118061	0.121293	0.125525	0.127787	0.129248	0.130594	0.132191	0.134197	0.136646	0.139498	0.142684	0.146120	0.149729	0.153439	0.157193	0.160942	0.164649	0.168285	0.171829	1.000000	0.544288	
3460	0.122959	0.125301	0.111674	0.112312	0.118299	0.123122	0.125852	0.127635	0.129188	0.130908	0.132982	0.135459	0.138316	0.141493	0.144913	0.148502	0.152193	0.155929	0.159662	0.163357	0.166983	0.170521	1.000000	0.651285	
3461	0.107628	0.110609	0.105712	0.109544	0.115381	0.120654	0.123814	0.125912	0.127677	0.129530	0.131680	0.134195	0.137065	0.140240	0.143649	0.147225	0.150901	0.154622	0.158343	0.162028	0.165647	0.169181	1.000000	0.756516	
3462	0.112738	0.112951	0.106350	0.110609	0.113790	0.118827	0.122163	0.124455	0.126364	0.128309	0.130509	0.133044	0.135915	0.139078	0.142469	0.146024	0.149680	0.153383	0.157087	0.160758	0.164367	0.167894	1.000000	0.644690	
3463	0.109757	0.122107	0.109118	0.120617	0.116066	0.119153	0.121970	0.124089	0.125922	0.127813	0.129959	0.132438	0.135250	0.138354	0.141689	0.145191	0.148799	0.152460	0.156128	0.159767	0.163350	0.166855	1.000000	0.665848	
3464	0.120404	0.129772	0.116571	0.127856	0.119996	0.120735	0.122706	0.124448	0.126071	0.127816	0.129842	0.132215	0.134929	0.137942	0.141195	0.144623	0.148164	0.151766	0.155384	0.158979	0.162524	0.165998	1.000000	0.763761	
3465	0.127430	0.128495	0.120404	0.121894	0.120629	0.120946	0.122604	0.124205	0.125749	0.127434	0.129401	0.131711	0.134362	0.137313	0.140506	0.143877	0.147368	0.150925	0.154502	0.158063	0.161580	0.165028	1.000000	0.692814	
3466	0.125301	0.131050	0.122746	0.128282	0.123180	0.122280	0.123314	0.124593	0.125944	0.127488	0.129339	0.131544	0.134098	0.136959	0.140069	0.143366	0.146790	0.150287	0.153812	0.157328	0.160805	0.164221	1.000000	0.609634	
3467	0.129985	0.132966	0.127856	0.130624	0.125661	0.123797	0.124228	0.125167	0.126304	0.127691	0.129410	0.131499	0.133947	0.136710	0.139732	0.142948	0.146300	0.149733	0.153202	0.156669	0.160103	0.163482	1.000000	0.580465	
3468	0.131476	0.133179	0.128282	0.132541	0.127954	0.125387	0.125267	0.125870	0.126784	0.128004	0.129584	0.131550	0.133885	0.136547	0.139475	0.142607	0.145883	0.149249	0.152658	0.156073	0.159462	0.162802	1.000000	0.707527	
3469	0.137438	0.142548	0.134883	0.140632	0.132180	0.128158	0.127187	0.127276	0.127849	0.128818	0.130198	0.131993	0.134179	0.136707	0.139516	0.142542	0.145724	0.149006	0.152342	0.155692	0.159024	0.162315	1.000000	0.691550	
3470	0.143187	0.144039	0.130198	0.130624	0.131662	0.128607	0.127617	0.127595	0.128063	0.128935	0.130222	0.131926	0.134024	0.136468	0.139199	0.142152	0.145266	0.148488	0.151770	0.155073	0.158364	0.161619	1.000000	0.714452	
3471	0.129985	0.136586	0.127217	0.131263	0.131529	0.129090	0.128073	0.127944	0.128309	0.129085	0.130279	0.131894	0.133904	0.136264	0.138915	0.141795	0.144842	0.148003	0.151231	0.154485	0.157734	0.160951	1.000000	0.764444	
3472	0.134244	0.139567	0.132541	0.138715	0.133924	0.130840	0.129403	0.128970	0.129109	0.129706	0.130748	0.132227	0.134113	0.136360	0.138908	0.141694	0.144656	0.147742	0.150901	0.154096	0.157291	0.160463	1.000000	0.648670	
3473	0.135947	0.143187	0.133605	0.137651	0.135166	0.132078	0.130434	0.129797	0.129766	0.130219	0.131132	0.132491	0.134267	0.136411	0.138863	0.141561	0.144444	0.147457	0.150553	0.153689	0.156835	0.159961	1.000000	0.664000	
3474	0.143400	0.152769	0.142122	0.150427	0.140253	0.135414	0.132933	0.131761	0.131356	0.131523	0.132203	0.133366	0.134970	0.136961	0.139276	0.141852	0.144625	0.147541	0.150549	0.153609	0.156686	0.159752	1.000000	0.666762	
3475	0.148510	0.160221	0.148510	0.159582	0.146696	0.139808	0.136264	0.134411	0.133527	0.133333	0.133725	0.134645	0.136040	0.137848	0.140001	0.142433	0.145079	0.147880	0.150787	0.153756	0.156753	0.159748	1.000000	0.786813	
3476	0.161925	0.165970	0.159370	0.160008	0.151134	0.143481	0.139232	0.136849	0.135564	0.135054	0.135185	0.135882	0.137082	0.138717	0.140716	0.143009	0.145531	0.148222	0.151030	0.153911	0.156829	0.159754	1.000000	0.658543	
3477	0.157666	0.165332	0.154685	0.164480	0.155582	0.147299	0.142388	0.139480	0.137788	0.136952	0.136812	0.137277	0.138273	0.139727	0.141565	0.143713	0.146105	0.148680	0.151384	0.154172	0.157007	0.159858	1.000000	0.690710	
3478	0.168313	0.173210	0.155324	0.157027	0.156064	0.149068	0.144218	0.141151	0.139268	0.138248	0.137935	0.138241	0.139089	0.140405	0.142117	0.144150	0.146436	0.148915	0.151532	0.154242	0.157007	0.159796	1.000000	0.694795	
3479	0.159795	0.178959	0.157240	0.178533	0.163554	0.154425	0.148507	0.144712	0.142289	0.140847	0.140191	0.140206	0.140804	0.141901	0.143417	0.145277	0.147409	0.149749	0.152243	0.154842	0.157508	0.160207	1.000000	0.664095	
3480	0.177256	0.185986	0.171932	0.183430	0.170179	0.159699	0.152873	0.148399	0.145453	0.143594	0.142593	0.142315	0.142657	0.143529	0.144846	0.146528	0.148500	0.150698	0.153063	0.155548	0.158111	0.160718	1.000000	0.699351	
3481	0.201742	0.203233	0.186837	0.197271	0.179210	0.166530	0.158423	0.153054	0.149439	0.147057	0.145631	0.144995	0.145031	0.145637	0.146719	0.148192	0.149978	0.152010	0.154227	0.156578	0.159021	0.161521	1.000000	0.676233	
3482	0.202381	0.216860	0.197484	0.216008	0.191476	0.175526	0.165621	0.159049	0.154560	0.151505	0.149540	0.148459	0.148117	0.148396	0.149193	0.150415	0.151979	0.153813	0.155853	0.158046	0.160347	0.162719	1.000000	0.714227	
3483	0.214092	0.215796	0.198548	0.208343	0.197098	0.181493	0.170961	0.163744	0.158697	0.155172	0.152807	0.151381	0.150736	0.150747	0.151306	0.152315	0.153687	0.155349	0.157234	0.159287	0.161463	0.163721	1.000000	0.723402	
3484	0.200465	0.213879	0.198548	0.207704	0.200634	0.186259	0.175554	0.167931	0.162467	0.158562	0.155857	0.154128	0.153213	0.152981	0.153320	0.154131	0.155324	0.156824	0.158562	0.160483	0.162538	0.164688	1.000000	0.668498	
3485	0.213666	0.216860	0.209195	0.210259	0.203842	0.190622	0.179892	0.171962	0.166143	0.161897	0.158879	0.156866	0.155693	0.155227	0.155354	0.155971	0.156989	0.158329	0.159923	0.161712	0.163648	0.165690	1.000000	0.734154	
3486	0.212815	0.214944	0.201529	0.208769	0.205484	0.193922	0.183502	0.175467	0.169422	0.164921	0.161651	0.159398	0.158001	0.157327	0.157261	0.157702	0.158558	0.159750	0.161208	0.162874	0.164697	0.166636	1.000000	0.656947	
3487	0.193864	0.214305	0.185134	0.206001	0.205657	0.196118	0.186314	0.178375	0.172236	0.167571	0.164115	0.161671	0.160088	0.159236	0.159002	0.159286	0.159996	0.161053	0.162387	0.163939	0.165658	0.167502	1.000000	0.772471	
3488	0.212815	0.225377	0.212176	0.213453	0.208256	0.199270	0.189707	0.181716	0.175406	0.170531	0.166856	0.164197	0.162408	0.161362	0.160947	0.161062	0.161616	0.162529	0.163731	0.165161	0.166769	0.168511	1.000000	0.671110	
3489	0.207704	0.211324	0.198335	0.198548	0.205020	0.199139	0.190812	0.183319	0.177187	0.172339	0.168617	0.165873	0.163979	0.162820	0.162290	0.162291	0.162735	0.163543	0.164647	0.165986	0.167508	0.169172	1.000000	0.686011	
3490	0.203659	0.206001	0.192799	0.203872	0.204637	0.199999	0.192444	0.185277	0.179239	0.174373	0.170575	0.167727	0.165714	0.164430	0.163775	0.163654	0.163981	0.164679	0.165679	0.166921	0.168354	0.169934	1.000000	0.715873	
3491	0.205149	0.211963	0.204510	0.210046	0.206440	0.201826	0.194645	0.187636	0.181609	0.176675	0.172768	0.169791	0.167641	0.166219	0.165427	0.165175	0.165377	0.165957	0.166847	0.167986	0.169324	0.170816	1.000000	0.710096	
3492	0.215370	0.226868	0.215157	0.225590	0.212824	0.206147	0.198513	0.191250	0.184992	0.179831	0.175703	0.172513	0.170161	0.168547	0.167576	0.167156	0.167202	0.167637	0.168393	0.169408	0.170632	0.172020	1.000000	0.675551	
3493	0.223674	0.243050	0.223035	0.239218	0.221622	0.212160	0.203601	0.195819	0.189163	0.183662	0.179231	0.175767	0.173163	0.171319	0.170135	0.169518	0.169384	0.169653	0.170256	0.171132	0.172227	0.173497	0.000000	0.696446	
3494	0.246031	0.250290	0.220906	0.225590	0.222944	0.214602	0.206350	0.198654	0.191965	0.186367	0.181807	0.178197	0.175443	0.173447	0.172115	0.171357	0.171087	0.171229	0.171713	0.172477	0.173468	0.174641	0.000000	0.725217	
3495	0.225803	0.231126	0.215796	0.222822	0.222904	0.216096	0.208409	0.200956	0.194339	0.188719	0.184085	0.180374	0.177503	0.175383	0.173926	0.173044	0.172655	0.172682	0.173058	0.173720	0.174616	0.175700	0.000000	0.697880	
3496	0.230913	0.231978	0.216434	0.219628	0.221812	0.216738	0.209811	0.202734	0.196284	0.190713	0.186060	0.182289	0.179334	0.177118	0.175558	0.174572	0.174079	0.174005	0.174283	0.174853	0.175663	0.176666	0.000000	0.705511	
3497	0.223248	0.226442	0.217925	0.225164	0.222929	0.218270	0.211730	0.204870	0.198506	0.192936	0.188233	0.184380	0.181327	0.179002	0.177330	0.176230	0.175627	0.175446	0.175622	0.176096	0.176814	0.177732	0.000000	0.664821	
3498	0.223674	0.231339	0.222183	0.224313	0.223390	0.219369	0.213303	0.206722	0.200491	0.194960	0.190237	0.186328	0.183196	0.180779	0.179008	0.177807	0.177102	0.176822	0.176903	0.177286	0.177919	0.178755	0.000000	0.648480	
3499	0.227294	0.232830	0.224739	0.229636	0.225472	0.221236	0.215345	0.208904	0.202733	0.197197	0.192426	0.188441	0.185215	0.182695	0.180816	0.179506	0.178694	0.178310	0.178291	0.178579	0.179121	0.179874	0.000000	0.638215	
3500	0.232191	0.234959	0.224951	0.227932	0.226292	0.222453	0.216918	0.210716	0.204671	0.199180	0.194398	0.190367	0.187072	0.184469	0.182499	0.181094	0.180186	0.179708	0.179597	0.179797	0.180256	0.180930	0.000000	0.747684	
3501	0.228358	0.232617	0.221758	0.230913	0.227833	0.223992	0.218668	0.212640	0.206690	0.201228	0.196427	0.192345	0.188978	0.186291	0.184228	0.182727	0.181723	0.181150	0.180948	0.181059	0.181434	0.182029	0.000000	0.733887	
3502	0.243689	0.243902	0.219841	0.223674	0.226446	0.223934	0.219293	0.213691	0.207996	0.202676	0.197941	0.193873	0.190487	0.187757	0.185637	0.184070	0.182994	0.182348	0.182072	0.182112	0.182417	0.182944	0.000000	0.619402	
3503	0.220480	0.221332	0.204297	0.206427	0.219773	0.220751	0.217685	0.212999	0.207876	0.202918	0.198412	0.194486	0.191180	0.188489	0.186379	0.184803	0.183704	0.183026	0.182713	0.182712	0.182975	0.183460	0.000000	0.680205	
3504	0.203659	0.211324	0.200891	0.205362	0.214969	0.217953	0.216145	0.212272	0.207682	0.203075	0.198798	0.195016	0.191796	0.189150	0.187057	0.185477	0.184361	0.183656	0.183309	0.183271	0.183496	0.183941	0.000000	0.726777	
3505	0.205788	0.219841	0.205788	0.218989	0.216309	0.218141	0.216500	0.212911	0.208552	0.204102	0.199920	0.196186	0.192979	0.190321	0.188198	0.186576	0.185410	0.184651	0.184248	0.184153	0.184321	0.184712	0.000000	0.727268	
3506	0.219841	0.222609	0.207065	0.210259	0.214293	0.216708	0.215720	0.212659	0.208683	0.204499	0.200494	0.196872	0.193730	0.191102	0.188985	0.187352	0.186163	0.185372	0.184933	0.184798	0.184924	0.185273	0.000000	0.677432	
3507	0.208343	0.208982	0.202807	0.205149	0.211245	0.214607	0.214399	0.211944	0.208412	0.204541	0.200753	0.197276	0.194227	0.191653	0.189563	0.187936	0.186738	0.185929	0.185465	0.185300	0.185395	0.185710	0.000000	0.614407	
3508	0.204510	0.205788	0.195141	0.195780	0.206090	0.211184	0.212071	0.210404	0.207440	0.203976	0.200477	0.197203	0.194294	0.191815	0.189785	0.188193	0.187012	0.186207	0.185736	0.185559	0.185636	0.185931	0.000000	0.581575	
3509	0.198122	0.201529	0.193651	0.198974	0.203718	0.208964	0.210434	0.209316	0.206789	0.203653	0.200393	0.197289	0.194498	0.192096	0.190113	0.188546	0.187375	0.186567	0.186084	0.185890	0.185946	0.186218	0.000000	0.748685	
3510	0.197484	0.204936	0.195993	0.201316	0.202918	0.207573	0.209295	0.208554	0.206368	0.203503	0.200445	0.197486	0.194794	0.192458	0.190513	0.188965	0.187797	0.186982	0.186485	0.186271	0.186304	0.186550	0.000000	0.647080	
3511	0.202594	0.204084	0.193864	0.194503	0.200113	0.205197	0.207446	0.207216	0.205455	0.202922	0.200114	0.197340	0.194781	0.192538	0.190656	0.189147	0.188001	0.187194	0.186696	0.186474	0.186495	0.186724	0.000000	0.662034	
3512	0.196632	0.201316	0.192799	0.195141	0.198456	0.203369	0.205908	0.206066	0.204662	0.202420	0.199838	0.197233	0.194797	0.192640	0.190816	0.189343	0.188217	0.187418	0.186919	0.186688	0.186696	0.186909	0.000000	0.695807	
3513	0.199187	0.207704	0.197484	0.206214	0.201042	0.203886	0.205946	0.206080	0.204781	0.202665	0.200192	0.197671	0.195293	0.193172	0.191366	0.189896	0.188762	0.187947	0.187426	0.187171	0.187150	0.187334	0.000000	0.687272	
3514	0.207917	0.210898	0.202807	0.204297	0.202127	0.203961	0.205740	0.205910	0.204744	0.202770	0.200420	0.197994	0.195685	0.193608	0.191828	0.190369	0.189233	0.188408	0.187870	0.187593	0.187548	0.187707	0.000000	0.612902	
3515	0.205149	0.205149	0.196419	0.199613	0.201289	0.203170	0.204974	0.205310	0.204349	0.202566	0.200376	0.198073	0.195856	0.193844	0.192106	0.190672	0.189548	0.188723	0.188179	0.187890	0.187829	0.187968	0.000000	0.648743	
3516	0.200465	0.203872	0.197484	0.199613	0.200730	0.202523	0.204304	0.204768	0.203985	0.202376	0.200333	0.198148	0.196019	0.194070	0.192374	0.190965	0.189853	0.189030	0.188480	0.188180	0.188103	0.188224	0.000000	0.627552	
3517	0.200465	0.212389	0.199613	0.208769	0.203410	0.203659	0.204862	0.205149	0.204353	0.202788	0.200802	0.198666	0.196573	0.194647	0.192959	0.191549	0.190426	0.189586	0.189014	0.188688	0.188584	0.188676	0.000000	0.545013	
3518	0.215157	0.218138	0.207065	0.210472	0.205764	0.204898	0.205563	0.205656	0.204824	0.203284	0.201339	0.199242	0.197178	0.195267	0.193585	0.192169	0.191033	0.190175	0.189579	0.189226	0.189093	0.189155	0.000000	0.704983	
3519	0.211537	0.211750	0.205575	0.210898	0.207475	0.205989	0.206230	0.206155	0.205291	0.203775	0.201870	0.199811	0.197774	0.195880	0.194203	0.192783	0.191635	0.190758	0.190140	0.189761	0.189600	0.189633	0.000000	0.572401	
3520	0.205788	0.209621	0.205149	0.209195	0.208049	0.206572	0.206601	0.206445	0.205591	0.204125	0.202277	0.200269	0.198271	0.196402	0.194739	0.193321	0.192167	0.191278	0.190641	0.190241	0.190055	0.190063	0.000000	0.729397	
3521	0.208130	0.210685	0.206640	0.208982	0.208360	0.207010	0.206898	0.206686	0.205852	0.204438	0.202650	0.200694	0.198736	0.196896	0.195247	0.193835	0.192677	0.191776	0.191124	0.190704	0.190496	0.190478	0.000000	0.580978	
3522	0.209621	0.218989	0.206853	0.216860	0.211193	0.208801	0.208144	0.207655	0.206699	0.205240	0.203439	0.201482	0.199524	0.197679	0.196019	0.194590	0.193410	0.192483	0.191801	0.191349	0.191109	0.191058	0.000000	0.638666	
3523	0.219415	0.221332	0.211324	0.211750	0.211379	0.209337	0.208594	0.208045	0.207087	0.205660	0.203901	0.201983	0.200056	0.198230	0.196581	0.195152	0.193965	0.193026	0.192326	0.191853	0.191589	0.191513	0.000000	0.679712	
3524	0.214731	0.218351	0.211963	0.218351	0.213703	0.210976	0.209814	0.209027	0.207954	0.206478	0.204704	0.202782	0.200851	0.199019	0.197358	0.195913	0.194704	0.193739	0.193011	0.192507	0.192211	0.192103	0.000000	0.566381	
3525	0.215370	0.218138	0.210898	0.211963	0.213123	0.211155	0.210083	0.209306	0.208262	0.206832	0.205107	0.203229	0.201335	0.199527	0.197880	0.196439	0.195227	0.194252	0.193510	0.192988	0.192670	0.192539	0.000000	0.700870	
3526	0.215157	0.216647	0.211537	0.212389	0.212878	0.211380	0.210371	0.209600	0.208580	0.207191	0.205511	0.203676	0.201815	0.200031	0.198398	0.196962	0.195747	0.194763	0.194007	0.193467	0.193129	0.192976	0.000000	0.642830	
3527	0.214518	0.217925	0.207704	0.208130	0.211295	0.210789	0.210091	0.209460	0.208545	0.207251	0.205657	0.203894	0.202090	0.200349	0.198746	0.197328	0.196123	0.195140	0.194378	0.193829	0.193478	0.193309	0.000000	0.570892	
3528	0.210046	0.216221	0.209834	0.213453	0.212015	0.211273	0.210511	0.209840	0.208923	0.207651	0.206090	0.204360	0.202584	0.200863	0.199271	0.197857	0.196648	0.195656	0.194880	0.194313	0.193942	0.193751	0.000000	0.640832	
3529	0.213666	0.213879	0.198548	0.200252	0.208094	0.209269	0.209229	0.208927	0.208256	0.207174	0.205766	0.204159	0.202482	0.200839	0.199306	0.197935	0.196757	0.195785	0.195022	0.194460	0.194089	0.193894	0.000000	0.571854	
3530	0.201529	0.213240	0.201103	0.213240	0.209809	0.209991	0.209730	0.209338	0.208639	0.207565	0.206181	0.204602	0.202950	0.201325	0.199804	0.198437	0.197257	0.196277	0.195501	0.194924	0.194535	0.194319	0.000000	0.674098	
3531	0.208769	0.221332	0.200678	0.205575	0.208398	0.209188	0.209211	0.208979	0.208403	0.207437	0.206147	0.204650	0.203064	0.201492	0.200010	0.198671	0.197509	0.196539	0.195766	0.195187	0.194791	0.194567	0.000000	0.637451	
3532	0.206640	0.208556	0.201316	0.202168	0.206321	0.207912	0.208330	0.208331	0.207924	0.207097	0.205926	0.204529	0.203025	0.201518	0.200087	0.198786	0.197650	0.196697	0.195935	0.195359	0.194963	0.194734	0.000000	0.591533	
3533	0.204510	0.205575	0.187689	0.190883	0.201175	0.204816	0.206149	0.206669	0.206613	0.206051	0.205090	0.203863	0.202497	0.201101	0.199758	0.198527	0.197445	0.196534	0.195802	0.195249	0.194868	0.194649	0.000000	0.657598	
3534	0.194929	0.198761	0.190883	0.194929	0.199093	0.203018	0.204747	0.205551	0.205714	0.205333	0.204526	0.203427	0.202168	0.200859	0.199586	0.198409	0.197369	0.196488	0.195779	0.195241	0.194869	0.194655	0.000000	0.649669	
3535	0.192799	0.194077	0.180662	0.182366	0.193517	0.199263	0.201949	0.203343	0.203918	0.203852	0.203295	0.202400	0.201307	0.200134	0.198971	0.197883	0.196914	0.196091	0.195426	0.194923	0.194579	0.194385	0.000000	0.682155	
3536	0.177043	0.181727	0.172145	0.177043	0.188026	0.195223	0.198836	0.200838	0.201851	0.202122	0.201836	0.201163	0.200252	0.199228	0.198188	0.197199	0.196312	0.195554	0.194942	0.194481	0.194171	0.194004	0.000000	0.601600	
3537	0.173849	0.184282	0.162351	0.182579	0.186210	0.192924	0.196804	0.199099	0.200368	0.200861	0.200766	0.200256	0.199484	0.198576	0.197630	0.196720	0.195896	0.195188	0.194617	0.194187	0.193901	0.193753	0.000000	0.725071	
3538	0.179385	0.187263	0.173210	0.175978	0.182799	0.189843	0.194201	0.196897	0.198492	0.199256	0.199389	0.199072	0.198462	0.197689	0.196857	0.196040	0.195292	0.194647	0.194126	0.193738	0.193484	0.193362	0.000000	0.662840	
3539	0.185347	0.187050	0.182153	0.183430	0.183010	0.188677	0.192854	0.195614	0.197333	0.198235	0.198503	0.198309	0.197808	0.197130	0.196377	0.195627	0.194933	0.194331	0.193845	0.193483	0.193251	0.193144	0.000000	0.645130	
3540	0.184708	0.185986	0.178533	0.183005	0.183008	0.187646	0.191623	0.194414	0.196231	0.197252	0.197642	0.197563	0.197165	0.196576	0.195900	0.195213	0.194571	0.194012	0.193559	0.193225	0.193012	0.192921	0.000000	0.723946	
3541	0.180875	0.189179	0.178533	0.187263	0.184426	0.187576	0.191078	0.193733	0.195541	0.196608	0.197065	0.197060	0.196734	0.196211	0.195591	0.194952	0.194350	0.193822	0.193394	0.193077	0.192879	0.192797	0.000000	0.674080	
3542	0.186624	0.188754	0.181514	0.182792	0.183881	0.186706	0.190042	0.192691	0.194561	0.195716	0.196272	0.196364	0.196128	0.195685	0.195134	0.194553	0.193999	0.193511	0.193115	0.192823	0.192644	0.192577	0.000000	0.609268	
3543	0.185134	0.187263	0.183643	0.187263	0.185009	0.186807	0.189695	0.192174	0.193999	0.195171	0.195772	0.195920	0.195743	0.195355	0.194853	0.194314	0.193795	0.193335	0.192961	0.192686	0.192519	0.192460	0.000000	0.598835	
3544	0.183643	0.185347	0.174487	0.174913	0.181644	0.184645	0.187847	0.190530	0.192531	0.193864	0.194613	0.194895	0.194837	0.194553	0.194141	0.193678	0.193223	0.192817	0.192486	0.192247	0.192109	0.192075	0.000000	0.661506	
3545	0.175978	0.177681	0.160860	0.161712	0.175000	0.180475	0.184580	0.187785	0.190160	0.191790	0.192785	0.193277	0.193397	0.193265	0.192983	0.192630	0.192268	0.191940	0.191676	0.191493	0.191403	0.191407	0.000000	0.648329	
3546	0.164267	0.171294	0.157666	0.160434	0.170144	0.176831	0.181562	0.185180	0.187874	0.189767	0.190988	0.191675	0.191964	0.191978	0.191820	0.191575	0.191304	0.191053	0.190854	0.190726	0.190682	0.190726	0.000000	0.624153	
3547	0.149575	0.156814	0.147446	0.147446	0.162578	0.171489	0.177297	0.181587	0.184764	0.187036	0.188569	0.189517	0.190028	0.190231	0.190235	0.190128	0.189975	0.189824	0.189711	0.189658	0.189677	0.189775	0.000000	0.527256	
3548	0.148510	0.149788	0.139780	0.145529	0.156895	0.166769	0.173326	0.178153	0.181746	0.184359	0.186178	0.187371	0.188093	0.188478	0.188639	0.188665	0.188628	0.188577	0.188549	0.188568	0.188650	0.188803	0.000000	0.581279	
3549	0.144039	0.144677	0.134244	0.134244	0.149345	0.160855	0.168441	0.173971	0.178092	0.181125	0.183292	0.184780	0.185752	0.186351	0.186696	0.186881	0.186980	0.187046	0.187120	0.187227	0.187385	0.187604	1.000000	0.662158	
3550	0.138290	0.149575	0.136586	0.145316	0.148002	0.158030	0.165550	0.171242	0.175571	0.178815	0.181183	0.182855	0.183994	0.184742	0.185218	0.185518	0.185717	0.185871	0.186020	0.186192	0.186407	0.186674	1.000000	0.483208	
3551	0.145103	0.161286	0.142974	0.159795	0.151933	0.158351	0.164831	0.170152	0.174357	0.177588	0.179994	0.181730	0.182942	0.183764	0.184310	0.184675	0.184932	0.185136	0.185329	0.185540	0.185788	0.186084	0.000000	0.732927	
3552	0.162563	0.164693	0.150001	0.153833	0.152567	0.157529	0.163456	0.168598	0.172778	0.176055	0.178541	0.180369	0.181676	0.182590	0.183222	0.183664	0.183989	0.184254	0.184501	0.184757	0.185045	0.185375	0.000000	0.651878	
3553	0.155111	0.159795	0.151704	0.155324	0.153486	0.157128	0.162440	0.167333	0.171436	0.174718	0.177251	0.179147	0.180530	0.181521	0.182225	0.182735	0.183121	0.183439	0.183733	0.184031	0.184353	0.184714	0.000000	0.562393	
3554	0.152556	0.153620	0.143826	0.145529	0.150833	0.155020	0.160326	0.165257	0.169443	0.172835	0.175489	0.177507	0.179009	0.180109	0.180915	0.181515	0.181982	0.182372	0.182727	0.183080	0.183450	0.183853	0.000000	0.705725	
3555	0.147871	0.154472	0.147020	0.148297	0.149988	0.153797	0.158822	0.163642	0.167816	0.171252	0.173978	0.176083	0.177673	0.178862	0.179750	0.180426	0.180961	0.181412	0.181821	0.182221	0.182633	0.183072	0.000000	0.603787	
3556	0.141909	0.153195	0.139354	0.152130	0.150702	0.153494	0.157986	0.162545	0.166610	0.170018	0.172764	0.174914	0.176563	0.177814	0.178764	0.179498	0.180087	0.180587	0.181040	0.181478	0.181924	0.182392	0.000000	0.641359	
3557	0.150214	0.156601	0.138077	0.138290	0.146565	0.150730	0.155524	0.160235	0.164431	0.167971	0.170849	0.173128	0.174899	0.176264	0.177318	0.178147	0.178821	0.179395	0.179915	0.180412	0.180909	0.181422	0.000000	0.684775	
3558	0.140845	0.145529	0.135734	0.144677	0.145936	0.149629	0.154168	0.158753	0.162912	0.166468	0.169395	0.171740	0.173585	0.175025	0.176152	0.177050	0.177786	0.178417	0.178988	0.179529	0.180066	0.180615	0.000000	0.682006	
3559	0.140419	0.144465	0.133605	0.144465	0.145445	0.148690	0.152955	0.157393	0.161493	0.165049	0.168010	0.170409	0.172319	0.173826	0.175021	0.175981	0.176776	0.177461	0.178079	0.178664	0.179238	0.179820	0.000000	0.543915	
3560	0.140632	0.145103	0.137864	0.141058	0.143983	0.147302	0.151468	0.155837	0.159921	0.163501	0.166513	0.168977	0.170960	0.172541	0.173808	0.174836	0.175694	0.176436	0.177105	0.177735	0.178350	0.178968	0.000000	0.539325	
3561	0.142974	0.144252	0.134244	0.134244	0.140736	0.144928	0.149315	0.153780	0.157946	0.161613	0.164720	0.167283	0.169363	0.171040	0.172395	0.173505	0.174438	0.175247	0.175977	0.176661	0.177325	0.177985	0.000000	0.585512	
3562	0.136586	0.138077	0.129985	0.129985	0.137153	0.142211	0.146899	0.151514	0.155795	0.159573	0.162790	0.165464	0.167651	0.169430	0.170880	0.172078	0.173091	0.173972	0.174767	0.175509	0.176224	0.176930	0.000000	0.648203	
3563	0.127856	0.131263	0.126153	0.126791	0.133699	0.139408	0.144385	0.149160	0.153564	0.157458	0.160790	0.163577	0.165875	0.167757	0.169305	0.170594	0.171688	0.172643	0.173504	0.174306	0.175074	0.175828	0.000000	0.729815	
3564	0.124875	0.127856	0.119765	0.123385	0.130261	0.136494	0.141760	0.146705	0.151242	0.155260	0.158712	0.161617	0.164027	0.166017	0.167665	0.169046	0.170224	0.171256	0.172185	0.173049	0.173872	0.174676	0.000000	0.573960	
3565	0.122533	0.124662	0.115719	0.118061	0.126194	0.133143	0.138798	0.143977	0.148690	0.152860	0.156454	0.159492	0.162029	0.164137	0.165894	0.167374	0.168643	0.169757	0.170761	0.171691	0.172574	0.173432	0.000000	0.601996	
3566	0.115932	0.122746	0.114229	0.116997	0.123129	0.130207	0.136073	0.141407	0.146252	0.150546	0.154262	0.157419	0.160071	0.162288	0.164148	0.165722	0.167078	0.168271	0.169346	0.170340	0.171282	0.172191	0.000000	0.683633	
3567	0.115080	0.115932	0.108480	0.108693	0.118317	0.126296	0.132650	0.138292	0.143363	0.147846	0.151730	0.155042	0.157837	0.160186	0.162167	0.163853	0.165309	0.166593	0.167750	0.168818	0.169826	0.170796	1.000000	0.701367	
3568	0.097194	0.105925	0.092297	0.099963	0.112199	0.121508	0.128564	0.134641	0.140024	0.144757	0.148854	0.152355	0.155321	0.157825	0.159945	0.161758	0.163329	0.164716	0.165966	0.167118	0.168201	0.169239	1.000000	0.585791	
3569	0.104434	0.107202	0.099111	0.099111	0.107836	0.117436	0.124883	0.131257	0.136877	0.141812	0.146091	0.149758	0.152877	0.155522	0.157773	0.159704	0.161383	0.162868	0.164207	0.165439	0.166595	0.167698	1.000000	0.695533	
3570	0.103795	0.105073	0.099111	0.105073	0.106915	0.115188	0.122406	0.128764	0.134431	0.139441	0.143812	0.147578	0.150798	0.153544	0.155891	0.157913	0.159676	0.161240	0.162651	0.163948	0.165164	0.166321	1.000000	0.504431	
3571	0.107628	0.122107	0.107202	0.121894	0.111908	0.116407	0.122342	0.128109	0.133466	0.138309	0.142594	0.146325	0.149542	0.152303	0.154676	0.156732	0.158531	0.160131	0.161578	0.162910	0.164158	0.165345	0.000000	0.687179	
3572	0.116571	0.131902	0.115293	0.124023	0.115946	0.117792	0.122552	0.127720	0.132740	0.137388	0.141563	0.145238	0.148432	0.151194	0.153582	0.155659	0.157486	0.159114	0.160590	0.161950	0.163224	0.164437	0.000000	0.708228	
3573	0.117423	0.129772	0.113377	0.127643	0.119845	0.119583	0.123189	0.127713	0.132348	0.136759	0.140789	0.144379	0.147528	0.150270	0.152655	0.154741	0.156581	0.158228	0.159723	0.161103	0.162397	0.163628	0.000000	0.694101	
3574	0.118274	0.125514	0.113803	0.114867	0.118186	0.118726	0.122149	0.126490	0.131003	0.135347	0.139349	0.142940	0.146108	0.148882	0.151306	0.153433	0.155317	0.157006	0.158542	0.159961	0.161291	0.162556	0.000000	0.702997	
3575	0.118274	0.120191	0.109331	0.119765	0.118712	0.118915	0.121851	0.125849	0.130139	0.134341	0.138261	0.141809	0.144963	0.147740	0.150179	0.152330	0.154240	0.155957	0.157522	0.158969	0.160326	0.161616	0.000000	0.618239	
3576	0.122107	0.128069	0.113803	0.118487	0.118637	0.118837	0.121430	0.125148	0.129242	0.133318	0.137163	0.140672	0.143812	0.146593	0.149047	0.151220	0.153157	0.154902	0.156495	0.157969	0.159353	0.160668	0.000000	0.672235	
3577	0.115080	0.118487	0.113164	0.113164	0.116813	0.117805	0.120397	0.124007	0.128006	0.132018	0.135829	0.139330	0.142479	0.145282	0.147766	0.149972	0.151945	0.153726	0.155354	0.156863	0.158279	0.159624	0.000000	0.713135	
3578	0.113164	0.119126	0.113164	0.115932	0.116519	0.117465	0.119839	0.123238	0.127077	0.130980	0.134724	0.138188	0.141325	0.144131	0.146629	0.148856	0.150853	0.152661	0.154317	0.155852	0.157294	0.158664	0.000000	0.583845	
3579	0.119552	0.121468	0.109970	0.110609	0.114549	0.116218	0.118685	0.122035	0.125810	0.129666	0.133384	0.136843	0.139990	0.142816	0.145343	0.147602	0.149634	0.151477	0.153167	0.154735	0.156208	0.157608	0.000000	0.607554	
3580	0.100175	0.105499	0.098259	0.101666	0.110255	0.113572	0.116558	0.120095	0.123953	0.127860	0.131622	0.135127	0.138323	0.141202	0.143783	0.146096	0.148180	0.150074	0.151811	0.153425	0.154940	0.156378	0.000000	0.656408	
3581	0.101027	0.102092	0.093575	0.095065	0.105192	0.110207	0.113871	0.117711	0.121731	0.125744	0.129591	0.133173	0.136443	0.139393	0.142043	0.144423	0.146571	0.148524	0.150318	0.151984	0.153547	0.155031	0.000000	0.616466	
3582	0.097407	0.107415	0.096769	0.105286	0.105223	0.109313	0.112798	0.116528	0.120466	0.124424	0.128241	0.131812	0.135088	0.138056	0.140730	0.143140	0.145320	0.147306	0.149133	0.150831	0.152425	0.153937	0.000000	0.634775	
3583	0.103369	0.104647	0.099324	0.099324	0.103257	0.107496	0.111114	0.114889	0.118839	0.122805	0.126634	0.130228	0.133533	0.136537	0.139251	0.141703	0.143926	0.145955	0.147822	0.149559	0.151190	0.152737	0.000000	0.671238	
3584	0.096982	0.097194	0.091658	0.093788	0.100100	0.105004	0.108948	0.112880	0.116912	0.120933	0.124810	0.128450	0.131805	0.134860	0.137627	0.140132	0.142407	0.144485	0.146400	0.148182	0.149855	0.151441	0.000000	0.706214	
3585	0.086122	0.086122	0.076966	0.080373	0.093525	0.100526	0.105376	0.109784	0.114102	0.118316	0.122341	0.126105	0.129569	0.132724	0.135583	0.138173	0.140527	0.142679	0.144663	0.146508	0.148239	0.149879	1.000000	0.500546	
3586	0.072708	0.083993	0.072495	0.080160	0.089070	0.096823	0.102224	0.106963	0.111491	0.115854	0.119997	0.123864	0.127420	0.130662	0.133603	0.136271	0.138697	0.140918	0.142965	0.144869	0.146656	0.148347	1.000000	0.567021	
3587	0.083567	0.085696	0.076115	0.077179	0.085106	0.093251	0.099093	0.104126	0.108851	0.113359	0.117619	0.121586	0.125236	0.128565	0.131588	0.134333	0.136833	0.139123	0.141234	0.143198	0.145040	0.146783	1.000000	0.703493	
3588	0.075476	0.075689	0.069088	0.069088	0.079767	0.088858	0.095343	0.100789	0.105793	0.110503	0.114923	0.119025	0.122795	0.126232	0.129356	0.132194	0.134780	0.137150	0.139336	0.141368	0.143274	0.145075	1.000000	0.677779	
3589	0.087613	0.090807	0.080799	0.081438	0.080324	0.087509	0.093605	0.098946	0.103919	0.108628	0.113062	0.117192	0.120997	0.124476	0.127645	0.130530	0.133164	0.135580	0.137812	0.139888	0.141836	0.143677	1.000000	0.592890	
3590	0.080799	0.098685	0.078883	0.097407	0.086018	0.089309	0.094080	0.098800	0.103418	0.107904	0.112193	0.116227	0.119971	0.123414	0.126565	0.129444	0.132080	0.134505	0.136749	0.138839	0.140803	0.142660	1.000000	0.476108	
3591	0.124023	0.125088	0.114655	0.119339	0.097125	0.094769	0.097237	0.100756	0.104643	0.108642	0.112590	0.116379	0.119944	0.123254	0.126307	0.129113	0.131694	0.134078	0.136290	0.138358	0.140303	0.142147	0.000000	0.713535	
3592	0.119339	0.119339	0.103795	0.105073	0.099774	0.096642	0.098217	0.101167	0.104676	0.108411	0.112172	0.115827	0.119297	0.122541	0.125548	0.128324	0.130888	0.133261	0.135469	0.137536	0.139484	0.141333	0.000000	0.567630	
3593	0.103795	0.107202	0.099963	0.101453	0.100334	0.097517	0.098621	0.101194	0.104428	0.107962	0.111576	0.115126	0.118521	0.121714	0.124688	0.127443	0.129996	0.132365	0.134574	0.136645	0.138600	0.140456	0.000000	0.665229	
3594	0.100175	0.101453	0.097194	0.101240	0.100636	0.098194	0.098949	0.101198	0.104183	0.107529	0.111002	0.114449	0.117770	0.120912	0.123850	0.126584	0.129124	0.131488	0.133697	0.135771	0.137731	0.139594	0.000000	0.651772	
3595	0.098472	0.104647	0.098259	0.102731	0.101334	0.099019	0.099421	0.101344	0.104071	0.107219	0.110543	0.113877	0.117116	0.120199	0.123096	0.125802	0.128324	0.130678	0.132882	0.134955	0.136917	0.138784	0.000000	0.617432	
3596	0.098685	0.100814	0.093575	0.100388	0.101019	0.099268	0.099542	0.101253	0.103788	0.106778	0.109979	0.113219	0.116389	0.119422	0.122285	0.124969	0.127478	0.129825	0.132027	0.134102	0.136067	0.137940	0.000000	0.713309	
3597	0.093788	0.095704	0.091871	0.094001	0.098679	0.098310	0.098850	0.100563	0.103035	0.105954	0.109091	0.112282	0.115415	0.118425	0.121275	0.123954	0.126463	0.128816	0.131026	0.133111	0.135089	0.136974	1.000000	0.695521	
3598	0.096130	0.098685	0.094639	0.096343	0.097901	0.097952	0.098536	0.100161	0.102520	0.105334	0.108383	0.111504	0.114586	0.117559	0.120385	0.123048	0.125551	0.127901	0.130113	0.132204	0.134188	0.136081	0.000000	0.651016	
3599	0.096343	0.096769	0.092297	0.093362	0.096388	0.097118	0.097889	0.099513	0.101816	0.104562	0.107548	0.110619	0.113663	0.116610	0.119419	0.122075	0.124575	0.126928	0.129146	0.131245	0.133239	0.135142	1.000000	0.647147	
3600	0.091658	0.092936	0.085909	0.086761	0.093179	0.095235	0.096498	0.098299	0.100658	0.103413	0.106393	0.109455	0.112494	0.115439	0.118253	0.120917	0.123429	0.125797	0.128031	0.130146	0.132158	0.134079	1.000000	0.772511	
3601	0.087613	0.095917	0.087613	0.095917	0.094091	0.095359	0.096426	0.098072	0.100293	0.102929	0.105811	0.108795	0.111773	0.114674	0.117455	0.120097	0.122596	0.124955	0.127186	0.129301	0.131315	0.133240	1.000000	0.632157	
3602	0.098259	0.102944	0.097833	0.098472	0.095552	0.095925	0.096681	0.098110	0.100153	0.102642	0.105404	0.108291	0.111195	0.114038	0.116777	0.119388	0.121865	0.124209	0.126430	0.128540	0.130551	0.132476	0.000000	0.729011	
3603	0.101453	0.101879	0.094213	0.098898	0.096667	0.096465	0.096958	0.098185	0.100056	0.102400	0.105042	0.107833	0.110660	0.113445	0.116139	0.118717	0.121169	0.123496	0.125705	0.127808	0.129815	0.131738	0.000000	0.735484	
3604	0.098898	0.104434	0.098898	0.104008	0.099114	0.097837	0.097840	0.098740	0.100360	0.102504	0.104985	0.107646	0.110371	0.113075	0.115706	0.118234	0.120649	0.122947	0.125134	0.127220	0.129215	0.131129	0.000000	0.743714	
3605	0.103369	0.112951	0.101240	0.112951	0.103726	0.100585	0.099729	0.100093	0.101329	0.103178	0.105427	0.107905	0.110483	0.113070	0.115607	0.118061	0.120415	0.122665	0.124814	0.126868	0.128837	0.130729	0.000000	0.627299	
3606	0.108267	0.109757	0.100175	0.100175	0.102543	0.100510	0.099784	0.100101	0.101240	0.102984	0.105136	0.107528	0.110035	0.112564	0.115056	0.117475	0.119802	0.122032	0.124165	0.126209	0.128170	0.130058	0.000000	0.713252	
3607	0.101240	0.103156	0.098472	0.100601	0.101896	0.100527	0.099887	0.100149	0.101191	0.102831	0.104884	0.107190	0.109625	0.112095	0.114540	0.116922	0.119220	0.121428	0.123545	0.125577	0.127529	0.129410	0.000000	0.740486	
3608	0.098259	0.099324	0.093149	0.093788	0.099193	0.099302	0.099124	0.099543	0.100622	0.102247	0.104267	0.106536	0.108936	0.111377	0.113799	0.116163	0.118450	0.120650	0.122762	0.124792	0.126744	0.128628	0.000000	0.517636	
3609	0.092510	0.098898	0.089955	0.095278	0.097888	0.098570	0.098643	0.099137	0.100210	0.101798	0.103768	0.105987	0.108342	0.110746	0.113137	0.115478	0.117747	0.119935	0.122039	0.124063	0.126012	0.127895	0.000000	0.611858	
3610	0.095278	0.097194	0.090594	0.091445	0.095740	0.097275	0.097744	0.098404	0.099536	0.101130	0.103083	0.105278	0.107608	0.109989	0.112362	0.114690	0.116950	0.119132	0.121234	0.123258	0.125209	0.127093	0.000000	0.731878	
3611	0.092510	0.093575	0.088464	0.092084	0.094522	0.096331	0.097036	0.097802	0.098963	0.100546	0.102472	0.104634	0.106933	0.109287	0.111638	0.113949	0.116197	0.118370	0.120467	0.122488	0.124438	0.126324	0.000000	0.801443	
3612	0.102092	0.105925	0.097833	0.101879	0.096974	0.097340	0.097642	0.098190	0.099187	0.100632	0.102439	0.104500	0.106713	0.108996	0.111290	0.113553	0.115763	0.117906	0.119978	0.121979	0.123914	0.125787	0.000000	0.645559	
3613	0.101666	0.101666	0.089955	0.092084	0.095344	0.096384	0.096947	0.097609	0.098641	0.100081	0.101864	0.103894	0.106077	0.108333	0.110604	0.112849	0.115045	0.117178	0.119244	0.121241	0.123173	0.125046	0.000000	0.586095	
3614	0.093788	0.094001	0.084206	0.085058	0.091915	0.094325	0.095461	0.096414	0.097596	0.099111	0.100930	0.102975	0.105163	0.107420	0.109691	0.111938	0.114137	0.116274	0.118344	0.120347	0.122287	0.124167	0.000000	0.746712	
3615	0.085270	0.085270	0.079947	0.083780	0.089203	0.092407	0.094001	0.095210	0.096533	0.098122	0.099977	0.102039	0.104233	0.106493	0.108766	0.111015	0.113217	0.115358	0.117434	0.119445	0.121391	0.123280	0.000000	0.738100	
3616	0.088251	0.098472	0.086761	0.094852	0.091086	0.092852	0.094107	0.095176	0.096404	0.097911	0.099693	0.101688	0.103825	0.106037	0.108269	0.110485	0.112660	0.114781	0.116840	0.118837	0.120774	0.122655	0.000000	0.756653	
3617	0.091871	0.093149	0.087613	0.090594	0.090922	0.092441	0.093668	0.094740	0.095957	0.097439	0.099187	0.101147	0.103250	0.105431	0.107638	0.109833	0.111992	0.114099	0.116149	0.118140	0.120072	0.121950	0.000000	0.641225	
3618	0.086548	0.092297	0.085483	0.086335	0.089393	0.091331	0.092751	0.093939	0.095217	0.096723	0.098473	0.100425	0.102515	0.104682	0.106877	0.109063	0.111214	0.113317	0.115365	0.117355	0.119288	0.121167	0.000000	0.637817	
3619	0.084206	0.085909	0.082502	0.085483	0.088090	0.090268	0.091843	0.093134	0.094468	0.095998	0.097752	0.099696	0.101774	0.103929	0.106113	0.108289	0.110434	0.112533	0.114578	0.116568	0.118502	0.120383	0.000000	0.734555	
3620	0.088251	0.091020	0.087400	0.089955	0.088712	0.090211	0.091607	0.092831	0.094121	0.095608	0.097318	0.099221	0.101260	0.103381	0.105536	0.107688	0.109814	0.111897	0.113930	0.115911	0.117838	0.119714	0.000000	0.474379	
3621	0.086974	0.088677	0.082928	0.087187	0.088203	0.089661	0.091054	0.092294	0.093588	0.095065	0.096756	0.098634	0.100648	0.102746	0.104881	0.107016	0.109128	0.111201	0.113227	0.115201	0.117125	0.118999	0.000000	0.693625	
3622	0.088464	0.092084	0.085058	0.085270	0.087226	0.088863	0.090331	0.091625	0.092948	0.094433	0.096117	0.097982	0.099980	0.102061	0.104180	0.106303	0.108405	0.110471	0.112491	0.114462	0.116384	0.118258	0.000000	0.660208	
3623	0.081438	0.083141	0.079308	0.081438	0.085296	0.087513	0.089220	0.090655	0.092062	0.093594	0.095302	0.097175	0.099174	0.101252	0.103368	0.105488	0.107588	0.109653	0.111674	0.113647	0.115571	0.117449	0.000000	0.686869	
3624	0.082289	0.082928	0.072921	0.073346	0.081313	0.084937	0.087235	0.089006	0.090623	0.092288	0.094082	0.096012	0.098051	0.100158	0.102296	0.104434	0.106550	0.108630	0.110665	0.112652	0.114589	0.116480	0.000000	0.635574	
3625	0.075902	0.077179	0.072921	0.076540	0.079722	0.083410	0.085899	0.087819	0.089539	0.091272	0.093108	0.095063	0.097115	0.099232	0.101376	0.103520	0.105641	0.107726	0.109767	0.111760	0.113705	0.115602	0.000000	0.734433	
3626	0.079096	0.081864	0.078244	0.079521	0.079655	0.082703	0.085101	0.087029	0.088769	0.090514	0.092353	0.094304	0.096351	0.098459	0.100595	0.102733	0.104849	0.106932	0.108971	0.110964	0.112910	0.114809	0.000000	0.721790	
3627	0.079521	0.079521	0.073559	0.074624	0.077978	0.081234	0.083792	0.085847	0.087681	0.089489	0.091368	0.093344	0.095406	0.097524	0.099668	0.101811	0.103934	0.106022	0.108067	0.110067	0.112019	0.113926	0.000000	0.768845	
3628	0.076966	0.078244	0.074198	0.074411	0.076789	0.079994	0.082619	0.084758	0.086660	0.088516	0.090426	0.092421	0.094493	0.096618	0.098766	0.100913	0.103039	0.105131	0.107182	0.109186	0.111145	0.113057	0.000000	0.682109	
3629	0.073772	0.075902	0.070791	0.074624	0.076067	0.079017	0.081620	0.083793	0.085734	0.087620	0.089548	0.091553	0.093629	0.095755	0.097904	0.100051	0.102178	0.104272	0.106325	0.108333	0.110295	0.112213	0.000000	0.696941	
3630	0.074624	0.081651	0.071430	0.078244	0.076793	0.078877	0.081198	0.083265	0.085158	0.087015	0.088920	0.090904	0.092960	0.095068	0.097202	0.099336	0.101453	0.103539	0.105586	0.107590	0.109550	0.111466	0.000000	0.632421	
3631	0.079308	0.081012	0.072921	0.074198	0.075928	0.078026	0.080323	0.082401	0.084315	0.086188	0.088102	0.090089	0.092145	0.094250	0.096380	0.098512	0.100627	0.102712	0.104760	0.106766	0.108728	0.110647	0.000000	0.527878	
3632	0.071004	0.071217	0.068236	0.068236	0.073364	0.076246	0.078812	0.081052	0.083078	0.085030	0.086998	0.089023	0.091105	0.093230	0.095375	0.097519	0.099645	0.101741	0.103799	0.105814	0.107786	0.109715	0.000000	0.622223	
3633	0.063765	0.068875	0.061422	0.065255	0.070661	0.074248	0.077117	0.079548	0.081707	0.083754	0.085790	0.087863	0.089981	0.092133	0.094299	0.096461	0.098603	0.100713	0.102784	0.104813	0.106797	0.108738	0.000000	0.757718	
3634	0.067810	0.069301	0.062487	0.065468	0.068930	0.072651	0.075661	0.078207	0.080458	0.082574	0.084661	0.086771	0.088915	0.091087	0.093269	0.095445	0.097599	0.099720	0.101802	0.103841	0.105836	0.107787	0.000000	0.672546	
3635	0.065468	0.066107	0.060784	0.061635	0.066499	0.070649	0.073908	0.076628	0.079010	0.081223	0.083382	0.085545	0.087729	0.089932	0.092140	0.094337	0.096509	0.098648	0.100745	0.102799	0.104808	0.106772	0.000000	0.723799	
3636	0.062274	0.062274	0.049286	0.049711	0.060903	0.066842	0.070883	0.074065	0.076756	0.079190	0.081512	0.083797	0.086076	0.088355	0.090624	0.092873	0.095091	0.097269	0.099402	0.101488	0.103527	0.105518	0.000000	0.527889	
3637	0.053331	0.054183	0.043749	0.044175	0.055327	0.062721	0.067545	0.071218	0.074250	0.076931	0.079437	0.081864	0.084255	0.086622	0.088965	0.091277	0.093548	0.095774	0.097949	0.100073	0.102146	0.104170	0.000000	0.704093	
3638	0.045027	0.053118	0.041194	0.053118	0.054591	0.060975	0.065742	0.069494	0.072625	0.075395	0.077975	0.080462	0.082901	0.085308	0.087685	0.090026	0.092323	0.094572	0.096769	0.098914	0.101006	0.103048	0.000000	0.688506	
3639	0.045879	0.047795	0.041833	0.042046	0.050409	0.057533	0.062780	0.066880	0.070272	0.073243	0.075979	0.078588	0.081124	0.083612	0.086055	0.088453	0.090799	0.093092	0.095329	0.097510	0.099635	0.101707	0.000000	0.671276	
3640	0.042472	0.042898	0.034168	0.034168	0.044995	0.053285	0.059203	0.063765	0.067495	0.070722	0.073656	0.076421	0.079083	0.081673	0.084202	0.086673	0.089083	0.091433	0.093720	0.095946	0.098113	0.100223	0.000000	0.648018	
3641	0.039065	0.039491	0.030761	0.031187	0.040392	0.049267	0.055701	0.060662	0.064702	0.068172	0.071297	0.074214	0.077000	0.079693	0.082309	0.084853	0.087329	0.089735	0.092074	0.094347	0.096556	0.098706	0.000000	0.668865	
3642	0.027780	0.027780	0.022670	0.026289	0.035691	0.045089	0.052025	0.057389	0.061747	0.065470	0.068796	0.071877	0.074796	0.077599	0.080308	0.082933	0.085479	0.087948	0.090343	0.092666	0.094922	0.097114	1.000000	0.609944	
3643	0.025012	0.031400	0.024799	0.027780	0.033054	0.041942	0.048994	0.054569	0.059134	0.063038	0.066518	0.069726	0.072751	0.075645	0.078432	0.081125	0.083731	0.086253	0.088697	0.091064	0.093361	0.095590	1.000000	0.717822	
3644	0.032677	0.033529	0.025651	0.025863	0.030657	0.039019	0.046103	0.051835	0.056575	0.060640	0.064259	0.067586	0.070713	0.073693	0.076555	0.079313	0.081977	0.084552	0.087043	0.089454	0.091791	0.094058	1.000000	0.561348	
3645	0.025863	0.025863	0.019689	0.021392	0.027569	0.035814	0.043014	0.048936	0.053869	0.058108	0.061878	0.065333	0.068568	0.071642	0.074584	0.077414	0.080141	0.082773	0.085315	0.087774	0.090154	0.092461	1.000000	0.641878	
3646	0.021818	0.030761	0.020540	0.029270	0.028136	0.034624	0.041296	0.047063	0.051977	0.056247	0.060066	0.063573	0.066860	0.069980	0.072966	0.075836	0.078600	0.081266	0.083841	0.086329	0.088738	0.091072	1.000000	0.732882	
3647	0.031400	0.041194	0.024586	0.029909	0.028727	0.033767	0.039873	0.045429	0.050279	0.054548	0.058391	0.061931	0.065253	0.068409	0.071428	0.074330	0.077124	0.079819	0.082421	0.084936	0.087370	0.089728	0.000000	0.698304	
3648	0.032038	0.035445	0.028206	0.035019	0.030824	0.033995	0.039266	0.044438	0.049105	0.053288	0.057092	0.060618	0.063939	0.067099	0.070128	0.073041	0.075848	0.078557	0.081174	0.083704	0.086152	0.088525	0.000000	0.659942	
3649	0.032890	0.035445	0.031187	0.032464	0.031371	0.033716	0.038416	0.043297	0.047825	0.051944	0.055724	0.059245	0.062570	0.065741	0.068783	0.071711	0.074534	0.077259	0.079892	0.082438	0.084904	0.087293	0.000000	0.583973	
3650	0.029057	0.030974	0.023521	0.023521	0.028754	0.031863	0.036554	0.041414	0.045956	0.050111	0.053935	0.057502	0.060873	0.064085	0.067166	0.070131	0.072988	0.075745	0.078409	0.080984	0.083476	0.085892	1.000000	0.599665	
3651	0.026076	0.028206	0.021818	0.027567	0.028359	0.031082	0.035430	0.040095	0.044541	0.048656	0.052470	0.056042	0.059424	0.062653	0.065752	0.068735	0.071611	0.074388	0.077071	0.079665	0.082176	0.084610	1.000000	0.523223	
3652	0.029057	0.037149	0.024799	0.032677	0.029798	0.031372	0.035086	0.039389	0.043628	0.047625	0.051371	0.054902	0.058262	0.061478	0.064571	0.067553	0.070432	0.073213	0.075902	0.078505	0.081025	0.083468	1.000000	0.634118	
3653	0.032677	0.033742	0.028419	0.028632	0.029409	0.030873	0.034279	0.038364	0.042475	0.046400	0.050107	0.053621	0.056973	0.060190	0.063287	0.066277	0.069165	0.071957	0.074658	0.077273	0.079806	0.082263	1.000000	0.718408	
3654	0.028632	0.028632	0.023095	0.023734	0.027518	0.029575	0.032961	0.036971	0.041033	0.044938	0.048642	0.052163	0.055528	0.058760	0.061875	0.064882	0.067788	0.070599	0.073318	0.075951	0.078502	0.080977	1.000000	0.651173	
3655	0.021392	0.022882	0.019689	0.022031	0.025689	0.028204	0.031595	0.035548	0.039572	0.043460	0.047164	0.050693	0.054072	0.057320	0.060452	0.063477	0.066402	0.069231	0.071969	0.074620	0.077189	0.079681	1.000000	0.654781	
3656	0.025012	0.027993	0.023521	0.026715	0.026031	0.027933	0.030985	0.034707	0.038583	0.042379	0.046028	0.049524	0.052882	0.056120	0.059247	0.062272	0.065199	0.068033	0.070778	0.073437	0.076015	0.078517	1.000000	0.730954	
3657	0.029057	0.029909	0.028206	0.029270	0.027111	0.028176	0.030771	0.034189	0.037866	0.041534	0.045097	0.048536	0.051856	0.055067	0.058176	0.061190	0.064110	0.066941	0.069685	0.072346	0.074928	0.077435	1.000000	0.751898	
3658	0.027780	0.030761	0.026076	0.026502	0.026908	0.027872	0.030237	0.033457	0.036992	0.040564	0.044064	0.047461	0.050753	0.053946	0.057045	0.060052	0.062971	0.065802	0.068549	0.071215	0.073802	0.076316	1.000000	0.663422	
3659	0.028632	0.034593	0.027993	0.031613	0.028476	0.028552	0.030409	0.033281	0.036578	0.039986	0.043372	0.046688	0.049921	0.053071	0.056137	0.059120	0.062020	0.064839	0.067577	0.070237	0.072821	0.075333	1.000000	0.597259	
3660	0.031825	0.035658	0.028844	0.029696	0.028883	0.028760	0.030320	0.032940	0.036049	0.039323	0.042612	0.045859	0.049042	0.052154	0.055192	0.058155	0.061041	0.063849	0.066580	0.069236	0.071818	0.074330	1.000000	0.689152	
3661	0.027780	0.029270	0.025651	0.026928	0.028231	0.028427	0.029896	0.032367	0.035347	0.038523	0.041741	0.044935	0.048080	0.051165	0.054183	0.057131	0.060007	0.062809	0.065537	0.068191	0.070774	0.073288	1.000000	0.600442	
3662	0.031400	0.039278	0.030548	0.039278	0.031913	0.030400	0.031069	0.033025	0.035650	0.038572	0.041604	0.044659	0.047698	0.050699	0.053651	0.056546	0.059379	0.062146	0.064846	0.067477	0.070042	0.072541	1.000000	0.649230	
3663	0.037362	0.044388	0.034593	0.036723	0.033517	0.031549	0.031775	0.033378	0.035732	0.038452	0.041333	0.044272	0.047220	0.050151	0.053046	0.055896	0.058692	0.061430	0.064106	0.066718	0.069267	0.071754	1.000000	0.713097	
3664	0.033529	0.036936	0.030974	0.035658	0.034230	0.032296	0.032261	0.033595	0.035726	0.038272	0.041018	0.043852	0.046718	0.049582	0.052425	0.055232	0.057994	0.060704	0.063357	0.065951	0.068485	0.070960	1.000000	0.636222	
3665	0.034381	0.040130	0.033955	0.036084	0.034848	0.032985	0.032739	0.033832	0.035754	0.038131	0.040743	0.043473	0.046255	0.049053	0.051841	0.054605	0.057330	0.060011	0.062639	0.065213	0.067732	0.070194	1.000000	0.587032	
3666	0.038852	0.040555	0.034806	0.035658	0.035118	0.033471	0.033104	0.034006	0.035747	0.037971	0.040461	0.043092	0.045795	0.048528	0.051264	0.053983	0.056674	0.059325	0.061929	0.064484	0.066986	0.069435	1.000000	0.654373	
3667	0.040130	0.043324	0.038000	0.041407	0.037215	0.034914	0.034142	0.034711	0.036182	0.038193	0.040514	0.043010	0.045604	0.048248	0.050911	0.053571	0.056211	0.058820	0.061389	0.063914	0.066391	0.068819	1.000000	0.746196	
3668	0.045027	0.046305	0.040555	0.045027	0.039819	0.036753	0.035502	0.035693	0.036862	0.038634	0.040764	0.043108	0.045579	0.048122	0.050701	0.053291	0.055872	0.058431	0.060959	0.063448	0.065894	0.068296	1.000000	0.731383	
3669	0.042898	0.052267	0.041620	0.052267	0.043968	0.039573	0.037598	0.037272	0.038047	0.039513	0.041403	0.043555	0.045870	0.048285	0.050757	0.053257	0.055763	0.058258	0.060730	0.063171	0.065577	0.067944	1.000000	0.660326	
3670	0.071856	0.071856	0.071856	0.071856	0.053264	0.045443	0.041880	0.040565	0.040648	0.041600	0.043095	0.044935	0.046999	0.049209	0.051511	0.053867	0.056251	0.058641	0.061023	0.063386	0.065723	0.068030	1.000000	0.716168	
3671	0.071856	0.100175	0.071856	0.085696	0.064075	0.052762	0.047357	0.044864	0.044113	0.044445	0.045462	0.046924	0.048682	0.050640	0.052732	0.054911	0.057143	0.059403	0.061672	0.063937	0.066188	0.068418	1.000000	0.688426	
3672	0.086335	0.092297	0.079947	0.088890	0.072347	0.059331	0.052549	0.049057	0.047558	0.047312	0.047875	0.048971	0.050430	0.052140	0.054023	0.056025	0.058105	0.060233	0.062388	0.064553	0.066716	0.068868	1.000000	0.750114	
3673	0.088890	0.098898	0.082715	0.091020	0.078571	0.065092	0.057358	0.053053	0.050901	0.050132	0.050271	0.051022	0.052195	0.053664	0.055344	0.057172	0.059102	0.061101	0.063142	0.065206	0.067281	0.069355	1.000000	0.767198	
3674	0.095917	0.097620	0.088677	0.093788	0.083643	0.070310	0.061911	0.056932	0.054200	0.052949	0.052689	0.053108	0.054003	0.055238	0.056717	0.058373	0.060153	0.062021	0.063948	0.065912	0.067897	0.069892	0.000000	0.755534	
3675	0.098046	0.101453	0.087613	0.101240	0.089509	0.075933	0.066827	0.061152	0.057818	0.056064	0.055386	0.055456	0.056057	0.057042	0.058307	0.059778	0.061398	0.063126	0.064930	0.066784	0.068673	0.070581	0.000000	0.776894	
3676	0.101027	0.106989	0.095278	0.104221	0.094413	0.081077	0.071502	0.065254	0.061388	0.059171	0.058099	0.057835	0.058151	0.058892	0.059947	0.061235	0.062696	0.064284	0.065964	0.067709	0.069499	0.071320	0.000000	0.686890	
3677	0.105073	0.106563	0.089529	0.089529	0.092785	0.082613	0.073755	0.067566	0.063552	0.061130	0.059845	0.059381	0.059515	0.060094	0.061004	0.062163	0.063509	0.064995	0.066584	0.068248	0.069965	0.071720	0.000000	0.678461	
3678	0.077392	0.080160	0.071643	0.072708	0.086093	0.080812	0.073624	0.068056	0.064257	0.061877	0.060560	0.060031	0.060089	0.060588	0.061422	0.062509	0.063788	0.065212	0.066745	0.068358	0.070029	0.071742	1.000000	0.662398	
3679	0.070578	0.085909	0.068449	0.085909	0.086031	0.081739	0.075160	0.069756	0.065922	0.063427	0.061968	0.061293	0.061212	0.061581	0.062296	0.063276	0.064458	0.065795	0.067249	0.068791	0.070398	0.072053	1.000000	0.766023	
3680	0.105499	0.106350	0.096130	0.104434	0.092166	0.085865	0.078819	0.073059	0.068885	0.066073	0.064328	0.063398	0.063091	0.063262	0.063801	0.064625	0.065670	0.066884	0.068228	0.069671	0.071190	0.072765	1.000000	0.683028	
3681	0.104221	0.105925	0.096343	0.104860	0.096397	0.089319	0.082074	0.076087	0.071652	0.068575	0.066579	0.065420	0.064907	0.064893	0.065268	0.065945	0.066857	0.067953	0.069192	0.070540	0.071973	0.073470	1.000000	0.716206	
3682	0.104008	0.108054	0.100814	0.103582	0.098792	0.091912	0.084763	0.078706	0.074108	0.070834	0.068635	0.067282	0.066588	0.066410	0.066636	0.067179	0.067970	0.068957	0.070097	0.071356	0.072708	0.074132	1.000000	0.755770	
3683	0.099111	0.106137	0.096556	0.104647	0.100744	0.094228	0.087248	0.081176	0.076457	0.073015	0.070636	0.069105	0.068243	0.067910	0.067993	0.068407	0.069082	0.069962	0.071006	0.072178	0.073451	0.074803	1.000000	0.748394	
3684	0.099750	0.101453	0.095065	0.097620	0.099703	0.094845	0.088545	0.082743	0.078085	0.074603	0.072135	0.070496	0.069520	0.069075	0.069052	0.069365	0.069946	0.070741	0.071706	0.072806	0.074013	0.075304	1.000000	0.694384	
3685	0.092297	0.102305	0.087826	0.098259	0.099221	0.095465	0.089759	0.084220	0.079637	0.076129	0.073586	0.071850	0.070770	0.070219	0.070095	0.070312	0.070804	0.071517	0.072405	0.073435	0.074577	0.075809	1.000000	0.589385	
3686	0.098259	0.112525	0.098259	0.111674	0.103372	0.098412	0.092498	0.086835	0.082101	0.078422	0.075702	0.073793	0.072548	0.071845	0.071580	0.071668	0.072043	0.072648	0.073438	0.074379	0.075439	0.076597	1.000000	0.585424	
3687	0.109544	0.120404	0.106350	0.112738	0.106494	0.101017	0.095028	0.089302	0.084458	0.080636	0.077760	0.075692	0.074296	0.073449	0.073050	0.073015	0.073276	0.073777	0.074473	0.075326	0.076307	0.077391	0.000000	0.762758	
3688	0.117210	0.123598	0.108267	0.111674	0.108221	0.102955	0.097109	0.091433	0.086552	0.082638	0.079644	0.077447	0.075921	0.074948	0.074429	0.074282	0.074440	0.074845	0.075452	0.076223	0.077129	0.078145	0.000000	0.665121	
3689	0.108906	0.108906	0.108906	0.108906	0.108449	0.104037	0.098584	0.093097	0.088271	0.084333	0.081269	0.078982	0.077355	0.076279	0.075660	0.075418	0.075484	0.075804	0.076332	0.077030	0.077868	0.078821	1.000000	0.621415	
3690	0.109970	0.109970	0.109970	0.109970	0.108956	0.105115	0.100007	0.094704	0.089940	0.085987	0.082864	0.080494	0.078773	0.077601	0.076886	0.076550	0.076529	0.076766	0.077217	0.077844	0.078615	0.079505	1.000000	0.731364	
3691	0.092510	0.092510	0.092510	0.092510	0.103474	0.102823	0.099070	0.094495	0.090138	0.086408	0.083400	0.081080	0.079370	0.078185	0.077444	0.077074	0.077013	0.077210	0.077620	0.078206	0.078938	0.079791	1.000000	0.743081	
3692	0.098046	0.098046	0.098046	0.098046	0.101665	0.101955	0.098942	0.094833	0.090746	0.087159	0.084214	0.081907	0.080182	0.078964	0.078179	0.077761	0.077651	0.077797	0.078157	0.078696	0.079382	0.080192	1.000000	0.714518	
3693	0.093362	0.093362	0.093362	0.093362	0.098897	0.100392	0.098244	0.094693	0.090947	0.087559	0.084722	0.082466	0.080755	0.079529	0.078722	0.078273	0.078127	0.078235	0.078557	0.079058	0.079707	0.080482	1.000000	0.643790	
3694	0.095917	0.095917	0.095917	0.095917	0.097904	0.099579	0.097953	0.094809	0.091330	0.088098	0.085344	0.083122	0.081414	0.080171	0.079336	0.078851	0.078666	0.078733	0.079014	0.079474	0.080084	0.080821	1.000000	0.695888	
3695	0.105073	0.109544	0.103156	0.107841	0.101216	0.101081	0.099189	0.096050	0.092600	0.089372	0.086594	0.084328	0.082563	0.081256	0.080354	0.079802	0.079550	0.079553	0.079773	0.080174	0.080730	0.081415	1.000000	0.745146	
3696	0.110609	0.110609	0.110609	0.110609	0.104347	0.102813	0.100617	0.097437	0.093985	0.090742	0.087928	0.085610	0.083783	0.082408	0.081434	0.080812	0.080491	0.080428	0.080584	0.080926	0.081425	0.082057	1.000000	0.722923	
3697	0.124449	0.124449	0.124449	0.124449	0.111048	0.106747	0.103596	0.100010	0.096329	0.092917	0.089957	0.087505	0.085551	0.084056	0.082971	0.082243	0.081823	0.081668	0.081739	0.082001	0.082425	0.082988	1.000000	0.749361	
3698	0.134031	0.134031	0.134031	0.134031	0.118709	0.111708	0.107400	0.103250	0.099229	0.095569	0.092405	0.089774	0.087659	0.086016	0.084794	0.083941	0.083405	0.083143	0.083115	0.083285	0.083625	0.084110	1.000000	0.711847	
3699	0.139141	0.139993	0.126153	0.127004	0.121474	0.114489	0.109851	0.105512	0.101365	0.097597	0.094327	0.091590	0.089369	0.087623	0.086302	0.085353	0.084726	0.084379	0.084270	0.084365	0.084634	0.085053	1.000000	0.632765	
3700	0.128921	0.141271	0.125088	0.138290	0.127079	0.118816	0.113406	0.108634	0.104206	0.100223	0.096770	0.093868	0.091496	0.089610	0.088158	0.087088	0.086350	0.085897	0.085691	0.085696	0.085882	0.086223	1.000000	0.723495	
3701	0.137438	0.138928	0.121255	0.128708	0.127622	0.120615	0.115318	0.110546	0.106090	0.102060	0.098544	0.095568	0.093114	0.091144	0.089607	0.088453	0.087633	0.087103	0.086823	0.086758	0.086878	0.087157	1.000000	0.734234	
3702	0.136586	0.136586	0.136586	0.136586	0.130610	0.123519	0.117977	0.113026	0.108436	0.104288	0.100658	0.097569	0.095004	0.092926	0.091284	0.090031	0.089117	0.088497	0.088133	0.087989	0.088034	0.088243	0.000000	0.780814	
3703	0.132115	0.137225	0.130837	0.133818	0.131679	0.125391	0.119957	0.115006	0.110389	0.106193	0.102500	0.099337	0.096692	0.094529	0.092804	0.091467	0.090471	0.089774	0.089335	0.089120	0.089099	0.089245	1.000000	0.768752	
3704	0.134244	0.143400	0.129772	0.139567	0.134309	0.127969	0.122408	0.117345	0.112633	0.108346	0.104559	0.101299	0.098556	0.096295	0.094474	0.093044	0.091959	0.091176	0.090657	0.090366	0.090272	0.090351	0.000000	0.741525	
3705	0.138715	0.142761	0.130624	0.130624	0.133081	0.128452	0.123435	0.118610	0.114017	0.109783	0.106007	0.102730	0.099950	0.097642	0.095765	0.094276	0.093131	0.092288	0.091709	0.091360	0.091211	0.091236	0.000000	0.791152	
3706	0.133818	0.139354	0.130837	0.137864	0.134675	0.130163	0.125239	0.120443	0.115851	0.111595	0.107777	0.104444	0.101599	0.099219	0.097268	0.095705	0.094486	0.093571	0.092923	0.092508	0.092296	0.092260	1.000000	0.760848	
3707	0.141696	0.151278	0.139993	0.150214	0.139854	0.133808	0.128361	0.123279	0.118495	0.114087	0.110135	0.106676	0.103712	0.101219	0.099159	0.097492	0.096175	0.095167	0.094431	0.093933	0.093643	0.093534	0.000000	0.704072	
3708	0.149788	0.156389	0.146594	0.149788	0.143166	0.136714	0.131039	0.125803	0.120902	0.116390	0.112338	0.108779	0.105716	0.103123	0.100967	0.099207	0.097799	0.096706	0.095888	0.095312	0.094948	0.094771	0.000000	0.667437	
3709	0.149788	0.156389	0.145103	0.149788	0.145373	0.139091	0.133383	0.128088	0.123124	0.118545	0.114418	0.110780	0.107632	0.104953	0.102711	0.100865	0.099375	0.098201	0.097306	0.096657	0.096224	0.095980	0.000000	0.746522	
3710	0.150214	0.152556	0.143400	0.148510	0.146419	0.140803	0.135274	0.130033	0.125077	0.120478	0.116312	0.112620	0.109409	0.106662	0.104347	0.102427	0.100864	0.099618	0.098654	0.097937	0.097440	0.097134	0.000000	0.715724	
3711	0.145103	0.146807	0.138715	0.140206	0.144348	0.140695	0.135890	0.131001	0.126240	0.121751	0.117640	0.113966	0.110748	0.107977	0.105627	0.103666	0.102056	0.100761	0.099747	0.098981	0.098434	0.098081	0.000000	0.600851	
3712	0.141696	0.148084	0.141696	0.143187	0.143961	0.141148	0.136802	0.132162	0.127544	0.123134	0.119059	0.115391	0.112159	0.109358	0.106969	0.104962	0.103302	0.101956	0.100890	0.100073	0.099475	0.099072	0.000000	0.746974	
3713	0.150852	0.151278	0.136373	0.140845	0.142922	0.141093	0.137308	0.132989	0.128567	0.124276	0.120269	0.116633	0.113406	0.110593	0.108179	0.106138	0.104440	0.103052	0.101942	0.101079	0.100437	0.099990	0.000000	0.633712	
3714	0.137012	0.147658	0.135947	0.146594	0.144146	0.142093	0.138468	0.134285	0.129954	0.125716	0.121732	0.118095	0.114849	0.112004	0.109551	0.107465	0.105717	0.104278	0.103117	0.102203	0.101511	0.101015	0.000000	0.649298	
3715	0.145103	0.145955	0.120191	0.133818	0.140703	0.140588	0.137887	0.134240	0.130251	0.126239	0.122403	0.118862	0.115674	0.112860	0.110417	0.108329	0.106569	0.105111	0.103925	0.102984	0.102262	0.101735	1.000000	0.755875	
3716	0.141058	0.149362	0.138928	0.149362	0.143590	0.142184	0.139321	0.135680	0.131721	0.127731	0.123901	0.120349	0.117138	0.114291	0.111808	0.109674	0.107866	0.106357	0.105120	0.104129	0.103357	0.102782	0.000000	0.726726	
3717	0.153195	0.155537	0.144677	0.150214	0.145798	0.143644	0.140683	0.137064	0.133144	0.129181	0.125363	0.121806	0.118576	0.115700	0.113180	0.111003	0.109149	0.107592	0.106307	0.105267	0.104447	0.103825	0.000000	0.659141	
3718	0.153408	0.154898	0.140419	0.140419	0.144005	0.143057	0.140650	0.137384	0.133703	0.129906	0.126199	0.122714	0.119526	0.116669	0.114153	0.111968	0.110097	0.108517	0.107205	0.106135	0.105283	0.104629	0.000000	0.611496	
3719	0.143400	0.146168	0.131902	0.133392	0.140467	0.141300	0.139743	0.137004	0.133679	0.130131	0.126599	0.123235	0.120129	0.117325	0.114840	0.112670	0.110803	0.109218	0.107894	0.106808	0.105937	0.105261	0.000000	0.676434	
3720	0.135309	0.141696	0.134670	0.139567	0.140167	0.140985	0.139721	0.137248	0.134132	0.130740	0.127319	0.124032	0.120974	0.118197	0.115723	0.113552	0.111674	0.110073	0.108727	0.107617	0.106719	0.106015	0.000000	0.675382	
3721	0.141271	0.142335	0.133392	0.134244	0.138193	0.139759	0.139036	0.136962	0.134141	0.130966	0.127704	0.124530	0.121551	0.118827	0.116384	0.114230	0.112358	0.110754	0.109399	0.108274	0.107359	0.106635	0.000000	0.657881	
3722	0.130198	0.137438	0.129347	0.130411	0.135599	0.138060	0.137958	0.136338	0.133854	0.130930	0.127854	0.124817	0.121936	0.119281	0.116885	0.114761	0.112905	0.111307	0.109952	0.108821	0.107895	0.107158	0.000000	0.570698	
3723	0.128921	0.128921	0.116145	0.122746	0.131315	0.135275	0.136057	0.135043	0.132999	0.130402	0.127571	0.124716	0.121971	0.119417	0.117095	0.115023	0.113203	0.111630	0.110289	0.109165	0.108241	0.107501	1.000000	0.699468	
3724	0.127856	0.133392	0.121468	0.121468	0.128032	0.132765	0.134233	0.133751	0.132112	0.129826	0.127232	0.124557	0.121949	0.119497	0.117251	0.115234	0.113454	0.111907	0.110583	0.109468	0.108548	0.107808	0.000000	0.712184	
3725	0.114016	0.116571	0.111248	0.112951	0.123005	0.129162	0.131573	0.131770	0.130639	0.128737	0.126438	0.123991	0.121558	0.119241	0.117097	0.115159	0.113439	0.111936	0.110645	0.109554	0.108651	0.107921	1.000000	0.683493	
3726	0.116997	0.120404	0.111886	0.113590	0.119867	0.126331	0.129325	0.130038	0.129327	0.127760	0.125724	0.123484	0.121212	0.119019	0.116972	0.115108	0.113443	0.111983	0.110723	0.109654	0.108766	0.108045	1.000000	0.666305	
3727	0.116784	0.122320	0.114867	0.116571	0.118768	0.124557	0.127731	0.128756	0.128346	0.127038	0.125216	0.123147	0.121010	0.118923	0.116958	0.115156	0.113538	0.112112	0.110876	0.109825	0.108947	0.108233	1.000000	0.595993	
3728	0.116571	0.116571	0.107202	0.107202	0.114913	0.121401	0.125165	0.126703	0.126719	0.125758	0.124215	0.122369	0.120410	0.118463	0.116609	0.114895	0.113346	0.111974	0.110780	0.109760	0.108907	0.108210	1.000000	0.662895	
3729	0.106137	0.115506	0.103582	0.110396	0.113407	0.119400	0.123319	0.125150	0.125464	0.124767	0.123447	0.121785	0.119974	0.118147	0.116387	0.114747	0.113257	0.111929	0.110770	0.109776	0.108941	0.108258	1.000000	0.664181	
3730	0.109970	0.114442	0.103156	0.103156	0.109990	0.116447	0.120798	0.123055	0.123748	0.123373	0.122320	0.120876	0.119243	0.117559	0.115915	0.114367	0.112951	0.111682	0.110569	0.109612	0.108807	0.108146	1.000000	0.607253	
3731	0.104221	0.107628	0.099324	0.106137	0.108706	0.114572	0.118966	0.121444	0.122393	0.122261	0.121421	0.120157	0.118673	0.117111	0.115566	0.114098	0.112744	0.111526	0.110453	0.109526	0.108745	0.108102	1.000000	0.733894	
3732	0.106350	0.111035	0.102944	0.109118	0.108843	0.113581	0.117735	0.120270	0.121372	0.121413	0.120738	0.119619	0.118258	0.116798	0.115335	0.113934	0.112634	0.111458	0.110418	0.109516	0.108753	0.108124	1.000000	0.628183	
3733	0.113164	0.116571	0.111886	0.114442	0.110710	0.113737	0.117323	0.119715	0.120839	0.120963	0.120388	0.119366	0.118092	0.116705	0.115303	0.113951	0.112689	0.111542	0.110523	0.109638	0.108886	0.108263	1.000000	0.610521	
3734	0.117210	0.118913	0.111886	0.112099	0.111173	0.113439	0.116670	0.118990	0.120167	0.120391	0.119927	0.119012	0.117831	0.116525	0.115189	0.113890	0.112671	0.111558	0.110565	0.109699	0.108960	0.108347	1.000000	0.733390	
3735	0.111248	0.117636	0.110609	0.115506	0.112617	0.113815	0.116525	0.118658	0.119808	0.120076	0.119682	0.118841	0.117730	0.116485	0.115200	0.113943	0.112757	0.111669	0.110695	0.109842	0.109113	0.108505	1.000000	0.728375	
3736	0.119339	0.132328	0.119339	0.131902	0.119045	0.117104	0.118447	0.119919	0.120738	0.120839	0.120361	0.119478	0.118346	0.117089	0.115797	0.114532	0.113337	0.112239	0.111253	0.110387	0.109643	0.109019	1.000000	0.625937	
3737	0.129560	0.131689	0.124662	0.127430	0.121840	0.118981	0.119570	0.120635	0.121253	0.121264	0.120753	0.119866	0.118741	0.117495	0.116212	0.114955	0.113764	0.112667	0.111679	0.110808	0.110056	0.109423	1.000000	0.574647	
3738	0.122959	0.123385	0.118913	0.118913	0.120865	0.118969	0.119488	0.120471	0.121073	0.121113	0.120651	0.119819	0.118749	0.117551	0.116309	0.115085	0.113920	0.112843	0.111869	0.111008	0.110262	0.109632	1.000000	0.611533	
3739	0.114655	0.120191	0.113377	0.115506	0.119079	0.118339	0.118990	0.119998	0.120645	0.120751	0.120365	0.119609	0.118608	0.117470	0.116280	0.115098	0.113968	0.112918	0.111965	0.111119	0.110384	0.109761	1.000000	0.777811	
3740	0.115080	0.118700	0.107628	0.108693	0.115617	0.116585	0.117703	0.118921	0.119726	0.119973	0.119717	0.119076	0.118177	0.117126	0.116009	0.114888	0.113808	0.112799	0.111879	0.111059	0.110345	0.109738	1.000000	0.601062	
3741	0.108693	0.116997	0.108054	0.113164	0.114799	0.115963	0.117135	0.118373	0.119221	0.119534	0.119353	0.118788	0.117959	0.116971	0.115908	0.114832	0.113789	0.112809	0.111913	0.111111	0.110410	0.109813	1.000000	0.640139	
3742	0.111035	0.113803	0.108267	0.112951	0.114183	0.115416	0.116612	0.117857	0.118739	0.119109	0.118997	0.118503	0.117741	0.116813	0.115802	0.114770	0.113764	0.112813	0.111940	0.111156	0.110469	0.109882	1.000000	0.724731	
3743	0.118274	0.122533	0.117848	0.122533	0.116966	0.116710	0.117352	0.118302	0.119030	0.119330	0.119194	0.118700	0.117949	0.117037	0.116042	0.115025	0.114029	0.113087	0.112219	0.111437	0.110750	0.110160	1.000000	0.682790	
3744	0.128282	0.131476	0.126153	0.127430	0.120454	0.118659	0.118612	0.119171	0.119677	0.119853	0.119651	0.119126	0.118362	0.117445	0.116449	0.115431	0.114435	0.113491	0.112619	0.111832	0.111138	0.110540	1.000000	0.623985	
3745	0.125514	0.135096	0.122320	0.134883	0.125264	0.121609	0.120646	0.120668	0.120846	0.120822	0.120497	0.119894	0.119080	0.118129	0.117107	0.116069	0.115055	0.114094	0.113205	0.112401	0.111690	0.111075	1.000000	0.690409	
3746	0.136586	0.139567	0.130837	0.130837	0.127122	0.123287	0.121920	0.121636	0.121615	0.121468	0.121072	0.120428	0.119591	0.118627	0.117598	0.116553	0.115533	0.114565	0.113669	0.112857	0.112135	0.111509	1.000000	0.654416	
3747	0.136160	0.138503	0.134457	0.137864	0.130702	0.125937	0.123913	0.123182	0.122865	0.122526	0.122005	0.121279	0.120386	0.119382	0.118322	0.117252	0.116210	0.115222	0.114306	0.113474	0.112734	0.112088	1.000000	0.630809	
3748	0.123598	0.130624	0.121894	0.128921	0.130108	0.126479	0.124539	0.123728	0.123331	0.122939	0.122389	0.121651	0.120757	0.119756	0.118700	0.117635	0.116595	0.115607	0.114690	0.113855	0.113110	0.112458	1.000000	0.715790	
3749	0.128282	0.130837	0.118913	0.118913	0.126377	0.125104	0.123836	0.123270	0.122991	0.122679	0.122196	0.121518	0.120677	0.119723	0.118708	0.117677	0.116665	0.115701	0.114801	0.113980	0.113245	0.112600	1.000000	0.597210	
3750	0.125727	0.129560	0.125088	0.127856	0.126870	0.125604	0.124338	0.123706	0.123365	0.123013	0.122510	0.121827	0.120989	0.120042	0.119034	0.118010	0.117004	0.116043	0.115145	0.114323	0.113585	0.112935	1.000000	0.695535	
3751	0.132753	0.135734	0.130411	0.134244	0.129328	0.127175	0.125576	0.124710	0.124202	0.123738	0.123162	0.122433	0.121565	0.120599	0.119578	0.118543	0.117527	0.116556	0.115647	0.114815	0.114065	0.113404	1.000000	0.762429	
3752	0.132541	0.134031	0.128708	0.132541	0.130399	0.128151	0.126447	0.125456	0.124843	0.124306	0.123683	0.122926	0.122042	0.121067	0.120041	0.119002	0.117982	0.117006	0.116092	0.115252	0.114495	0.113824	1.000000	0.716473	
3753	0.133818	0.141696	0.131476	0.141058	0.133952	0.130497	0.128273	0.126942	0.126091	0.125386	0.124648	0.123810	0.122869	0.121851	0.120791	0.119725	0.118681	0.117683	0.116749	0.115890	0.115113	0.114423	1.000000	0.680772	
3754	0.143826	0.145955	0.140419	0.142122	0.136675	0.132611	0.130004	0.128387	0.127324	0.126466	0.125619	0.124704	0.123706	0.122646	0.121553	0.120459	0.119391	0.118372	0.117417	0.116537	0.115741	0.115031	1.000000	0.726637	
3755	0.137438	0.137864	0.128495	0.129772	0.134374	0.132095	0.129975	0.128519	0.127512	0.126679	0.125850	0.124951	0.123970	0.122925	0.121847	0.120764	0.119706	0.118693	0.117742	0.116864	0.116067	0.115355	1.000000	0.768215	
3756	0.125514	0.134670	0.122533	0.134244	0.134331	0.132486	0.130509	0.129065	0.128030	0.127167	0.126316	0.125404	0.124417	0.123369	0.122289	0.121206	0.120147	0.119131	0.118176	0.117293	0.116490	0.115771	1.000000	0.657019	
3757	0.137651	0.144465	0.134670	0.135522	0.134728	0.133038	0.131136	0.129680	0.128606	0.127706	0.126828	0.125898	0.124899	0.123846	0.122762	0.121676	0.120612	0.119593	0.118633	0.117743	0.116933	0.116205	1.000000	0.737352	
3758	0.141696	0.143613	0.137864	0.141484	0.136980	0.134573	0.132429	0.130804	0.129597	0.128595	0.127642	0.126658	0.125620	0.124537	0.123431	0.122325	0.121245	0.120209	0.119234	0.118330	0.117503	0.116760	1.000000	0.633994	
3759	0.144890	0.152769	0.144465	0.152556	0.142172	0.137843	0.134945	0.132875	0.131363	0.130141	0.129026	0.127921	0.126792	0.125636	0.124471	0.123316	0.122194	0.121121	0.120111	0.119175	0.118319	0.117547	1.000000	0.664962	
3760	0.157879	0.161925	0.157240	0.158731	0.147691	0.141641	0.137918	0.135338	0.133468	0.131986	0.130676	0.129424	0.128180	0.126934	0.125694	0.124477	0.123301	0.122180	0.121127	0.120151	0.119258	0.118452	1.000000	0.722602	
3761	0.154898	0.158305	0.149362	0.158305	0.151229	0.144670	0.140466	0.137525	0.135379	0.133684	0.132211	0.130833	0.129490	0.128164	0.126859	0.125587	0.124362	0.123198	0.122106	0.121093	0.120167	0.119328	1.000000	0.734461	
3762	0.164480	0.165757	0.158944	0.164693	0.155717	0.148311	0.143495	0.140112	0.137634	0.135684	0.134016	0.132485	0.131021	0.129597	0.128210	0.126869	0.125584	0.124367	0.123226	0.122170	0.121202	0.120325	1.000000	0.699864	
3763	0.164267	0.167461	0.162351	0.166609	0.159348	0.151638	0.146384	0.142636	0.139862	0.137679	0.135826	0.134149	0.132568	0.131048	0.129582	0.128172	0.126827	0.125556	0.124368	0.123267	0.122258	0.121342	1.000000	0.703563	
3764	0.165544	0.181940	0.163415	0.177894	0.165530	0.156412	0.150323	0.145994	0.142788	0.140274	0.138164	0.136283	0.134539	0.132885	0.131307	0.129802	0.128374	0.127031	0.125776	0.124616	0.123552	0.122585	1.000000	0.700843	
3765	0.177043	0.186837	0.176830	0.182792	0.171284	0.161208	0.154381	0.149498	0.145865	0.143017	0.140643	0.138552	0.136637	0.134842	0.133146	0.131539	0.130023	0.128601	0.127277	0.126052	0.124930	0.123908	1.000000	0.731914	
3766	0.183643	0.185347	0.177681	0.183643	0.175404	0.165287	0.158039	0.152750	0.148771	0.145638	0.143032	0.140751	0.138680	0.136756	0.134949	0.133248	0.131648	0.130152	0.128760	0.127474	0.126295	0.125221	1.000000	0.762341	
3767	0.182579	0.187263	0.181727	0.184282	0.178363	0.168741	0.161320	0.155753	0.151503	0.148131	0.145323	0.142875	0.140663	0.138620	0.136711	0.134921	0.133243	0.131677	0.130221	0.128877	0.127644	0.126519	1.000000	0.651297	
3768	0.184069	0.186837	0.181514	0.186198	0.180975	0.171915	0.164429	0.158653	0.154172	0.150587	0.147594	0.144988	0.142643	0.140486	0.138479	0.136602	0.134848	0.133213	0.131694	0.130292	0.129005	0.127831	1.000000	0.717867	
3769	0.187050	0.192799	0.185560	0.188115	0.183355	0.174860	0.167390	0.161459	0.156783	0.153008	0.149845	0.147092	0.144620	0.142354	0.140251	0.138291	0.136462	0.134759	0.133179	0.131720	0.130380	0.129156	1.000000	0.787373	
3770	0.186411	0.188967	0.184282	0.184921	0.183877	0.176690	0.169581	0.163693	0.158947	0.155067	0.151794	0.148937	0.146372	0.144023	0.141847	0.139820	0.137931	0.136172	0.134541	0.133034	0.131648	0.130381	1.000000	0.579268	
3771	0.187263	0.188328	0.177043	0.177043	0.181599	0.176754	0.170514	0.164965	0.160339	0.156485	0.153197	0.150308	0.147706	0.145318	0.143104	0.141040	0.139116	0.137323	0.135659	0.134120	0.132704	0.131407	1.000000	0.697999	
3772	0.174700	0.177894	0.169377	0.175552	0.179583	0.176535	0.171144	0.165973	0.161509	0.157715	0.154439	0.151540	0.148916	0.146503	0.144262	0.142172	0.140220	0.138400	0.136709	0.135143	0.133700	0.132377	1.000000	0.650438	
3773	0.182366	0.187050	0.179172	0.184708	0.181291	0.178021	0.172839	0.167757	0.163294	0.159457	0.156120	0.153158	0.150472	0.148002	0.145707	0.143567	0.141568	0.139705	0.137972	0.136367	0.134887	0.133527	1.000000	0.685267	
3774	0.185986	0.186837	0.170868	0.171506	0.178030	0.176837	0.172673	0.168114	0.163926	0.160234	0.156975	0.154053	0.151387	0.148923	0.146628	0.144483	0.142475	0.140601	0.138855	0.137235	0.135738	0.134362	1.000000	0.734901	
3775	0.173210	0.179385	0.168313	0.173849	0.176636	0.176293	0.172820	0.168660	0.164689	0.161112	0.157913	0.155018	0.152364	0.149901	0.147601	0.145445	0.143426	0.141537	0.139776	0.138139	0.136625	0.135230	1.000000	0.632485	
3776	0.178533	0.185347	0.173210	0.185347	0.179540	0.177939	0.174386	0.170250	0.166278	0.162676	0.159437	0.156498	0.153798	0.151291	0.148949	0.146754	0.144696	0.142771	0.140975	0.139304	0.137758	0.136331	1.000000	0.779492	
3777	0.185986	0.190031	0.184708	0.187689	0.182256	0.179712	0.176049	0.171911	0.167925	0.164290	0.161006	0.158019	0.155271	0.152718	0.150332	0.148096	0.145999	0.144036	0.142204	0.140499	0.138919	0.137460	1.000000	0.676015	
3778	0.190031	0.191096	0.180024	0.180024	0.181512	0.179769	0.176545	0.172683	0.168856	0.165305	0.162063	0.159093	0.156347	0.153789	0.151393	0.149143	0.147030	0.145050	0.143199	0.141475	0.139875	0.138396	1.000000	0.604728	
3779	0.183005	0.186837	0.181088	0.185560	0.182861	0.180822	0.177672	0.173910	0.170141	0.166611	0.163368	0.160384	0.157617	0.155035	0.152613	0.150337	0.148198	0.146191	0.144314	0.142564	0.140937	0.139432	1.000000	0.736295	
3780	0.185773	0.188967	0.182153	0.184921	0.183548	0.181567	0.178578	0.174958	0.171278	0.167793	0.164566	0.161581	0.158805	0.156207	0.153767	0.151471	0.149311	0.147282	0.145383	0.143609	0.141960	0.140432	1.000000	0.719296	
3781	0.186411	0.186837	0.178107	0.178107	0.181734	0.180938	0.178519	0.175258	0.171803	0.168458	0.165318	0.162387	0.159644	0.157066	0.154636	0.152344	0.150183	0.148151	0.146244	0.144461	0.142801	0.141260	1.000000	0.654411	
3782	0.179598	0.189605	0.178959	0.189605	0.184358	0.182514	0.179905	0.176625	0.173172	0.169822	0.166667	0.163715	0.160946	0.158342	0.155885	0.153566	0.151378	0.149318	0.147385	0.145576	0.143889	0.142322	1.000000	0.716760	
3783	0.188541	0.196845	0.187050	0.187476	0.185397	0.183416	0.180852	0.177658	0.174273	0.170961	0.167823	0.164874	0.162100	0.159484	0.157013	0.154677	0.152472	0.150393	0.148440	0.146610	0.144903	0.143315	1.000000	0.738381	
3784	0.191522	0.195354	0.188967	0.194077	0.188290	0.185354	0.182505	0.179222	0.175796	0.172453	0.169282	0.166298	0.163490	0.160841	0.158337	0.155969	0.153732	0.151624	0.149641	0.147783	0.146046	0.144430	1.000000	0.636019	
3785	0.194077	0.199400	0.190457	0.197910	0.191497	0.187637	0.184430	0.181002	0.177497	0.174095	0.170872	0.167840	0.164987	0.162295	0.159750	0.157344	0.155071	0.152928	0.150911	0.149020	0.147253	0.145606	1.000000	0.577638	
3786	0.197484	0.203659	0.194290	0.203659	0.195551	0.190550	0.186834	0.183159	0.179509	0.176002	0.172694	0.169588	0.166668	0.163917	0.161318	0.158863	0.156543	0.154357	0.152299	0.150369	0.148564	0.146882	1.000000	0.626331	
3787	0.204510	0.209408	0.204084	0.206214	0.199105	0.193398	0.189256	0.185355	0.181564	0.177952	0.174556	0.171374	0.168387	0.165575	0.162922	0.160415	0.158049	0.155817	0.153718	0.151748	0.149905	0.148186	1.000000	0.515436	
3788	0.204936	0.207065	0.202381	0.204297	0.200836	0.195380	0.191136	0.187159	0.183312	0.179651	0.176208	0.172980	0.169949	0.167094	0.164399	0.161854	0.159450	0.157183	0.155049	0.153046	0.151170	0.149419	1.000000	0.668685	
3789	0.200891	0.200891	0.193864	0.194929	0.198867	0.195298	0.191610	0.187899	0.184206	0.180637	0.177248	0.174051	0.171035	0.168185	0.165490	0.162938	0.160525	0.158246	0.156099	0.154080	0.152188	0.150419	1.000000	0.667764	
3790	0.197697	0.205788	0.196419	0.201742	0.199825	0.196469	0.192877	0.189217	0.185555	0.181999	0.178609	0.175402	0.172370	0.169501	0.166785	0.164211	0.161774	0.159471	0.157300	0.155257	0.153340	0.151547	1.000000	0.707135	
3791	0.198122	0.202594	0.195354	0.195993	0.198548	0.196383	0.193266	0.189863	0.186358	0.182901	0.179575	0.176406	0.173397	0.170540	0.167828	0.165253	0.162811	0.160500	0.158318	0.156263	0.154332	0.152524	1.000000	0.621272	
3792	0.196419	0.201103	0.194929	0.198761	0.198619	0.196815	0.193953	0.190710	0.187312	0.183925	0.180641	0.177497	0.174500	0.171647	0.168932	0.166351	0.163901	0.161578	0.159382	0.157312	0.155365	0.153540	1.000000	0.679835	
3793	0.202168	0.206640	0.197058	0.199187	0.198808	0.197247	0.194608	0.191518	0.188225	0.184909	0.181671	0.178555	0.175573	0.172727	0.170013	0.167428	0.164970	0.162637	0.160430	0.158346	0.156384	0.154543	1.000000	0.665303	
3794	0.198122	0.207917	0.197058	0.206001	0.201206	0.198838	0.196032	0.192897	0.189593	0.186270	0.183023	0.179894	0.176896	0.174032	0.171298	0.168693	0.166213	0.163859	0.161629	0.159523	0.157538	0.155674	1.000000	0.766534	
3795	0.209621	0.213666	0.208130	0.210685	0.204366	0.200992	0.197863	0.194591	0.191215	0.187845	0.184560	0.181396	0.178365	0.175469	0.172705	0.170069	0.167561	0.165178	0.162920	0.160786	0.158774	0.156883	1.000000	0.689146	
3796	0.211537	0.213453	0.202594	0.205575	0.204769	0.201825	0.198827	0.195637	0.192320	0.188989	0.185727	0.182575	0.179548	0.176650	0.173879	0.171234	0.168713	0.166316	0.164042	0.161892	0.159863	0.157954	1.000000	0.740166	
3797	0.208130	0.210685	0.203659	0.208769	0.206102	0.203088	0.200070	0.196888	0.193585	0.190265	0.187007	0.183853	0.180819	0.177909	0.175125	0.172464	0.169927	0.167512	0.165219	0.163049	0.161000	0.159070	1.000000	0.716976	
3798	0.213453	0.221119	0.211963	0.220906	0.211037	0.206328	0.202675	0.199175	0.195687	0.192242	0.188890	0.185660	0.182562	0.179596	0.176760	0.174052	0.171471	0.169016	0.166685	0.164478	0.162393	0.160429	1.000000	0.676082	
3799	0.225590	0.228571	0.224313	0.226442	0.216172	0.209985	0.205645	0.201772	0.198053	0.194448	0.190977	0.187650	0.184469	0.181433	0.178534	0.175770	0.173137	0.170633	0.168257	0.166008	0.163883	0.161880	1.000000	0.726228	
3800	0.223461	0.229636	0.220054	0.229636	0.220660	0.213558	0.208644	0.204426	0.200482	0.196719	0.193124	0.189698	0.186433	0.183323	0.180359	0.177536	0.174849	0.172296	0.169873	0.167579	0.165412	0.163369	1.000000	0.563970	
3801	0.229636	0.236237	0.229210	0.234746	0.225355	0.217410	0.211907	0.207313	0.203118	0.199172	0.195437	0.191895	0.188534	0.185340	0.182302	0.179412	0.176664	0.174055	0.171580	0.169237	0.167024	0.164938	1.000000	0.675313	
3802	0.229210	0.230488	0.219628	0.219628	0.223446	0.217813	0.212872	0.208486	0.204388	0.200492	0.196781	0.193248	0.189886	0.186684	0.183635	0.180731	0.177966	0.175338	0.172844	0.170481	0.168248	0.166140	1.000000	0.724490	
3803	0.215583	0.228997	0.214518	0.228997	0.225297	0.219847	0.214888	0.210440	0.206281	0.202331	0.198570	0.194992	0.191586	0.188344	0.185255	0.182313	0.179513	0.176850	0.174322	0.171926	0.169660	0.167521	1.000000	0.691848	
3804	0.223674	0.226868	0.207491	0.208982	0.219858	0.217871	0.214150	0.210301	0.206489	0.202760	0.199149	0.195674	0.192343	0.189153	0.186102	0.183187	0.180406	0.177755	0.175234	0.172841	0.170575	0.168433	1.000000	0.647576	
3805	0.211963	0.216434	0.208130	0.211111	0.216943	0.216642	0.213770	0.210378	0.206844	0.203299	0.199813	0.196427	0.193159	0.190014	0.186995	0.184103	0.181336	0.178695	0.176178	0.173786	0.171517	0.169371	1.000000	0.641886	
3806	0.213240	0.220693	0.212176	0.219628	0.217838	0.217185	0.214502	0.211259	0.207828	0.204352	0.200914	0.197559	0.194309	0.191175	0.188161	0.185268	0.182497	0.179848	0.177322	0.174918	0.172636	0.170475	1.000000	0.650955	
3807	0.216008	0.217712	0.212176	0.212176	0.215950	0.216274	0.214211	0.211346	0.208162	0.204857	0.201540	0.198272	0.195086	0.191999	0.189019	0.186150	0.183396	0.180758	0.178239	0.175838	0.173556	0.171392	1.000000	0.634784	
3808	0.217712	0.220267	0.209195	0.209834	0.213911	0.215103	0.213664	0.211202	0.208291	0.205178	0.202001	0.198836	0.195727	0.192698	0.189762	0.186926	0.184197	0.181577	0.179070	0.176677	0.174399	0.172237	1.000000	0.587592	
3809	0.218351	0.222183	0.215796	0.219415	0.215746	0.215887	0.214383	0.211984	0.209146	0.206097	0.202968	0.199840	0.196757	0.193746	0.190821	0.187992	0.185264	0.182643	0.180132	0.177733	0.175446	0.173274	1.000000	0.675179	
3810	0.221545	0.223461	0.217286	0.222822	0.218105	0.217148	0.215438	0.213017	0.210198	0.207176	0.204071	0.200961	0.197891	0.194886	0.191964	0.189134	0.186402	0.183775	0.181255	0.178846	0.176548	0.174363	1.000000	0.686512	
3811	0.227720	0.231978	0.226655	0.230062	0.222090	0.219496	0.217266	0.214640	0.211726	0.208652	0.205515	0.202381	0.199289	0.196266	0.193325	0.190476	0.187725	0.185079	0.182540	0.180111	0.177793	0.175587	1.000000	0.627351	
3812	0.229636	0.229636	0.220267	0.223461	0.222547	0.220217	0.218040	0.215480	0.212629	0.209608	0.206512	0.203409	0.200340	0.197332	0.194401	0.191557	0.188808	0.186160	0.183617	0.181181	0.178855	0.176639	1.000000	0.621043	
3813	0.221332	0.223461	0.217073	0.217286	0.220794	0.219684	0.217946	0.215652	0.212987	0.210103	0.207111	0.204086	0.201077	0.198115	0.195218	0.192401	0.189671	0.187037	0.184503	0.182072	0.179748	0.177532	1.000000	0.669329	
3814	0.217286	0.217286	0.206001	0.211324	0.217637	0.218164	0.217118	0.215240	0.212859	0.210182	0.207345	0.204439	0.201523	0.198633	0.195793	0.193021	0.190327	0.187721	0.185209	0.182795	0.180483	0.178275	1.000000	0.718682	
3815	0.215157	0.226868	0.211324	0.226868	0.220714	0.219747	0.218337	0.216347	0.213937	0.211258	0.208429	0.205533	0.202625	0.199740	0.196903	0.194131	0.191435	0.188824	0.186305	0.183883	0.181561	0.179343	1.000000	0.622098	
3816	0.225803	0.227932	0.217925	0.217925	0.219784	0.219415	0.218285	0.216498	0.214244	0.211688	0.208957	0.206137	0.203290	0.200453	0.197654	0.194911	0.192237	0.189644	0.187137	0.184723	0.182407	0.180191	1.000000	0.656051	
3817	0.220054	0.225164	0.218138	0.220906	0.220158	0.219686	0.218613	0.216917	0.214756	0.212283	0.209621	0.206858	0.204056	0.201255	0.198484	0.195763	0.193106	0.190524	0.188026	0.185617	0.183302	0.181086	1.000000	0.751200	
3818	0.223035	0.229423	0.221970	0.229423	0.223246	0.221457	0.219964	0.218108	0.215884	0.213389	0.210721	0.207959	0.205159	0.202360	0.199589	0.196867	0.194207	0.191620	0.189115	0.186698	0.184375	0.182148	1.000000	0.598212	
3819	0.229636	0.232617	0.226442	0.230488	0.225660	0.223099	0.221280	0.219287	0.217008	0.214492	0.211819	0.209058	0.206260	0.203463	0.200693	0.197969	0.195306	0.192715	0.190204	0.187780	0.185447	0.183210	1.000000	0.537630	
3820	0.234107	0.243689	0.233469	0.242412	0.231244	0.226610	0.223921	0.221490	0.218962	0.216293	0.213519	0.210685	0.207832	0.204990	0.202183	0.199426	0.196734	0.194115	0.191578	0.189129	0.186772	0.184512	1.000000	0.664556	
3821	0.245180	0.253484	0.243263	0.253484	0.238657	0.231496	0.227616	0.224537	0.221617	0.218693	0.215739	0.212772	0.209817	0.206892	0.204015	0.201199	0.198453	0.195787	0.193207	0.190718	0.188324	0.186027	1.000000	0.594786	
3822	0.256252	0.259446	0.250716	0.256891	0.244735	0.236113	0.231276	0.227618	0.224331	0.221157	0.218025	0.214924	0.211863	0.208853	0.205903	0.203025	0.200224	0.197508	0.194883	0.192352	0.189918	0.187585	1.000000	0.656912	
3823	0.262427	0.267750	0.262214	0.266898	0.252123	0.241711	0.235729	0.231359	0.227605	0.224108	0.220740	0.217460	0.214256	0.211129	0.208082	0.205119	0.202244	0.199463	0.196778	0.194192	0.191708	0.189328	1.000000	0.653357	
3824	0.264343	0.265408	0.257530	0.259659	0.254635	0.244974	0.238720	0.234054	0.230071	0.226402	0.222902	0.219518	0.216230	0.213032	0.209924	0.206907	0.203984	0.201159	0.198433	0.195809	0.193289	0.190874	1.000000	0.609580	
3825	0.259659	0.268815	0.251993	0.267537	0.258936	0.249076	0.242322	0.237243	0.232953	0.229056	0.225382	0.221861	0.218461	0.215170	0.211981	0.208895	0.205910	0.203028	0.200251	0.197580	0.195015	0.192559	1.000000	0.697113	
3826	0.272860	0.278822	0.272222	0.278184	0.265352	0.254369	0.246805	0.241142	0.236432	0.232225	0.228315	0.224608	0.221058	0.217641	0.214346	0.211167	0.208100	0.205145	0.202302	0.199570	0.196950	0.194441	1.000000	0.690317	
3827	0.277758	0.291811	0.274138	0.291811	0.274171	0.261176	0.252430	0.245968	0.240692	0.236069	0.231843	0.227886	0.224134	0.220549	0.217112	0.213811	0.210637	0.207587	0.204657	0.201848	0.199156	0.196581	1.000000	0.648764	
3828	0.298412	0.307568	0.297773	0.302883	0.283742	0.268759	0.258737	0.251388	0.245476	0.240380	0.235790	0.231545	0.227558	0.223778	0.220176	0.216731	0.213432	0.210271	0.207242	0.204342	0.201568	0.198917	0.000000	0.701800	
3829	0.309271	0.310762	0.301180	0.307142	0.291542	0.275738	0.264788	0.256698	0.250219	0.244687	0.239754	0.235232	0.231018	0.227047	0.223282	0.219695	0.216272	0.213000	0.209871	0.206880	0.204023	0.201295	0.000000	0.679901	
3830	0.300541	0.309697	0.298625	0.309697	0.297594	0.281912	0.270401	0.261746	0.254795	0.248881	0.243639	0.238865	0.234439	0.230288	0.226368	0.222646	0.219103	0.215724	0.212498	0.209419	0.206481	0.203678	0.000000	0.696365	
3831	0.307781	0.317149	0.304161	0.314168	0.303119	0.287777	0.275872	0.266738	0.259362	0.253093	0.247558	0.242538	0.237905	0.233578	0.229504	0.225647	0.221984	0.218497	0.215174	0.212006	0.208985	0.206106	0.000000	0.754322	
3832	0.320769	0.324389	0.315233	0.319492	0.308576	0.293543	0.281325	0.271762	0.263987	0.257377	0.251554	0.246292	0.241452	0.236947	0.232717	0.228724	0.224939	0.221342	0.217919	0.214660	0.211555	0.208598	0.000000	0.666258	
3833	0.319917	0.321408	0.309058	0.315233	0.310795	0.297487	0.285563	0.275903	0.267929	0.261110	0.255092	0.249655	0.244660	0.240017	0.235664	0.231560	0.227675	0.223987	0.220480	0.217143	0.213966	0.210942	0.000000	0.681936	
3834	0.308845	0.320556	0.306929	0.317362	0.312984	0.301101	0.289538	0.279851	0.271732	0.264739	0.258551	0.252958	0.247821	0.243050	0.238582	0.234373	0.230393	0.226617	0.223029	0.219617	0.216371	0.213281	0.000000	0.738151	
3835	0.317575	0.325667	0.317149	0.317149	0.314373	0.304019	0.292990	0.283403	0.275225	0.268120	0.261807	0.256089	0.250835	0.245956	0.241388	0.237087	0.233022	0.229167	0.225506	0.222026	0.218714	0.215564	0.000000	0.724296	
3836	0.315020	0.321408	0.314168	0.317149	0.315298	0.306406	0.296010	0.286617	0.278450	0.271284	0.264881	0.259068	0.253719	0.248748	0.244094	0.239712	0.235571	0.231645	0.227918	0.224374	0.221003	0.217796	0.000000	0.659587	
3837	0.315872	0.318853	0.306929	0.308632	0.313076	0.306811	0.297587	0.288714	0.280772	0.273693	0.267312	0.261485	0.256106	0.251096	0.246399	0.241972	0.237785	0.233814	0.230042	0.226455	0.223041	0.219793	0.000000	0.584650	
3838	0.312678	0.312678	0.284571	0.290959	0.305704	0.303929	0.296759	0.288928	0.281556	0.274807	0.268626	0.262923	0.257622	0.252660	0.247990	0.243578	0.239396	0.235424	0.231645	0.228047	0.224621	0.221357	0.000000	0.629691	
3839	0.290959	0.294579	0.275415	0.275415	0.295608	0.298745	0.294091	0.287641	0.281083	0.274846	0.269003	0.263533	0.258395	0.253552	0.248970	0.244622	0.240488	0.236550	0.232797	0.229217	0.225802	0.222545	0.000000	0.669177	
3840	0.282655	0.284997	0.270731	0.272434	0.287883	0.293961	0.291384	0.286193	0.280418	0.274691	0.269194	0.263967	0.259006	0.254293	0.249808	0.245534	0.241456	0.237561	0.233840	0.230284	0.226887	0.223641	0.000000	0.689825	
3841	0.287765	0.298412	0.287765	0.298412	0.291393	0.294770	0.292262	0.287356	0.281802	0.276221	0.270817	0.265647	0.260719	0.256023	0.251544	0.247268	0.243182	0.239275	0.235539	0.231966	0.228550	0.225285	0.000000	0.645583	
3842	0.296070	0.304161	0.288191	0.294792	0.292526	0.294774	0.292579	0.288065	0.282801	0.277419	0.272149	0.267069	0.262200	0.257543	0.253088	0.248826	0.244746	0.240839	0.237099	0.233518	0.230090	0.226812	0.000000	0.709472	
3843	0.269453	0.296070	0.268602	0.286488	0.290513	0.293267	0.291817	0.287914	0.283085	0.278004	0.272945	0.268016	0.263256	0.258678	0.254281	0.250061	0.246011	0.242125	0.238398	0.234825	0.231402	0.228124	0.000000	0.609997	
3844	0.296070	0.297773	0.262001	0.262001	0.281009	0.287583	0.288090	0.285446	0.281463	0.276972	0.272337	0.267723	0.263202	0.258808	0.254557	0.250452	0.246495	0.242685	0.239019	0.235496	0.232114	0.228868	0.000000	0.644015	
3845	0.255187	0.261149	0.228784	0.230275	0.264098	0.277163	0.280863	0.280192	0.277526	0.273959	0.270000	0.265896	0.261770	0.257689	0.253690	0.249791	0.246004	0.242335	0.238789	0.235368	0.232071	0.228899	1.000000	0.546957	
3846	0.225803	0.233894	0.215796	0.230062	0.252752	0.268599	0.274513	0.275418	0.273874	0.271127	0.267782	0.264148	0.260392	0.256606	0.252846	0.249144	0.245521	0.241990	0.238560	0.235237	0.232024	0.228925	1.000000	0.599714	
3847	0.230062	0.250503	0.230062	0.245818	0.250441	0.264457	0.270926	0.272599	0.271716	0.269494	0.266561	0.263254	0.259758	0.256183	0.252595	0.249035	0.245530	0.242097	0.238751	0.235498	0.232345	0.229296	1.000000	0.618067	
3848	0.254549	0.258168	0.236237	0.236237	0.245706	0.259326	0.266590	0.269136	0.268987	0.267349	0.264877	0.261936	0.258735	0.255401	0.252011	0.248615	0.245248	0.241932	0.238684	0.235516	0.232435	0.229449	1.000000	0.559818	
3849	0.237940	0.244754	0.234533	0.241134	0.244182	0.256019	0.263408	0.266469	0.266845	0.265657	0.263558	0.260921	0.257970	0.254841	0.251622	0.248370	0.245123	0.241910	0.238749	0.235655	0.232638	0.229705	1.000000	0.590517	
3850	0.252419	0.263704	0.248799	0.263704	0.250690	0.257416	0.263445	0.266206	0.266603	0.265531	0.263566	0.261057	0.258219	0.255189	0.252054	0.248873	0.245686	0.242524	0.239406	0.236347	0.233360	0.230453	0.000000	0.600596	
3851	0.271157	0.274351	0.256678	0.271157	0.257512	0.259914	0.264409	0.266677	0.266953	0.265894	0.263988	0.261550	0.258782	0.255815	0.252736	0.249603	0.246458	0.243330	0.240241	0.237207	0.234239	0.231347	0.000000	0.736147	
3852	0.266685	0.272434	0.262640	0.269453	0.261493	0.261649	0.265040	0.266942	0.267146	0.266124	0.264291	0.261935	0.259246	0.256350	0.253333	0.250254	0.247155	0.244066	0.241010	0.238003	0.235058	0.232185	0.000000	0.594012	
3853	0.270518	0.270518	0.263704	0.263704	0.262230	0.262022	0.264873	0.266633	0.266881	0.265968	0.264259	0.262021	0.259440	0.256638	0.253703	0.250695	0.247657	0.244619	0.241607	0.238638	0.235724	0.232878	0.000000	0.595493	
3854	0.256678	0.262427	0.252419	0.257742	0.260734	0.261244	0.263981	0.265786	0.266178	0.265437	0.263897	0.261813	0.259366	0.256682	0.253848	0.250926	0.247962	0.244989	0.242032	0.239109	0.236236	0.233424	0.000000	0.688766	
3855	0.255613	0.263279	0.255613	0.261149	0.260872	0.261227	0.263627	0.265345	0.265791	0.265160	0.263744	0.261780	0.259443	0.256857	0.254108	0.251261	0.248362	0.245444	0.242535	0.239654	0.236816	0.234033	0.000000	0.647490	
3856	0.257742	0.259446	0.242625	0.244115	0.255287	0.258116	0.261188	0.263323	0.264124	0.263803	0.262654	0.260919	0.258777	0.256357	0.253751	0.251027	0.248233	0.245407	0.242576	0.239764	0.236986	0.234255	0.000000	0.640906	
3857	0.270518	0.276693	0.264343	0.272647	0.261074	0.260758	0.262621	0.264211	0.264779	0.264373	0.263209	0.261491	0.259380	0.256996	0.254426	0.251736	0.248973	0.246174	0.243368	0.240576	0.237815	0.235099	0.000000	0.489784	
3858	0.272647	0.280100	0.258381	0.260723	0.260957	0.260752	0.262384	0.263879	0.264467	0.264138	0.263071	0.261453	0.259438	0.257142	0.254651	0.252031	0.249329	0.246584	0.243825	0.241073	0.238348	0.235662	0.000000	0.610892	
3859	0.253910	0.270731	0.246031	0.269028	0.263647	0.262256	0.263214	0.264369	0.264818	0.264453	0.263402	0.261823	0.259855	0.257608	0.255165	0.252588	0.249926	0.247216	0.244488	0.241763	0.239061	0.236395	0.000000	0.645078	
3860	0.272860	0.274564	0.263066	0.265408	0.264234	0.262829	0.263488	0.264468	0.264864	0.264515	0.263513	0.261998	0.260097	0.257914	0.255530	0.253008	0.250395	0.247729	0.245038	0.242347	0.239674	0.237033	0.000000	0.693231	
3861	0.272647	0.276906	0.267111	0.275841	0.268103	0.265195	0.265032	0.265551	0.265708	0.265246	0.264198	0.262673	0.260781	0.258617	0.256256	0.253757	0.251166	0.248521	0.245849	0.243174	0.240515	0.237886	0.000000	0.549540	
3862	0.279035	0.279674	0.267750	0.269666	0.268624	0.266008	0.265612	0.265943	0.266013	0.265531	0.264502	0.263014	0.261168	0.259050	0.256735	0.254278	0.251727	0.249116	0.246476	0.243828	0.241193	0.238584	0.000000	0.579451	
3863	0.272009	0.272647	0.262427	0.266260	0.267836	0.266054	0.265693	0.265973	0.266032	0.265578	0.264599	0.263172	0.261389	0.259333	0.257075	0.254671	0.252167	0.249599	0.246996	0.244382	0.241776	0.239193	0.000000	0.742644	
3864	0.270092	0.270518	0.262427	0.263704	0.266459	0.265627	0.265444	0.265757	0.265853	0.265457	0.264550	0.263198	0.261490	0.259505	0.257312	0.254967	0.252517	0.249996	0.247436	0.244859	0.242286	0.239731	0.000000	0.599805	
3865	0.268176	0.271583	0.261575	0.264130	0.265683	0.265355	0.265280	0.265602	0.265720	0.265371	0.264526	0.263244	0.261604	0.259686	0.257555	0.255268	0.252869	0.250395	0.247875	0.245335	0.242794	0.240267	0.000000	0.705158	
3866	0.263066	0.266047	0.259446	0.260936	0.264101	0.264551	0.264737	0.265158	0.265352	0.265085	0.264327	0.263131	0.261575	0.259735	0.257676	0.255454	0.253113	0.250692	0.248219	0.245720	0.243216	0.240722	0.000000	0.695373	
3867	0.260510	0.261362	0.245818	0.245818	0.258007	0.261145	0.262372	0.263316	0.263849	0.263842	0.263299	0.262287	0.260890	0.259189	0.257253	0.255138	0.252892	0.250554	0.248156	0.245723	0.243276	0.240834	0.000000	0.531545	
3868	0.246670	0.249438	0.237088	0.248161	0.254725	0.258784	0.260596	0.261873	0.262643	0.262831	0.262458	0.261598	0.260337	0.258757	0.256928	0.254909	0.252749	0.250487	0.248156	0.245783	0.243390	0.240995	1.000000	0.595705	
3869	0.249225	0.254336	0.246244	0.246244	0.251898	0.256504	0.258802	0.260384	0.261381	0.261760	0.261557	0.260849	0.259724	0.258266	0.256546	0.254625	0.252552	0.250367	0.248106	0.245794	0.243456	0.241110	0.000000	0.583247	
3870	0.248799	0.249012	0.237514	0.237727	0.247174	0.253090	0.256167	0.258226	0.259562	0.260210	0.260233	0.259721	0.258768	0.257461	0.255874	0.254071	0.252102	0.250011	0.247833	0.245595	0.243323	0.241036	1.000000	0.607033	
3871	0.239856	0.242625	0.232191	0.237514	0.243954	0.250258	0.253836	0.256254	0.257866	0.258746	0.258971	0.258638	0.257844	0.256678	0.255218	0.253528	0.251660	0.249659	0.247561	0.245396	0.243188	0.240958	1.000000	0.616424	
3872	0.239644	0.240282	0.230913	0.237301	0.241737	0.247903	0.251769	0.254449	0.256284	0.257362	0.257767	0.257597	0.256951	0.255919	0.254579	0.252996	0.251225	0.249311	0.247291	0.245196	0.243051	0.240878	1.000000	0.589274	
3873	0.239856	0.239856	0.230275	0.230275	0.237916	0.244697	0.249082	0.252147	0.254283	0.255615	0.256240	0.256264	0.255791	0.254913	0.253711	0.252251	0.250590	0.248775	0.246843	0.244827	0.242754	0.240645	1.000000	0.629742	
3874	0.231126	0.237514	0.230275	0.235172	0.237001	0.242966	0.247343	0.250530	0.252813	0.254296	0.255069	0.255235	0.254894	0.254139	0.253048	0.251691	0.250123	0.248392	0.246536	0.244589	0.242578	0.240525	1.000000	0.634046	
3875	0.236875	0.239644	0.235811	0.239005	0.237669	0.242245	0.246301	0.249432	0.251751	0.253309	0.254177	0.254443	0.254203	0.253545	0.252547	0.251275	0.249786	0.248127	0.246338	0.244451	0.242494	0.240491	1.000000	0.689663	
3876	0.240708	0.241773	0.235598	0.238792	0.238043	0.241617	0.245362	0.248419	0.250754	0.252373	0.253322	0.253680	0.253533	0.252967	0.252056	0.250866	0.249453	0.247864	0.246139	0.244311	0.242408	0.240454	1.000000	0.502397	
3877	0.239218	0.247309	0.237727	0.246670	0.240919	0.242536	0.245526	0.248252	0.250440	0.252005	0.252953	0.253338	0.253235	0.252720	0.251863	0.250728	0.249369	0.247831	0.246153	0.244370	0.242507	0.240591	1.000000	0.631979	
3878	0.248161	0.248799	0.241134	0.248587	0.243475	0.243636	0.245908	0.248284	0.250297	0.251784	0.252710	0.253106	0.253033	0.252558	0.251746	0.250658	0.249345	0.247852	0.246217	0.244474	0.242649	0.240766	1.000000	0.557898	
3879	0.248587	0.248587	0.242837	0.244115	0.243688	0.243723	0.245684	0.247887	0.249822	0.251289	0.252232	0.252668	0.252645	0.252227	0.251474	0.250444	0.249187	0.247747	0.246162	0.244465	0.242683	0.240840	1.000000	0.578322	
3880	0.250290	0.265195	0.250290	0.262001	0.249792	0.247046	0.247724	0.249231	0.250759	0.251980	0.252775	0.253123	0.253052	0.252610	0.251850	0.250822	0.249575	0.248148	0.246579	0.244898	0.243132	0.241305	0.000000	0.635009	
3881	0.260936	0.265834	0.257955	0.262001	0.253862	0.249765	0.249509	0.250447	0.251623	0.252627	0.253288	0.253556	0.253441	0.252978	0.252212	0.251189	0.249951	0.248538	0.246985	0.245320	0.243571	0.241760	0.000000	0.602047	
3882	0.266260	0.270731	0.264556	0.267324	0.258349	0.252958	0.251735	0.252055	0.252831	0.253575	0.254068	0.254228	0.254045	0.253541	0.252752	0.251718	0.250478	0.249068	0.247520	0.245863	0.244123	0.242322	0.000000	0.693667	
3883	0.267963	0.270944	0.262001	0.265408	0.260702	0.255222	0.253445	0.253326	0.253799	0.254339	0.254698	0.254773	0.254539	0.254006	0.253204	0.252167	0.250930	0.249528	0.247991	0.246346	0.244618	0.242829	0.000000	0.693893	
3884	0.262001	0.264130	0.258381	0.258381	0.259929	0.255796	0.254062	0.253808	0.254151	0.254599	0.254902	0.254949	0.254706	0.254178	0.253389	0.252371	0.251156	0.249777	0.248264	0.246643	0.244938	0.243171	0.000000	0.652460	
3885	0.264130	0.265834	0.259659	0.261575	0.260477	0.256847	0.255001	0.254548	0.254722	0.255049	0.255273	0.255272	0.255004	0.254468	0.253681	0.252672	0.251472	0.250110	0.248614	0.247012	0.245325	0.243575	0.000000	0.639932	
3886	0.264982	0.265834	0.257104	0.265408	0.262121	0.258403	0.256302	0.255582	0.255544	0.255718	0.255836	0.255767	0.255457	0.254897	0.254100	0.253090	0.251894	0.250541	0.249056	0.247466	0.245792	0.244055	0.000000	0.689890	
3887	0.275841	0.277971	0.270518	0.270518	0.264920	0.260606	0.258079	0.257004	0.256696	0.256673	0.256652	0.256486	0.256112	0.255509	0.254686	0.253661	0.252458	0.251103	0.249621	0.248035	0.246367	0.244637	0.000000	0.702717	
3888	0.267750	0.271583	0.263491	0.265834	0.265225	0.261557	0.259048	0.257845	0.257399	0.257264	0.257162	0.256942	0.256534	0.255914	0.255085	0.254060	0.252864	0.251518	0.250048	0.248475	0.246820	0.245103	0.000000	0.709101	
3889	0.266260	0.267324	0.263704	0.267324	0.265924	0.262605	0.260083	0.258748	0.258162	0.257913	0.257726	0.257449	0.257003	0.256362	0.255522	0.254495	0.253302	0.251964	0.250502	0.248940	0.247297	0.245591	0.000000	0.607502	
3890	0.266898	0.272009	0.266685	0.268815	0.266888	0.263734	0.261174	0.259707	0.258982	0.258616	0.258342	0.258003	0.257517	0.256850	0.255996	0.254965	0.253772	0.252438	0.250984	0.249431	0.247797	0.246101	0.000000	0.625496	
3891	0.268389	0.271157	0.266472	0.268176	0.267317	0.264542	0.262049	0.260513	0.259689	0.259233	0.258889	0.258499	0.257980	0.257294	0.256431	0.255398	0.254209	0.252882	0.251437	0.249894	0.248271	0.246587	0.000000	0.603809	
3892	0.268815	0.270092	0.263704	0.267750	0.267461	0.265125	0.262762	0.261203	0.260309	0.259782	0.259381	0.258951	0.258405	0.257704	0.256836	0.255803	0.254619	0.253300	0.251866	0.250335	0.248724	0.247052	0.000000	0.670039	
3893	0.269241	0.276693	0.268602	0.272647	0.269190	0.266493	0.263998	0.262293	0.261258	0.260612	0.260118	0.259619	0.259024	0.258290	0.257400	0.256355	0.255165	0.253845	0.252413	0.250886	0.249281	0.247614	0.000000	0.661152	
3894	0.271370	0.274564	0.268176	0.272434	0.270272	0.267573	0.265052	0.263258	0.262118	0.261375	0.260802	0.260244	0.259607	0.258845	0.257937	0.256882	0.255689	0.254369	0.252940	0.251418	0.249819	0.248160	0.000000	0.654316	
3895	0.275203	0.281803	0.272009	0.273499	0.271347	0.268651	0.266108	0.264234	0.262993	0.262157	0.261508	0.260890	0.260211	0.259420	0.258493	0.257427	0.256228	0.254908	0.253481	0.251963	0.250370	0.248717	0.000000	0.659842	
3896	0.273499	0.276693	0.268389	0.268389	0.270361	0.268603	0.266393	0.264629	0.263408	0.262559	0.261890	0.261256	0.260567	0.259771	0.258846	0.257787	0.256597	0.255288	0.253873	0.252368	0.250789	0.249149	0.000000	0.572709	
3897	0.266898	0.269879	0.262853	0.264556	0.268426	0.267867	0.266164	0.264623	0.263497	0.262688	0.262038	0.261417	0.260740	0.259959	0.259050	0.258009	0.256838	0.255549	0.254154	0.252669	0.251109	0.249488	0.000000	0.536698	
3898	0.262214	0.262640	0.247948	0.247948	0.261600	0.264245	0.263887	0.263034	0.262301	0.261737	0.261255	0.260760	0.260184	0.259488	0.258654	0.257679	0.256569	0.255335	0.253991	0.252553	0.251035	0.249454	0.000000	0.675168	
3899	0.251142	0.259233	0.249225	0.251780	0.258327	0.261979	0.262373	0.261963	0.261491	0.261095	0.260729	0.260322	0.259819	0.259186	0.258408	0.257485	0.256423	0.255234	0.253933	0.252534	0.251053	0.249505	0.000000	0.596934	
3900	0.256891	0.260085	0.249438	0.251780	0.256145	0.260125	0.261049	0.260993	0.260744	0.260494	0.260232	0.259905	0.259469	0.258895	0.258172	0.257298	0.256283	0.255137	0.253876	0.252515	0.251070	0.249555	0.000000	0.681637	
3901	0.251142	0.257317	0.248374	0.249012	0.253767	0.258104	0.259545	0.259852	0.259842	0.259753	0.259608	0.259374	0.259015	0.258508	0.257845	0.257027	0.256062	0.254965	0.253748	0.252429	0.251022	0.249543	0.000000	0.566650	
3902	0.249651	0.258594	0.246457	0.258594	0.255376	0.258193	0.259426	0.259732	0.259746	0.259678	0.259552	0.259336	0.258996	0.258511	0.257871	0.257078	0.256139	0.255067	0.253876	0.252581	0.251198	0.249742	0.000000	0.614250	
3903	0.259446	0.261362	0.250290	0.250503	0.253752	0.256795	0.258310	0.258853	0.259035	0.259086	0.259049	0.258905	0.258627	0.258197	0.257608	0.256862	0.255968	0.254938	0.253787	0.252530	0.251182	0.249759	0.000000	0.565902	
3904	0.253484	0.254761	0.244967	0.244967	0.250823	0.254645	0.256642	0.257531	0.257953	0.258175	0.258267	0.258225	0.258033	0.257678	0.257157	0.256472	0.255635	0.254657	0.253555	0.252343	0.251037	0.249653	0.000000	0.608241	
3905	0.246457	0.253484	0.235811	0.253484	0.251710	0.254433	0.256248	0.257145	0.257609	0.257873	0.258001	0.257994	0.257835	0.257514	0.257026	0.256374	0.255570	0.254624	0.253553	0.252371	0.251094	0.249738	1.000000	0.616936	
3906	0.255187	0.256465	0.250503	0.252419	0.251947	0.254067	0.255769	0.256695	0.257210	0.257521	0.257691	0.257722	0.257600	0.257314	0.256861	0.256245	0.255474	0.254562	0.253523	0.252372	0.251125	0.249797	0.000000	0.715281	
3907	0.255613	0.264769	0.254336	0.263704	0.255866	0.255819	0.256761	0.257363	0.257709	0.257920	0.258025	0.258014	0.257865	0.257565	0.257105	0.256489	0.255724	0.254820	0.253791	0.252652	0.251418	0.250102	0.000000	0.628896	
3908	0.267750	0.270731	0.263066	0.264556	0.258763	0.257408	0.257735	0.258048	0.258236	0.258348	0.258388	0.258333	0.258156	0.257839	0.257372	0.256754	0.255991	0.255094	0.254074	0.252946	0.251723	0.250420	0.000000	0.651683	
3909	0.267111	0.271583	0.263279	0.268815	0.262113	0.259482	0.259120	0.259073	0.259050	0.259023	0.258967	0.258844	0.258620	0.258269	0.257780	0.257149	0.256380	0.255481	0.254462	0.253338	0.252121	0.250824	0.000000	0.727319	
3910	0.270731	0.273712	0.267963	0.269241	0.264489	0.261256	0.260385	0.260042	0.259834	0.259682	0.259538	0.259351	0.259081	0.258699	0.258189	0.257546	0.256770	0.255868	0.254851	0.253730	0.252519	0.251229	0.000000	0.704364	
3911	0.269241	0.274138	0.267324	0.269666	0.266215	0.262785	0.261545	0.260958	0.260590	0.260327	0.260101	0.259855	0.259542	0.259130	0.258599	0.257943	0.257160	0.256257	0.255241	0.254124	0.252917	0.251634	0.000000	0.630613	
3912	0.267111	0.270518	0.264130	0.264343	0.265591	0.263069	0.261895	0.261281	0.260879	0.260586	0.260336	0.260074	0.259750	0.259334	0.258805	0.258153	0.257378	0.256485	0.255481	0.254376	0.253183	0.251913	0.000000	0.625811	
3913	0.267111	0.272222	0.265195	0.270944	0.267375	0.264500	0.263026	0.262201	0.261653	0.261254	0.260926	0.260604	0.260237	0.259789	0.259238	0.258572	0.257789	0.256892	0.255887	0.254785	0.253596	0.252332	0.000000	0.474733	
3914	0.274777	0.277545	0.273499	0.274564	0.269771	0.266330	0.264468	0.263378	0.262646	0.262113	0.261683	0.261285	0.260860	0.260369	0.259785	0.259097	0.258298	0.257390	0.256379	0.255274	0.254084	0.252820	0.000000	0.578274	
3915	0.272647	0.273073	0.263491	0.266260	0.268601	0.266317	0.264692	0.263653	0.262924	0.262380	0.261938	0.261527	0.261095	0.260600	0.260017	0.259331	0.258539	0.257640	0.256639	0.255545	0.254367	0.253116	0.000000	0.587315	
3916	0.271370	0.274777	0.261575	0.263279	0.266827	0.265765	0.264516	0.263617	0.262951	0.262438	0.262012	0.261613	0.261190	0.260705	0.260133	0.259461	0.258682	0.257798	0.256814	0.255736	0.254574	0.253339	0.000000	0.634158	
3917	0.258807	0.261362	0.253484	0.255187	0.262947	0.263842	0.263350	0.262814	0.262354	0.261970	0.261633	0.261299	0.260929	0.260488	0.259956	0.259321	0.258577	0.257725	0.256771	0.255722	0.254589	0.253380	0.000000	0.587650	
3918	0.255187	0.263066	0.255187	0.262427	0.262774	0.263584	0.263234	0.262777	0.262360	0.262000	0.261677	0.261354	0.260994	0.260564	0.260045	0.259423	0.258693	0.257857	0.256920	0.255888	0.254771	0.253578	0.000000	0.577507	
3919	0.260723	0.260936	0.251142	0.253697	0.259748	0.261787	0.262042	0.261913	0.261693	0.261464	0.261234	0.260981	0.260677	0.260295	0.259818	0.259235	0.258542	0.257740	0.256835	0.255834	0.254746	0.253581	0.000000	0.642153	
3920	0.256039	0.258594	0.252206	0.258168	0.259221	0.261129	0.261558	0.261556	0.261422	0.261252	0.261063	0.260844	0.260568	0.260212	0.259759	0.259200	0.258530	0.257752	0.256870	0.255891	0.254825	0.253682	0.000000	0.557308	
3921	0.253697	0.261362	0.252206	0.253484	0.257309	0.259739	0.260549	0.260787	0.260812	0.260750	0.260642	0.260485	0.260260	0.259948	0.259535	0.259012	0.258378	0.257632	0.256781	0.255832	0.254794	0.253678	0.000000	0.633326	
3922	0.255187	0.259446	0.253910	0.255187	0.256602	0.258911	0.259878	0.260254	0.260379	0.260391	0.260339	0.260226	0.260039	0.259761	0.259380	0.258887	0.258281	0.257563	0.256739	0.255816	0.254803	0.253711	0.000000	0.647971	
3923	0.254761	0.255187	0.241773	0.241773	0.251659	0.255795	0.257615	0.258494	0.258948	0.259190	0.259308	0.259326	0.259245	0.259056	0.258751	0.258326	0.257781	0.257118	0.256345	0.255469	0.254500	0.253448	0.000000	0.610329	
3924	0.237301	0.242625	0.233682	0.240708	0.248009	0.253052	0.255502	0.256800	0.257545	0.257998	0.258274	0.258418	0.258439	0.258336	0.258107	0.257748	0.257263	0.256656	0.255934	0.255105	0.254180	0.253168	1.000000	0.606951	
3925	0.245393	0.248799	0.235172	0.236663	0.244227	0.250072	0.253147	0.254882	0.255938	0.256621	0.257074	0.257357	0.257492	0.257486	0.257341	0.257057	0.256639	0.256093	0.255426	0.254649	0.253772	0.252806	0.000000	0.656152	
3926	0.237088	0.238579	0.233469	0.237940	0.242131	0.247866	0.251246	0.253269	0.254554	0.255416	0.256011	0.256410	0.256642	0.256720	0.256648	0.256430	0.256072	0.255581	0.254966	0.254237	0.253404	0.252479	1.000000	0.641745	
3927	0.231552	0.232191	0.221332	0.221332	0.235198	0.243042	0.247507	0.250227	0.251998	0.253217	0.254084	0.254698	0.255107	0.255332	0.255386	0.255279	0.255020	0.254617	0.254081	0.253424	0.252658	0.251794	1.000000	0.565250	
3928	0.227081	0.234320	0.220480	0.234320	0.234905	0.241456	0.245858	0.248712	0.250638	0.251998	0.252986	0.253704	0.254203	0.254508	0.254634	0.254592	0.254392	0.254045	0.253561	0.252953	0.252232	0.251410	1.000000	0.621188	
3929	0.235598	0.236875	0.223248	0.223887	0.231233	0.238262	0.243112	0.246348	0.248581	0.250184	0.251370	0.252250	0.252885	0.253307	0.253536	0.253586	0.253468	0.253195	0.252780	0.252235	0.251573	0.250805	1.000000	0.530844	
3930	0.226016	0.227507	0.209834	0.212176	0.224880	0.233519	0.239245	0.243093	0.245780	0.247732	0.249192	0.250295	0.251115	0.251694	0.252059	0.252228	0.252217	0.252040	0.251712	0.251246	0.250656	0.249956	1.000000	0.640993	
3931	0.208343	0.223035	0.206853	0.221545	0.223768	0.231342	0.237032	0.241041	0.243916	0.246043	0.247656	0.248893	0.249829	0.250512	0.250969	0.251222	0.251287	0.251181	0.250918	0.250513	0.249979	0.249332	1.000000	0.578660	
3932	0.221758	0.222183	0.204936	0.208769	0.218769	0.227238	0.233499	0.237967	0.241212	0.243638	0.245496	0.246935	0.248044	0.248875	0.249462	0.249830	0.249999	0.249986	0.249809	0.249482	0.249021	0.248440	1.000000	0.645542	
3933	0.213027	0.224100	0.209408	0.222822	0.220120	0.226435	0.232165	0.236525	0.239798	0.242295	0.244236	0.245759	0.246947	0.247853	0.248510	0.248944	0.249175	0.249221	0.249098	0.248824	0.248412	0.247877	1.000000	0.515596	
3934	0.218989	0.226229	0.217712	0.220906	0.220382	0.225429	0.230757	0.235037	0.238344	0.240915	0.242940	0.244547	0.245815	0.246796	0.247525	0.248025	0.248319	0.248423	0.248357	0.248134	0.247772	0.247285	1.000000	0.547996	
3935	0.223674	0.225164	0.216008	0.218989	0.219918	0.224259	0.229286	0.233509	0.236856	0.239500	0.241609	0.243300	0.244649	0.245706	0.246505	0.247073	0.247430	0.247594	0.247584	0.247415	0.247103	0.246663	1.000000	0.603977	
3936	0.213879	0.225590	0.209195	0.225164	0.221667	0.224423	0.228771	0.232714	0.235956	0.238576	0.240696	0.242415	0.243802	0.244900	0.245743	0.246355	0.246755	0.246962	0.246994	0.246865	0.246592	0.246190	1.000000	0.552311	
3937	0.227932	0.232404	0.225164	0.228997	0.224110	0.225255	0.228799	0.232360	0.235421	0.237958	0.240046	0.241761	0.243158	0.244277	0.245145	0.245786	0.246217	0.246456	0.246520	0.246424	0.246183	0.245812	1.000000	0.561073	
3938	0.241773	0.243689	0.237514	0.239644	0.229288	0.227871	0.230155	0.233054	0.235746	0.238066	0.240024	0.241658	0.243005	0.244095	0.244949	0.245584	0.246018	0.246264	0.246339	0.246257	0.246031	0.245677	0.000000	0.599617	
3939	0.237727	0.243902	0.235598	0.240495	0.233024	0.230166	0.231447	0.233763	0.236111	0.238223	0.240050	0.241601	0.242896	0.243954	0.244790	0.245417	0.245850	0.246102	0.246185	0.246114	0.245902	0.245563	0.000000	0.580833	
3940	0.241560	0.246031	0.241347	0.244328	0.236792	0.232741	0.233058	0.234769	0.236743	0.238617	0.240287	0.241734	0.242958	0.243969	0.244773	0.245382	0.245804	0.246052	0.246137	0.246070	0.245866	0.245536	0.000000	0.661225	
3941	0.244328	0.249012	0.242199	0.248161	0.240581	0.235545	0.234945	0.236044	0.237621	0.239233	0.240725	0.242047	0.243185	0.244133	0.244894	0.245473	0.245876	0.246111	0.246190	0.246122	0.245919	0.245593	0.000000	0.745221	
3942	0.252419	0.254761	0.240708	0.242199	0.241120	0.236755	0.235852	0.236630	0.237974	0.239424	0.240807	0.242055	0.243142	0.244057	0.244798	0.245365	0.245764	0.246001	0.246085	0.246025	0.245833	0.245519	0.000000	0.492896	
3943	0.243263	0.248587	0.239005	0.241347	0.241196	0.237589	0.236539	0.237080	0.238233	0.239548	0.240837	0.242020	0.243064	0.243951	0.244675	0.245234	0.245630	0.245870	0.245960	0.245909	0.245728	0.245427	0.000000	0.642005	
3944	0.243050	0.249225	0.242837	0.244967	0.242453	0.238931	0.237592	0.237831	0.238751	0.239898	0.241066	0.242164	0.243146	0.243991	0.244685	0.245225	0.245610	0.245845	0.245934	0.245886	0.245711	0.245417	0.000000	0.615002	
3945	0.249225	0.250077	0.244967	0.250077	0.244994	0.240957	0.239153	0.238997	0.239622	0.240554	0.241567	0.242550	0.243448	0.244229	0.244878	0.245384	0.245746	0.245964	0.246043	0.245990	0.245812	0.245519	0.000000	0.571105	
3946	0.250716	0.251142	0.241773	0.244541	0.244843	0.241609	0.239826	0.239525	0.240001	0.240812	0.241732	0.242647	0.243495	0.244242	0.244866	0.245356	0.245709	0.245924	0.246003	0.245954	0.245783	0.245498	0.000000	0.661644	
3947	0.242837	0.247735	0.242412	0.243902	0.244529	0.242026	0.240336	0.239942	0.240301	0.241011	0.241853	0.242708	0.243513	0.244228	0.244831	0.245309	0.245654	0.245867	0.245948	0.245903	0.245739	0.245463	0.000000	0.603072	
3948	0.243902	0.244754	0.231765	0.231765	0.240275	0.240160	0.239265	0.239163	0.239644	0.240414	0.241292	0.242174	0.243002	0.243739	0.244365	0.244865	0.245234	0.245470	0.245575	0.245554	0.245414	0.245162	1.000000	0.625434	
3949	0.231765	0.237514	0.229423	0.236024	0.238858	0.239408	0.238859	0.238864	0.239366	0.240131	0.240999	0.241874	0.242699	0.243437	0.244067	0.244575	0.244954	0.245204	0.245324	0.245319	0.245195	0.244961	1.000000	0.650206	
3950	0.233256	0.237940	0.228997	0.232191	0.236635	0.238096	0.238026	0.238229	0.238814	0.239619	0.240510	0.241402	0.242242	0.242996	0.243643	0.244169	0.244568	0.244837	0.244978	0.244995	0.244893	0.244680	1.000000	0.613517	
3951	0.235172	0.236024	0.220480	0.221545	0.231605	0.235087	0.235966	0.236640	0.237485	0.238453	0.239456	0.240433	0.241342	0.242155	0.242853	0.243427	0.243870	0.244181	0.244361	0.244416	0.244350	0.244172	1.000000	0.578483	
3952	0.225803	0.227932	0.222183	0.227507	0.230239	0.233708	0.234908	0.235770	0.236718	0.237747	0.238793	0.239803	0.240740	0.241580	0.242305	0.242905	0.243374	0.243711	0.243918	0.243998	0.243958	0.243806	1.000000	0.626925	
3953	0.227507	0.233469	0.227507	0.230701	0.230393	0.233162	0.234382	0.235287	0.236255	0.237292	0.238343	0.239359	0.240304	0.241154	0.241891	0.242505	0.242990	0.243345	0.243570	0.243670	0.243650	0.243518	1.000000	0.597075	
3954	0.227932	0.237301	0.225803	0.237301	0.232696	0.233914	0.234747	0.235479	0.236335	0.237293	0.238285	0.239258	0.240173	0.241003	0.241727	0.242334	0.242818	0.243174	0.243405	0.243513	0.243502	0.243381	1.000000	0.561265	
3955	0.233469	0.240495	0.230062	0.230062	0.231818	0.233214	0.234162	0.234963	0.235853	0.236826	0.237828	0.238810	0.239734	0.240573	0.241310	0.241932	0.242431	0.242805	0.243054	0.243180	0.243190	0.243088	1.000000	0.561194	
3956	0.229849	0.230701	0.220693	0.224313	0.229316	0.231595	0.232930	0.233949	0.234965	0.236019	0.237077	0.238103	0.239063	0.239936	0.240703	0.241354	0.241882	0.242284	0.242561	0.242715	0.242751	0.242676	1.000000	0.617533	
3957	0.226868	0.232191	0.223461	0.229423	0.229352	0.231200	0.232492	0.233518	0.234539	0.235593	0.236652	0.237679	0.238644	0.239524	0.240300	0.240963	0.241505	0.241922	0.242215	0.242386	0.242441	0.242384	1.000000	0.604038	
3958	0.229423	0.237301	0.226868	0.229849	0.229517	0.230955	0.232162	0.233168	0.234178	0.235223	0.236274	0.237297	0.238262	0.239144	0.239927	0.240599	0.241151	0.241582	0.241890	0.242077	0.242148	0.242109	1.000000	0.622834	
3959	0.230913	0.235385	0.228997	0.233469	0.230834	0.231412	0.232325	0.233197	0.234123	0.235109	0.236118	0.237111	0.238053	0.238922	0.239696	0.240365	0.240919	0.241353	0.241668	0.241864	0.241946	0.241919	1.000000	0.721794	
3960	0.230062	0.230062	0.221119	0.221545	0.227738	0.229618	0.230977	0.232087	0.233156	0.234234	0.235309	0.236351	0.237336	0.238240	0.239048	0.239748	0.240331	0.240795	0.241138	0.241363	0.241472	0.241471	1.000000	0.663535	
3961	0.223461	0.234533	0.222822	0.234533	0.230003	0.230511	0.231422	0.232320	0.233262	0.234254	0.235266	0.236263	0.237214	0.238095	0.238887	0.239577	0.240156	0.240619	0.240965	0.241194	0.241310	0.241319	1.000000	0.739324	
3962	0.232830	0.237514	0.229636	0.231765	0.230590	0.230739	0.231465	0.232267	0.233147	0.234093	0.235071	0.236043	0.236977	0.237847	0.238633	0.239321	0.239902	0.240369	0.240722	0.240961	0.241088	0.241109	1.000000	0.642149	
3963	0.233256	0.235172	0.230913	0.233043	0.231408	0.231158	0.231662	0.232341	0.233139	0.234025	0.234958	0.235897	0.236806	0.237658	0.238433	0.239115	0.239694	0.240163	0.240520	0.240766	0.240901	0.240931	1.000000	0.628855	
3964	0.237301	0.246031	0.236663	0.245606	0.236140	0.233785	0.233405	0.233604	0.234098	0.234772	0.235550	0.236370	0.237188	0.237970	0.238689	0.239328	0.239873	0.240316	0.240654	0.240885	0.241011	0.241034	0.000000	0.696924	
3965	0.248799	0.249651	0.243689	0.247522	0.239934	0.236283	0.235170	0.234930	0.235130	0.235595	0.236215	0.236914	0.237638	0.238344	0.239005	0.239596	0.240105	0.240519	0.240835	0.241049	0.241162	0.241177	0.000000	0.622095	
3966	0.262001	0.263704	0.258807	0.260936	0.246935	0.240765	0.238390	0.237407	0.237115	0.237230	0.237588	0.238086	0.238651	0.239230	0.239788	0.240296	0.240736	0.241094	0.241364	0.241540	0.241622	0.241611	0.000000	0.595349	
3967	0.267750	0.269879	0.265195	0.265834	0.253235	0.245323	0.241821	0.240114	0.239324	0.239075	0.239158	0.239440	0.239833	0.240274	0.240718	0.241133	0.241496	0.241791	0.242008	0.242140	0.242185	0.242143	0.000000	0.628065	
3968	0.267750	0.267963	0.262427	0.266260	0.257576	0.249130	0.244876	0.242604	0.241396	0.240829	0.240663	0.240748	0.240982	0.241293	0.241630	0.241957	0.242247	0.242481	0.242646	0.242735	0.242745	0.242673	0.000000	0.656848	
3969	0.263279	0.266685	0.262214	0.264343	0.259832	0.251896	0.247309	0.244674	0.243162	0.242346	0.241979	0.241899	0.241997	0.242197	0.242441	0.242691	0.242916	0.243096	0.243217	0.243269	0.243247	0.243150	0.000000	0.631520	
3970	0.197058	0.230062	0.197058	0.211963	0.243876	0.244635	0.242891	0.241559	0.240762	0.240386	0.240311	0.240439	0.240691	0.241011	0.241353	0.241684	0.241978	0.242219	0.242395	0.242496	0.242520	0.242464	0.000000	0.551983	
3971	0.224739	0.227932	0.218564	0.221970	0.236574	0.240514	0.240276	0.239693	0.239316	0.239198	0.239292	0.239538	0.239877	0.240264	0.240661	0.241037	0.241372	0.241649	0.241857	0.241989	0.242042	0.242014	0.000000	0.657824	
3972	0.216221	0.219628	0.208769	0.217286	0.230145	0.236291	0.237402	0.237559	0.237622	0.237784	0.238070	0.238452	0.238895	0.239363	0.239826	0.240259	0.240642	0.240963	0.241210	0.241379	0.241466	0.241470	0.000000	0.643014	
3973	0.218351	0.221545	0.216860	0.219202	0.226497	0.233184	0.235127	0.235811	0.236205	0.236585	0.237022	0.237513	0.238039	0.238573	0.239089	0.239568	0.239993	0.240350	0.240631	0.240832	0.240948	0.240981	0.000000	0.699201	
3974	0.224739	0.231978	0.223461	0.231126	0.228040	0.232810	0.234627	0.235365	0.235814	0.236233	0.236694	0.237202	0.237738	0.238281	0.238805	0.239291	0.239724	0.240090	0.240381	0.240592	0.240720	0.240764	0.000000	0.650214	
3975	0.229423	0.234107	0.222183	0.224526	0.226869	0.231304	0.233364	0.234333	0.234946	0.235478	0.236018	0.236583	0.237164	0.237741	0.238295	0.238807	0.239263	0.239652	0.239964	0.240195	0.240343	0.240407	0.000000	0.536495	
3976	0.218777	0.225590	0.217286	0.223248	0.225662	0.229839	0.232100	0.233277	0.234046	0.234689	0.235309	0.235933	0.236559	0.237173	0.237758	0.238297	0.238778	0.239189	0.239524	0.239777	0.239946	0.240030	0.000000	0.664568	
3977	0.223248	0.223248	0.223248	0.223248	0.224857	0.228641	0.230993	0.232322	0.233215	0.233951	0.234639	0.235314	0.235980	0.236627	0.237239	0.237804	0.238307	0.238740	0.239096	0.239369	0.239557	0.239661	0.000000	0.652562	
3978	0.220480	0.222396	0.216434	0.216434	0.222050	0.226421	0.229173	0.230809	0.231924	0.232821	0.233627	0.234393	0.235130	0.235835	0.236496	0.237103	0.237645	0.238112	0.238499	0.238802	0.239020	0.239151	0.000000	0.629105	
3979	0.213240	0.215370	0.207704	0.207917	0.217339	0.223057	0.226516	0.228629	0.230078	0.231214	0.232199	0.233102	0.233947	0.234740	0.235476	0.236146	0.236744	0.237262	0.237695	0.238040	0.238296	0.238465	0.000000	0.622451	
3980	0.212176	0.214944	0.204936	0.204936	0.213205	0.219762	0.223819	0.226372	0.228144	0.229519	0.230684	0.231728	0.232686	0.233571	0.234385	0.235123	0.235780	0.236351	0.236832	0.237222	0.237521	0.237728	1.000000	0.673528	
3981	0.204297	0.209834	0.201955	0.209834	0.212081	0.217957	0.222071	0.224797	0.226735	0.228249	0.229526	0.230660	0.231692	0.232640	0.233508	0.234294	0.234994	0.235604	0.236122	0.236546	0.236877	0.237115	1.000000	0.646370	
3982	0.207917	0.213879	0.207065	0.212602	0.212254	0.216983	0.220887	0.223636	0.225648	0.227239	0.228586	0.229779	0.230862	0.231855	0.232761	0.233583	0.234315	0.234956	0.235503	0.235955	0.236312	0.236576	0.000000	0.603780	
3983	0.213666	0.215796	0.209408	0.212602	0.212370	0.216187	0.219851	0.222585	0.224645	0.226295	0.227698	0.228941	0.230068	0.231100	0.232041	0.232895	0.233657	0.234326	0.234900	0.235378	0.235761	0.236049	0.000000	0.603301	
3984	0.214731	0.216008	0.204723	0.206001	0.210247	0.214335	0.218120	0.221005	0.223210	0.224985	0.226492	0.227822	0.229022	0.230115	0.231111	0.232013	0.232819	0.233528	0.234140	0.234653	0.235069	0.235389	0.000000	0.636614	
3985	0.204084	0.207917	0.202594	0.205362	0.208619	0.212703	0.216525	0.219515	0.221837	0.223719	0.225318	0.226726	0.227993	0.229145	0.230192	0.231139	0.231987	0.232735	0.233383	0.233930	0.234378	0.234729	1.000000	0.662749	
3986	0.207917	0.210898	0.205149	0.205575	0.207604	0.211407	0.215157	0.218188	0.220586	0.222549	0.224222	0.225695	0.227019	0.228220	0.229313	0.230301	0.231187	0.231970	0.232651	0.233230	0.233708	0.234088	1.000000	0.668017	
3987	0.208130	0.209408	0.203872	0.206640	0.207283	0.210540	0.214092	0.217088	0.219514	0.221522	0.223245	0.224765	0.226132	0.227374	0.228503	0.229525	0.230443	0.231256	0.231966	0.232573	0.233078	0.233485	1.000000	0.560622	
3988	0.207704	0.209195	0.203872	0.207491	0.207352	0.209986	0.213267	0.216174	0.218589	0.220617	0.222370	0.223922	0.225322	0.226594	0.227752	0.228803	0.229747	0.230587	0.231322	0.231954	0.232483	0.232913	1.000000	0.696944	
3989	0.207491	0.209621	0.200465	0.200678	0.205127	0.208294	0.211693	0.214698	0.217211	0.219331	0.221164	0.222789	0.224250	0.225578	0.226786	0.227881	0.228866	0.229744	0.230516	0.231182	0.231744	0.232205	1.000000	0.641396	
3990	0.200678	0.200678	0.200678	0.200678	0.203644	0.206909	0.210316	0.213363	0.215939	0.218127	0.220026	0.221710	0.223226	0.224601	0.225853	0.226989	0.228012	0.228926	0.229731	0.230428	0.231021	0.231512	1.000000	0.585636	
3991	0.199826	0.200039	0.191948	0.193438	0.200242	0.204460	0.208206	0.211465	0.214208	0.216534	0.218549	0.220331	0.221930	0.223379	0.224695	0.225889	0.226964	0.227926	0.228775	0.229515	0.230147	0.230675	1.000000	0.521117	
3992	0.194077	0.197484	0.192160	0.193651	0.198045	0.202494	0.206387	0.209769	0.212627	0.215058	0.217166	0.219029	0.220701	0.222214	0.223587	0.224832	0.225955	0.226961	0.227851	0.228629	0.229298	0.229861	1.000000	0.544001	
3993	0.190031	0.190244	0.182366	0.184495	0.193528	0.199222	0.203651	0.207362	0.210463	0.213086	0.215351	0.217345	0.219127	0.220734	0.222191	0.223509	0.224699	0.225764	0.226710	0.227540	0.228257	0.228864	1.000000	0.673654	
3994	0.186411	0.190031	0.178746	0.179811	0.188956	0.195693	0.200671	0.204738	0.208105	0.210940	0.213376	0.215514	0.217417	0.219130	0.220677	0.222076	0.223338	0.224470	0.225476	0.226361	0.227130	0.227786	1.000000	0.607839	
3995	0.182366	0.188328	0.181514	0.188328	0.188746	0.194353	0.199128	0.203175	0.206584	0.209481	0.211985	0.214188	0.216153	0.217922	0.219522	0.220970	0.222277	0.223452	0.224498	0.225422	0.226227	0.226919	1.000000	0.655634	
3996	0.189818	0.190670	0.184708	0.185986	0.187826	0.192832	0.197485	0.201538	0.204999	0.207965	0.210540	0.212812	0.214841	0.216669	0.218324	0.219823	0.221178	0.222396	0.223485	0.224448	0.225292	0.226019	1.000000	0.609959	
3997	0.189605	0.193864	0.188328	0.193225	0.189626	0.192904	0.196952	0.200746	0.204094	0.207014	0.209578	0.211857	0.213901	0.215750	0.217428	0.218951	0.220331	0.221575	0.222689	0.223677	0.224546	0.225299	1.000000	0.691867	
3998	0.194716	0.197697	0.190244	0.191948	0.190400	0.192730	0.196327	0.199908	0.203159	0.206042	0.208599	0.210885	0.212947	0.214816	0.216518	0.218065	0.219471	0.220740	0.221880	0.222894	0.223788	0.224566	1.000000	0.595852	
3999	0.193225	0.194290	0.187689	0.189179	0.189993	0.192084	0.195433	0.198886	0.202084	0.204954	0.207520	0.209827	0.211913	0.213811	0.215541	0.217118	0.218553	0.219851	0.221019	0.222062	0.222983	0.223788	1.000000	0.579194	
4000	0.193012	0.193864	0.189392	0.191309	0.190432	0.191943	0.194918	0.198165	0.201255	0.204074	0.206620	0.208923	0.211017	0.212929	0.214676	0.216272	0.217727	0.219047	0.220237	0.221302	0.222246	0.223074	1.000000	0.659201	
4001	0.192799	0.197697	0.191522	0.195354	0.192073	0.192563	0.194972	0.197897	0.200801	0.203511	0.205994	0.208261	0.210336	0.212239	0.213986	0.215586	0.217049	0.218380	0.219582	0.220662	0.221621	0.222465	1.000000	0.528918	
4002	0.193438	0.196206	0.192160	0.195141	0.193096	0.193032	0.194994	0.197635	0.200366	0.202971	0.205391	0.207621	0.209676	0.211569	0.213313	0.214916	0.216385	0.217725	0.218939	0.220031	0.221005	0.221864	1.000000	0.599757	
4003	0.194716	0.196632	0.194290	0.196632	0.194274	0.193687	0.195198	0.197539	0.200079	0.202562	0.204904	0.207085	0.209109	0.210983	0.212717	0.214317	0.215787	0.217131	0.218352	0.219454	0.220438	0.221310	1.000000	0.557227	
4004	0.195567	0.198548	0.190031	0.191948	0.193499	0.193370	0.194792	0.197007	0.199453	0.201877	0.204184	0.206347	0.208363	0.210237	0.211975	0.213583	0.215064	0.216421	0.217657	0.218774	0.219776	0.220665	1.000000	0.610605	
4005	0.193438	0.195141	0.189179	0.191096	0.192698	0.192957	0.194330	0.196444	0.198810	0.201182	0.203457	0.205603	0.207612	0.209486	0.211229	0.212846	0.214338	0.215708	0.216958	0.218091	0.219109	0.220015	1.000000	0.674969	
4006	0.190244	0.191096	0.184282	0.185986	0.190460	0.191689	0.193287	0.195448	0.197824	0.200201	0.202487	0.204646	0.206672	0.208564	0.210328	0.211965	0.213479	0.214871	0.216143	0.217298	0.218338	0.219267	1.000000	0.695576	
4007	0.183856	0.187689	0.181940	0.187050	0.189324	0.190846	0.192507	0.194648	0.196995	0.199353	0.201629	0.203788	0.205818	0.207721	0.209497	0.211148	0.212678	0.214087	0.215378	0.216551	0.217611	0.218559	1.000000	0.585694	
4008	0.186411	0.197058	0.185347	0.194503	0.191050	0.191511	0.192757	0.194634	0.196803	0.199040	0.201233	0.203335	0.205326	0.207202	0.208961	0.210603	0.212127	0.213535	0.214828	0.216007	0.217073	0.218030	1.000000	0.508176	
4009	0.201103	0.208556	0.198335	0.207491	0.196530	0.194416	0.194599	0.195859	0.197625	0.199585	0.201581	0.203537	0.205421	0.207214	0.208909	0.210501	0.211987	0.213365	0.214635	0.215797	0.216851	0.217798	1.000000	0.626803	
4010	0.207917	0.209621	0.204510	0.206001	0.199687	0.196523	0.196024	0.196825	0.198270	0.199999	0.201826	0.203658	0.205446	0.207166	0.208805	0.210353	0.211805	0.213158	0.214408	0.215555	0.216598	0.217539	1.000000	0.609252	
4011	0.207917	0.210046	0.206853	0.209834	0.203069	0.198943	0.197750	0.198063	0.199159	0.200634	0.202271	0.203959	0.205637	0.207271	0.208841	0.210336	0.211746	0.213064	0.214288	0.215414	0.216441	0.217370	1.000000	0.696603	
4012	0.209408	0.209834	0.206001	0.206427	0.204188	0.200303	0.198835	0.198860	0.199718	0.201007	0.202502	0.204079	0.205671	0.207238	0.208755	0.210208	0.211584	0.212877	0.214081	0.215192	0.216208	0.217129	1.000000	0.676615	
4013	0.208769	0.209195	0.205149	0.207491	0.205289	0.201610	0.199917	0.199682	0.200316	0.201426	0.202779	0.204246	0.205750	0.207248	0.208710	0.210119	0.211460	0.212725	0.213907	0.215002	0.216005	0.216917	1.000000	0.637361	
4014	0.208769	0.214518	0.208130	0.213666	0.208082	0.203802	0.201635	0.201014	0.201343	0.202215	0.203384	0.204705	0.206094	0.207499	0.208887	0.210235	0.211527	0.212752	0.213901	0.214969	0.215951	0.216846	1.000000	0.547096	
4015	0.214944	0.216221	0.209408	0.210898	0.209021	0.205093	0.202793	0.201955	0.202078	0.202776	0.203802	0.205007	0.206303	0.207633	0.208959	0.210257	0.211508	0.212700	0.213822	0.214868	0.215833	0.216715	1.000000	0.633184	
4016	0.208769	0.209621	0.201742	0.202168	0.206736	0.204561	0.202715	0.201975	0.202085	0.202736	0.203711	0.204869	0.206123	0.207418	0.208716	0.209992	0.211225	0.212403	0.213515	0.214555	0.215516	0.216396	1.000000	0.684712	
4017	0.205149	0.207065	0.203872	0.206214	0.206562	0.204861	0.203152	0.202379	0.202403	0.202961	0.203850	0.204934	0.206127	0.207371	0.208627	0.209868	0.211073	0.212229	0.213323	0.214349	0.215299	0.216172	1.000000	0.522081	
4018	0.208982	0.214092	0.208982	0.213453	0.208859	0.206424	0.204440	0.203434	0.203253	0.203638	0.204383	0.205350	0.206446	0.207610	0.208799	0.209985	0.211145	0.212263	0.213327	0.214327	0.215256	0.216112	1.000000	0.658275	
4019	0.215157	0.216008	0.208343	0.210046	0.209255	0.207082	0.205141	0.204064	0.203775	0.204051	0.204698	0.205579	0.206602	0.207705	0.208844	0.209987	0.211112	0.212201	0.213240	0.214221	0.215135	0.215979	1.000000	0.639265	
4020	0.209834	0.212389	0.208769	0.208769	0.209093	0.207389	0.205594	0.204512	0.204159	0.204356	0.204924	0.205735	0.206697	0.207747	0.208841	0.209947	0.211041	0.212104	0.213123	0.214086	0.214987	0.215820	1.000000	0.701734	
4021	0.208343	0.211537	0.206853	0.211537	0.209908	0.208143	0.206337	0.205181	0.204727	0.204819	0.205292	0.206018	0.206907	0.207896	0.208938	0.209999	0.211056	0.212088	0.213081	0.214023	0.214907	0.215726	1.000000	0.582782	
4022	0.213453	0.215370	0.210259	0.214944	0.211586	0.209380	0.207413	0.206111	0.205513	0.205472	0.205828	0.206453	0.207256	0.208172	0.209152	0.210162	0.211174	0.212169	0.213130	0.214046	0.214908	0.215709	1.000000	0.654448	
4023	0.215157	0.215583	0.210472	0.211324	0.211499	0.209733	0.207902	0.206607	0.205960	0.205850	0.206133	0.206691	0.207433	0.208296	0.209230	0.210200	0.211178	0.212145	0.213082	0.213979	0.214824	0.215613	1.000000	0.733338	
4024	0.211537	0.221758	0.210472	0.219628	0.214209	0.211532	0.209368	0.207847	0.207011	0.206739	0.206883	0.207322	0.207964	0.208740	0.209601	0.210509	0.211434	0.212356	0.213255	0.214118	0.214936	0.215701	1.000000	0.698714	
4025	0.220906	0.222822	0.215370	0.215370	0.214596	0.212230	0.210118	0.208564	0.207654	0.207295	0.207354	0.207714	0.208286	0.209000	0.209807	0.210668	0.211554	0.212440	0.213310	0.214149	0.214946	0.215694	1.000000	0.611798	
4026	0.217499	0.218989	0.214305	0.217286	0.215492	0.213149	0.211014	0.209394	0.208395	0.207940	0.207906	0.208181	0.208677	0.209325	0.210074	0.210885	0.211727	0.212577	0.213415	0.214227	0.215001	0.215729	1.000000	0.659714	
4027	0.216221	0.221970	0.215796	0.220480	0.217155	0.214482	0.212197	0.210450	0.209325	0.208749	0.208605	0.208781	0.209190	0.209762	0.210446	0.211200	0.211993	0.212800	0.213601	0.214381	0.215128	0.215833	1.000000	0.646573	
4028	0.219415	0.223461	0.218564	0.219202	0.217837	0.215340	0.213073	0.211284	0.210085	0.209423	0.209193	0.209290	0.209625	0.210133	0.210758	0.211462	0.212211	0.212980	0.213748	0.214500	0.215223	0.215907	1.000000	0.748298	
4029	0.219628	0.221758	0.218138	0.219841	0.218505	0.216159	0.213919	0.212099	0.210835	0.210096	0.209785	0.209804	0.210070	0.210513	0.211083	0.211737	0.212442	0.213173	0.213909	0.214632	0.215330	0.215993	1.000000	0.622202	
4030	0.221545	0.222822	0.211963	0.212815	0.216608	0.215551	0.213781	0.212167	0.210987	0.210271	0.209953	0.209951	0.210189	0.210604	0.211145	0.211772	0.212454	0.213163	0.213880	0.214587	0.215272	0.215924	1.000000	0.644164	
4031	0.211750	0.213027	0.207491	0.207704	0.213640	0.214124	0.213021	0.211742	0.210735	0.210105	0.209828	0.209842	0.210081	0.210490	0.211022	0.211639	0.212310	0.213009	0.213717	0.214417	0.215096	0.215743	1.000000	0.654295	
4032	0.208343	0.213453	0.206853	0.210472	0.212584	0.213460	0.212703	0.211621	0.210715	0.210129	0.209864	0.209872	0.210098	0.210489	0.211002	0.211601	0.212254	0.212938	0.213632	0.214320	0.214988	0.215627	1.000000	0.701065	
4033	0.210472	0.213879	0.209834	0.211963	0.212377	0.213188	0.212610	0.211654	0.210811	0.210247	0.209981	0.209974	0.210179	0.210547	0.211037	0.211612	0.212245	0.212910	0.213588	0.214262	0.214918	0.215547	1.000000	0.610750	
4034	0.215157	0.216860	0.210898	0.211537	0.212097	0.212888	0.212476	0.211642	0.210866	0.210331	0.210067	0.210051	0.210238	0.210586	0.211054	0.211610	0.212224	0.212872	0.213534	0.214194	0.214839	0.215458	1.000000	0.634928	
4035	0.211324	0.214305	0.209195	0.209834	0.211343	0.212332	0.212146	0.211470	0.210787	0.210298	0.210054	0.210040	0.210220	0.210556	0.211011	0.211552	0.212151	0.212786	0.213437	0.214087	0.214723	0.215335	1.000000	0.602064	
4036	0.212176	0.221545	0.212176	0.221545	0.214743	0.214007	0.213321	0.212430	0.211615	0.211024	0.210693	0.210601	0.210713	0.210987	0.211387	0.211879	0.212436	0.213033	0.213650	0.214271	0.214881	0.215471	1.000000	0.663488	
4037	0.222396	0.222822	0.214731	0.216008	0.215165	0.214371	0.213657	0.212770	0.211953	0.211346	0.210988	0.210865	0.210943	0.211184	0.211552	0.212015	0.212544	0.213117	0.213712	0.214314	0.214908	0.215483	1.000000	0.677992	
4038	0.223674	0.227294	0.222396	0.225590	0.218640	0.216411	0.215148	0.213991	0.213002	0.212265	0.211799	0.211583	0.211580	0.211749	0.212053	0.212460	0.212940	0.213468	0.214025	0.214592	0.215156	0.215705	1.000000	0.647395	
4039	0.225377	0.228571	0.222609	0.224951	0.220744	0.217964	0.216374	0.215035	0.213921	0.213083	0.212530	0.212235	0.212161	0.212267	0.212514	0.212869	0.213304	0.213792	0.214312	0.214848	0.215384	0.215908	1.000000	0.630318	
4040	0.225377	0.227720	0.223248	0.225803	0.222430	0.219389	0.217552	0.216061	0.214835	0.213904	0.213267	0.212897	0.212754	0.212798	0.212989	0.213293	0.213682	0.214130	0.214615	0.215118	0.215626	0.216126	1.000000	0.653369	
4041	0.227294	0.228784	0.226016	0.227507	0.224122	0.220865	0.218797	0.217151	0.215810	0.214781	0.214058	0.213610	0.213396	0.213374	0.213507	0.213759	0.214101	0.214507	0.214954	0.215424	0.215903	0.216376	1.000000	0.597504	
4042	0.228571	0.230701	0.224951	0.227294	0.225179	0.222034	0.219859	0.218117	0.216693	0.215589	0.214794	0.214277	0.214000	0.213920	0.214000	0.214203	0.214501	0.214867	0.215279	0.215717	0.216167	0.216616	1.000000	0.648810	
4043	0.224951	0.226868	0.223248	0.226868	0.225742	0.222913	0.220735	0.218950	0.217476	0.216316	0.215464	0.214892	0.214559	0.214428	0.214459	0.214618	0.214876	0.215205	0.215584	0.215993	0.216416	0.216841	1.000000	0.652877	
4044	0.225590	0.227932	0.218138	0.218351	0.223278	0.222083	0.220437	0.218893	0.217543	0.216448	0.215625	0.215060	0.214724	0.214582	0.214598	0.214741	0.214981	0.215294	0.215656	0.216051	0.216461	0.216874	1.000000	0.705404	
4045	0.220054	0.225164	0.218777	0.222609	0.223055	0.222179	0.220708	0.219247	0.217933	0.216845	0.216013	0.215429	0.215067	0.214897	0.214884	0.214999	0.215212	0.215500	0.215839	0.216213	0.216604	0.217001	1.000000	0.670898	
4046	0.226868	0.234107	0.226229	0.230488	0.225533	0.223690	0.221931	0.220318	0.218898	0.217725	0.216817	0.216163	0.215738	0.215508	0.215441	0.215507	0.215675	0.215922	0.216225	0.216565	0.216927	0.217297	1.000000	0.588782	
4047	0.229210	0.233894	0.228784	0.233682	0.228249	0.225506	0.223400	0.221590	0.220036	0.218755	0.217754	0.217018	0.216518	0.216221	0.216093	0.216103	0.216221	0.216422	0.216684	0.216988	0.217317	0.217657	1.000000	0.658027	
4048	0.242199	0.243902	0.234959	0.238792	0.231763	0.227922	0.225324	0.223229	0.221478	0.220047	0.218923	0.218080	0.217486	0.217106	0.216904	0.216846	0.216905	0.217052	0.217266	0.217526	0.217816	0.218122	1.000000	0.743405	
4049	0.243902	0.251780	0.240921	0.251780	0.238436	0.232260	0.228631	0.225948	0.223809	0.222095	0.220748	0.219724	0.218977	0.218466	0.218149	0.217992	0.217962	0.218030	0.218174	0.218372	0.218606	0.218861	0.000000	0.599956	
4050	0.251780	0.251780	0.251780	0.251780	0.242884	0.235809	0.231524	0.228408	0.225961	0.224010	0.222472	0.221287	0.220403	0.219772	0.219350	0.219100	0.218986	0.218981	0.219059	0.219197	0.219378	0.219585	0.000000	0.761909	
4051	0.253484	0.254549	0.244754	0.245180	0.243649	0.237513	0.233231	0.230005	0.227439	0.225376	0.223734	0.222453	0.221481	0.220769	0.220273	0.219955	0.219780	0.219719	0.219746	0.219838	0.219978	0.220147	0.000000	0.657489	
4052	0.248799	0.252419	0.247309	0.251142	0.246147	0.239991	0.235470	0.232018	0.229263	0.227038	0.225256	0.223852	0.222770	0.221960	0.221375	0.220977	0.220730	0.220604	0.220572	0.220611	0.220702	0.220829	0.000000	0.686101	
4053	0.250929	0.254761	0.248374	0.248587	0.246960	0.241554	0.237110	0.233596	0.230749	0.228428	0.226552	0.225059	0.223893	0.223004	0.222347	0.221882	0.221575	0.221393	0.221309	0.221302	0.221351	0.221439	0.000000	0.611028	
4054	0.250077	0.253484	0.247309	0.251993	0.248638	0.243452	0.238970	0.235348	0.232383	0.229949	0.227966	0.226373	0.225115	0.224141	0.223406	0.222870	0.222496	0.222255	0.222117	0.222060	0.222063	0.222110	0.000000	0.627641	
4055	0.251993	0.256891	0.251780	0.252206	0.249827	0.245043	0.240625	0.236954	0.233908	0.231385	0.229312	0.227633	0.226292	0.225241	0.224434	0.223832	0.223397	0.223098	0.222909	0.222804	0.222764	0.222772	0.000000	0.673015	
4056	0.252845	0.254974	0.251142	0.252206	0.250620	0.246346	0.242072	0.238406	0.235316	0.232728	0.230584	0.228832	0.227419	0.226299	0.225426	0.224762	0.224270	0.223918	0.223680	0.223530	0.223449	0.223418	0.000000	0.551252	
4057	0.251780	0.255400	0.250929	0.252206	0.251149	0.247411	0.243339	0.239721	0.236615	0.233985	0.231786	0.229972	0.228497	0.227315	0.226383	0.225662	0.225116	0.224715	0.224430	0.224238	0.224118	0.224051	0.000000	0.678790	
4058	0.253484	0.254974	0.249651	0.254336	0.252211	0.248670	0.244714	0.241113	0.237978	0.235298	0.233038	0.231160	0.229620	0.228374	0.227381	0.226602	0.226002	0.225549	0.225217	0.224981	0.224821	0.224717	0.000000	0.652147	
4059	0.256678	0.270092	0.252845	0.269879	0.258101	0.252526	0.247859	0.243852	0.240432	0.237529	0.235085	0.233049	0.231371	0.230002	0.228899	0.228021	0.227331	0.226798	0.226393	0.226090	0.225868	0.225709	0.000000	0.695447	
4060	0.269453	0.271796	0.263704	0.265621	0.260607	0.254907	0.250080	0.245926	0.242370	0.239341	0.236781	0.234638	0.232860	0.231399	0.230210	0.229254	0.228492	0.227892	0.227425	0.227066	0.226793	0.226587	0.000000	0.659116	
4061	0.264130	0.268389	0.260510	0.266047	0.262420	0.256933	0.252075	0.247842	0.244191	0.241064	0.238407	0.236170	0.234303	0.232758	0.231490	0.230460	0.229630	0.228967	0.228441	0.228029	0.227706	0.227454	0.000000	0.725686	
4062	0.268176	0.271796	0.266260	0.269241	0.264694	0.259170	0.254221	0.249880	0.246118	0.242882	0.240120	0.237783	0.235822	0.234188	0.232838	0.231731	0.230830	0.230101	0.229515	0.229046	0.228672	0.228372	0.000000	0.637415	
4063	0.269666	0.270518	0.263279	0.263279	0.264222	0.259917	0.255353	0.251156	0.247438	0.244198	0.241407	0.239027	0.237015	0.235329	0.233926	0.232766	0.231813	0.231036	0.230404	0.229891	0.229477	0.229139	0.000000	0.670561	
4064	0.266260	0.266685	0.253697	0.257955	0.262133	0.259561	0.255679	0.251803	0.248247	0.245085	0.242326	0.239950	0.237926	0.236216	0.234784	0.233592	0.232605	0.231794	0.231129	0.230584	0.230139	0.229773	0.000000	0.667906	
4065	0.259233	0.262001	0.256039	0.258594	0.260953	0.259385	0.256043	0.252450	0.249043	0.245957	0.243230	0.240860	0.238825	0.237094	0.235634	0.234411	0.233393	0.232549	0.231851	0.231276	0.230801	0.230406	0.000000	0.568426	
4066	0.262001	0.262427	0.257742	0.257742	0.259883	0.259086	0.256255	0.252954	0.249712	0.246717	0.244036	0.241683	0.239647	0.237904	0.236424	0.235176	0.234131	0.233259	0.232533	0.231929	0.231427	0.231007	0.000000	0.656637	
4067	0.255400	0.259872	0.252632	0.259872	0.259879	0.259229	0.256707	0.253613	0.250494	0.247566	0.244916	0.242571	0.240526	0.238765	0.237261	0.235986	0.234911	0.234008	0.233252	0.232619	0.232089	0.231641	0.000000	0.622096	